example_id,tweet_id,customer_text,gold_intent,gold_route,intent,intent_confidence,action,escalation_reason,draft_reply,evidence_tweet_id,evidence_customer_text,evidence_historical_reply,evidence_similarity
G001,1144248,"Dear @AppleSupport you removed some paid apps from the app store, please refund me.",billing_subscription,escalate,billing_subscription,0.79,escalate,account_or_transaction_action,@customer We are always happy to assist you here. Let us know what issues you are seeing on your device there.,2967844,@AppleSupport I paid good money for this phone,@818713 We are always happy to assist you here. Let us know what issues you are seeing on your device there.,0.2679
G002,657204,@AppleSupport why is my order still “Preparing for Shipment” and I’m supposed to get it today??,order_delivery,escalate,order_delivery,0.79,escalate,account_or_transaction_action,@customer We'd like to get you in touch with our Sales team to look into options. Reach them here: https://t.co/8yjRd1Xo0i,862711,@AppleSupport Was refused collection in one of your stores today because I'm not the card-owner. How am I supposed to order for my employer?,@324850 We'd like to get you in touch with our Sales team to look into options. Reach them here: https://t.co/8yjRd1Xo0i,0.3704
G003,2425895,@AppleSupport Through the speaker and yes I have a case but the speakers are not covered by the case,device_technical_issue,escalate,other,0.9728,escalate,ambiguous_or_out_of_scope,@customer We'd be happy to assist with the issue of your peeling case. Which case is it? Was it purchased with your iPhone and at an Apple Store or via https://t.co/4Pp0Uiioqh? Let us know in DM.,2429273,@AppleSupport what’s up with my Apple case peeling?,@697436 We'd be happy to assist with the issue of your peeling case. Which case is it? Was it purchased with your iPhone and at an Apple Store or via https://t.co/4Pp0Uiioqh? Let us know in DM.,0.3391
G004,1797270,"@AppleSupport @115948 Can you explain what this means? I’m Music subscriber, &amp;b I’d love to hear this album https://t.co/DmHOmYXTQo",billing_subscription,escalate,billing_subscription,0.67,escalate,account_or_transaction_action,@customer We’re investigating and will update our System Status page as more info becomes available: https://t.co/7NVrDovSd8,1261352,"@AppleSupport hi, I’m a subscriber on Apple Music but it says I’m not a member and I’ve tried to reactivate it for 4 times now but wont work",@415487 We’re investigating and will update our System Status page as more info becomes available: https://t.co/7NVrDovSd8,0.2377
G005,2355835,@115858 @AppleSupport @115948 @115858 I have subscribed for Apple Music and still it doesn’t work! This should not happen if I’m not wrong! https://t.co/EOJDkgWlU3,device_technical_issue,escalate,billing_subscription,0.67,escalate,account_or_transaction_action,@customer We'd love to help you enjoy your music! When you go to Settings &gt; Music is iCloud Music Library turned on?,1475436,@AppleSupport I can’t play my Apple Music offline. I subscribed for 3 months yesterday. I’ve enabled iCloud music and the songs are downloaded yet they still don’t play. Can you help?,@462522 We'd love to help you enjoy your music! When you go to Settings &gt; Music is iCloud Music Library turned on?,0.25
G006,2292389,@AppleSupport Messages from other people,other,escalate,device_technical_issue,0.5616,escalate,low_intent_confidence,"@customer OK. Rest assured, your iPhone is functioning normally. If you see messages that look similar to the screenshot you sent over, the issue is not with your device.",2859985,@AppleSupport No. I just frequently see this error when I’m reading other people’s tweets.,"@794742 OK. Rest assured, your iPhone is functioning normally. If you see messages that look similar to the screenshot you sent over, the issue is not with your device.",0.3383
G007,2897699,"What a disappointment, 3 hours after unboxing Face ID stops working #iPhoneX @AppleSupport https://t.co/mwyzRlSQpo",device_technical_issue,auto_handle,repair_service,0.67,escalate,repair_case_specific,@customer We certainly want you to be able to rely on your battery. Please send us a DM with which version of iOS you're updated to. https://t.co/GDrqU22YpT,1990486,A total disappointment the new actualization IOS 11 and all the patches!! The battery doesn’t work like before @AppleSupport @115858,@589076 We certainly want you to be able to rely on your battery. Please send us a DM with which version of iOS you're updated to. https://t.co/GDrqU22YpT,0.2067
G008,2069629,@AppleSupport whenever I swich on my phone all text msg coming again every time. This happened since I updated to @12576,device_technical_issue,auto_handle,device_technical_issue,0.9809,auto_handle,safe_general_guidance,@customer This is not the experience we want you to have. Which iPhone model do you own?,1180113,@115858 @AppleSupport every since i updated my phone it’s been freezing and getting black screens 🤦🏽‍♂️,@397534 This is not the experience we want you to have. Which iPhone model do you own?,0.2544
G009,2575320,Why is it that @115858 @AppleSupport can’t make my ringtones (that I paid for) work after three iOS updates? #heldhostagebyapple,device_technical_issue,escalate,billing_subscription,0.67,escalate,account_or_transaction_action,@customer We are always happy to assist you here. Let us know what issues you are seeing on your device there.,2967844,@AppleSupport I paid good money for this phone,@818713 We are always happy to assist you here. Let us know what issues you are seeing on your device there.,0.2687
G010,1366340,"@AppleSupport lost all my contacts, photos and it won't let me sign into iCloud 😫",account_access_security,escalate,account_access_security,0.67,escalate,account_or_transaction_action,@customer We'd be happy to help out with this. Send us a DM. https://t.co/GDrqU22YpT,2371146,When you suddenly can't sign into your #iCloud account &amp; @AppleSupport wants you to report the problem...by signing into your iCloud account.,@684193 We'd be happy to help out with this. Send us a DM. https://t.co/GDrqU22YpT,0.2487
G011,1267696,"@AppleSupport and most appointment are 3-5 days out with the ""Genius Bar"". Doesn't sound genius to me.",repair_service,escalate,repair_service,0.79,escalate,repair_case_specific,"@customer We'll gladly help with this. Send us over a DM with the country where you're located, and we'll take a look. https://t.co/GDrqU22YpT",2863581,Hey @AppleSupport. Why can’t I schedule an appointment at an Apple Store Genius Bar like I was told to by one of your employees? Trying to schedule online and am just getting the run around.,"@795417 We'll gladly help with this. Send us over a DM with the country where you're located, and we'll take a look. https://t.co/GDrqU22YpT",0.3326
G012,1367589,@AppleSupport my storage on my phone is messed up. It's deleted all of my messages and photos so I have nothing on my phone and still full!,device_technical_issue,auto_handle,device_technical_issue,0.6124,escalate,low_intent_confidence,"@customer We'd love to help. DM us what issues you're seeing, and if you've updated to 11.1 and we'll team up to get them resolved. https://t.co/GDrqU22YpT",2008817,@AppleSupport I’m disgusted. The 11.0 updates were nothing but viruses! My iPhone 6plus is all messed up. Please help!,"@594013 We'd love to help. DM us what issues you're seeing, and if you've updated to 11.1 and we'll team up to get them resolved. https://t.co/GDrqU22YpT",0.2915
G013,2341770,@677369 @AppleSupport Mine have been out of order forever too never got it back to normal if you figure it out lmk!,other,escalate,order_delivery,0.67,escalate,account_or_transaction_action,@customer We certainly want to help. Go ahead and DM us and we'll be glad to continue there. https://t.co/GDrqU22YpT,1551358,@AppleSupport we have been trying to resolve an issue with a iPhone order and have spoken to 5 people who all promise a call back and don’t.,@480065 We certainly want to help. Go ahead and DM us and we'll be glad to continue there. https://t.co/GDrqU22YpT,0.1641
G014,897711,@AppleSupport can customers new to iPhone Upgrade Program get pre-approved prior to X preorders? Or is that just being offered to current?,order_delivery,escalate,order_delivery,0.79,escalate,account_or_transaction_action,@customer We appreciate your interest and encourage you to stay up to date on Apple news here: https://t.co/gbIPLOsnZd,294373,@AppleSupport I'm planning on getting the iPhone X but with the upgrade program that you have will I still have to pre order the phone,@136075 We appreciate your interest and encourage you to stay up to date on Apple news here: https://t.co/gbIPLOsnZd,0.3072
G015,2572057,@AppleSupport Just got my 8 and can't even log in with my apple i.d because it's asking for a verification code that it sent to my old number. that I don't have. Fucking sick!! Thanks apple!!,account_access_security,escalate,account_access_security,0.79,escalate,account_or_transaction_action,"@customer Let's look into this together. Please DM us and let us know all about the message you're seeing, and where you're signing in. https://t.co/GDrqU22YpT",1895711,"@AppleSupport After Ios 11 i cant get onto my Apple id even though I have the right password, it's asking for a phone number i don't have","@565033 Let's look into this together. Please DM us and let us know all about the message you're seeing, and where you're signing in. https://t.co/GDrqU22YpT",0.3416
G016,817684,@AppleSupport nothing happens .. i log in to my account and nothing happens.. like it doesnt download,account_access_security,escalate,account_access_security,0.67,escalate,account_or_transaction_action,@customer We'd like to gather some more information for better troubleshooting. Can you DM us the country you are located in? https://t.co/GDrqU22YpT,1779265,"Hi, can’t log in to my @115858 account from my phone... @AppleSupport ...",@534588 We'd like to gather some more information for better troubleshooting. Can you DM us the country you are located in? https://t.co/GDrqU22YpT,0.3778
G017,765459,.@115948 @AppleSupport I still don’t have my New Music playlist and its been 2 weeks since the update…..,device_technical_issue,auto_handle,device_technical_issue,0.9997,auto_handle,safe_general_guidance,@customer Here’s what you can do to work around the issue until it’s fixed in a future software update: https://t.co/xXaXeeSRt9,1709925,@AppleSupport Since the new update,@518066 Here’s what you can do to work around the issue until it’s fixed in a future software update: https://t.co/xXaXeeSRt9,0.4103
G018,1028425,@AppleSupport Or it says could not sign in,account_access_security,escalate,account_access_security,0.67,escalate,account_or_transaction_action,"@customer If you restart the device, does the behavior continue? DM us the results. https://t.co/GDrqU22YpT",2502115,"@AppleSupport Yea it only happens in the iTunes app, and I’m able to sign in with 0 problems","@713693 If you restart the device, does the behavior continue? DM us the results. https://t.co/GDrqU22YpT",0.2464
G019,2571355,@AppleSupport Are you going to honor an earlier delivery date for buyers who were affected by the Citizen One issue? https://t.co/IIJaju75QO,order_delivery,escalate,order_delivery,0.79,escalate,account_or_transaction_action,"@customer We'd be happy to take a look! To begin, can you DM us where you purchased your iPhone X? For example, through our Apple Online Store, your carrier, or a third party provider? https://t.co/GDrqU22YpT",2783318,@AppleSupport my iPhone X was supposed to have a delivery date of Nov 16th; that changed to the 20th. Said out for delivery yesterday but never came. Then it said delayed by one business day and when I called UPS they said it’s not on the truck yet. What’s going on?,"@701367 We'd be happy to take a look! To begin, can you DM us where you purchased your iPhone X? For example, through our Apple Online Store, your carrier, or a third party provider? https://t.co/GDrqU22YpT",0.2632
G020,2002696,@AppleSupport what is this?! My friends and I are getting this and it turns I️’s in A with a ? or box beside it. @115858 https://t.co/RFAZ7cKedL,device_technical_issue,auto_handle,how_to,0.67,auto_handle,safe_general_guidance,@customer We can work together to see what's going on. Can you tell us the iPhone model and current iOS version? Does this occur after a restart. Meet us in DM with those details. https://t.co/GDrqU22YpT,2894729,@AppleSupport I have a contact picture for all my friends but when they call me it doesn’t show up full screen 🤦🏾‍♀️,@802217 We can work together to see what's going on. Can you tell us the iPhone model and current iOS version? Does this occur after a restart. Meet us in DM with those details. https://t.co/GDrqU22YpT,0.2018
G021,1762791,"@AppleSupport I noticed my phone battery is draining rapidly from 3 days just after replacement of my phone screen, i want to mention that phone screen replaced by 3rd party shop, bcz phone is out of warranty, so kindly suggest.",repair_service,escalate,repair_service,0.67,escalate,repair_case_specific,"We can help with service options. Please contact Apple Support privately with the product and issue, without sharing serial numbers publicly.",2841968,@AppleSupport how long are headphones you get with an iPhone covered by the Apple warranty?,@575023 Great question! The one-year limited hardware warranty applies to the earbuds that came with your iPhone as well. You can check the warranty status of your iPhone here: https://t.co/SyUHdUSsjJ,0.1131
G022,1040176,"@AppleSupport @366092 pre-ordered new TSwift, didn’t receive code. 📞 for help and has now lost songs in @115948. Who can help?",order_delivery,escalate,order_delivery,0.79,escalate,account_or_transaction_action,"@customer We're here to help! Did you order these as a replacement, or did you order a new pair from the Apple Online Store?",2955457,@AppleSupport I ordered a new pair of earphones a good week ago and still haven’t received them? Please help,"@815845 We're here to help! Did you order these as a replacement, or did you order a new pair from the Apple Online Store?",0.2256
G023,1738754,@AppleSupport Can’t connect phone to Bluetooth speaker when could previously &amp; can no longer connect to handsfree device in car,device_technical_issue,auto_handle,device_technical_issue,0.6446,auto_handle,safe_general_guidance,"@customer We certainly want you to enjoy your iPhone on the go. Let's take a look into this issue and work towards a resolution. To get us started, may we have a description of the issue? https://t.co/GDrqU22YpT",2913317,@AppleSupport hi so i updated my phone yesterday and now can no longer connect it to my car via usb???,"@806479 We certainly want you to enjoy your iPhone on the go. Let's take a look into this issue and work towards a resolution. To get us started, may we have a description of the issue? https://t.co/GDrqU22YpT",0.4936
G024,2978722,I can’t select a song on Apple Music anymore help me @AppleSupport,device_technical_issue,auto_handle,how_to,0.67,auto_handle,safe_general_guidance,"@customer We're happy to help in any way possible, can you tell us a bit more about what's happening?",2850855,@AppleSupport @115948 help me please,"@792694 We're happy to help in any way possible, can you tell us a bit more about what's happening?",0.2729
G025,373348,@AppleSupport I think I figured it out. It was showing all data as other. A hard reboot fixed it. Had to look up how to do that on the iPhone 8 plus,device_technical_issue,auto_handle,device_technical_issue,0.9995,auto_handle,safe_general_guidance,@customer Awesome! Have an amazing day! Reach out if you have any questions.,2298063,@AppleSupport I’ve updated my iOS. I think the problem is fixed 🤩,@667098 Awesome! Have an amazing day! Reach out if you have any questions.,0.2383
G026,2702183,@AppleSupport It says I need to bring employment details but I don’t no what to bring could you help me via dm please,other,escalate,how_to,0.67,auto_handle,safe_general_guidance,"@customer We're happy to help in any way possible, can you tell us a bit more about what's happening?",2850855,@AppleSupport @115948 help me please,"@792694 We're happy to help in any way possible, can you tell us a bit more about what's happening?",0.1652
G027,1991161,@AppleSupport BITCH I️ CANT TYPE THE LETTER “II” what’s going on,device_technical_issue,auto_handle,other,0.997,escalate,ambiguous_or_out_of_scope,@customer Here’s what you can do to work around the issue until it’s fixed in a future software update: https://t.co/qODbOsp4wz,1643260,@AppleSupport what’s going on with the “I’s” https://t.co/YIhRADmZSs,@198366 Here’s what you can do to work around the issue until it’s fixed in a future software update: https://t.co/qODbOsp4wz,0.3687
G028,2593005,@AppleSupport Thank you so much 😭,feedback_complaint,auto_handle,feedback_complaint,0.67,escalate,high_emotion_or_feedback,"@customer You're most welcome! Please let us know if you need any more help, and we'll be here for you. https://t.co/GDrqU22YpT",2858292,@AppleSupport thank you so much :-),"@794339 You're most welcome! Please let us know if you need any more help, and we'll be here for you. https://t.co/GDrqU22YpT",1.0
G029,2057388,So @AppleSupport my phone is not holding charge no more.,device_technical_issue,auto_handle,billing_subscription,0.67,escalate,account_or_transaction_action,@customer We'd like to take a look at this with you. May we ask which iPhone you have and the iOS version you're using?,2624899,@AppleSupport my device doesn’t seem to be holding charge like it used to. Don’t suppose you could run a diagnostic on it?,@741478 We'd like to take a look at this with you. May we ask which iPhone you have and the iOS version you're using?,0.3048
G030,2782597,"@AppleSupport PFA, even when I updated I gt a error warning stating,unable to update the touch ID.U must fix this.This is really a smart trick so that I wl purchase urs new dum Iphone7,I m a happy customer of 5s&amp;iphoneX. https://t.co/IuofZa4HSo",device_technical_issue,auto_handle,billing_subscription,0.67,escalate,account_or_transaction_action,"@customer We'd recommend checking out your existing subscriptions first to ensure it registered, see: https://t.co/YKDbvueXrq",1267694,@115858 @AppleSupport how and I why must I pay choose and purchase a plan when I already did about an hour ago? Please. https://t.co/X3LsFwMx71,"@416821 We'd recommend checking out your existing subscriptions first to ensure it registered, see: https://t.co/YKDbvueXrq",0.1987
G031,2286723,"@AppleSupport New Version, Iphone 6 plus, CPO from a warranty exchange",other,escalate,repair_service,0.67,escalate,repair_case_specific,@customer Great question! The one-year limited hardware warranty applies to the earbuds that came with your iPhone as well. You can check the warranty status of your iPhone here: https://t.co/SyUHdUSsjJ,2841968,@AppleSupport how long are headphones you get with an iPhone covered by the Apple warranty?,@575023 Great question! The one-year limited hardware warranty applies to the earbuds that came with your iPhone as well. You can check the warranty status of your iPhone here: https://t.co/SyUHdUSsjJ,0.2896
G032,1478369,@AppleSupport how can i take the iOS 11.1 OFF of my phone ? Every time I️ type something it pops up as A? &amp; it’s annoying I️ want it off,how_to,auto_handle,how_to,0.67,auto_handle,safe_general_guidance,@customer Thanks for reaching out. We have a workaround for this here: https://t.co/xXaXeeSRt9 DM us if you still need help. https://t.co/GDrqU22YpT,1586293,@AppleSupport Can we start with what is going on here with that A ? That pops up? https://t.co/mjyQTry7Vd,@488024 Thanks for reaching out. We have a workaround for this here: https://t.co/xXaXeeSRt9 DM us if you still need help. https://t.co/GDrqU22YpT,0.2682
G033,1336315,@AppleSupport Does ‘Your iPhone is reserved’ due to carrier systems mean that I have a phone reserved for store pickup or just for shipping?,order_delivery,escalate,order_delivery,0.67,escalate,account_or_transaction_action,@customer Our Sales team would best be able to assist you with that. You can contact them here: https://t.co/8yjRd1Xo0i,1357293,@AppleSupport how long does it take to receive email to pre-order phone after you've had it reserved. Did it online on the apple store?,@163613 Our Sales team would best be able to assist you with that. You can contact them here: https://t.co/8yjRd1Xo0i,0.3245
G034,2849158,@AppleSupport Makes me feel like AppleCare is not worth it,feedback_complaint,escalate,repair_service,0.67,escalate,repair_case_specific,"@customer We'd love to look into this with you. DM us which version of the operating system your iPhone is running and the country you're in (as support options vary by location), and we'll get started. https://t.co/GDrqU2kzhr",148181,"@AppleSupport my iPhone 6s seems to be losing battery VERY quickly. (Gone from 30% to 9% in about 20 mins) is it worth taking to a Genius Bar, can they check battery function?","@149706 We'd love to look into this with you. DM us which version of the operating system your iPhone is running and the country you're in (as support options vary by location), and we'll get started. https://t.co/GDrqU2kzhr",0.1463
G035,2072015,Hey @AppleSupport I logged a 3.1 mile walk on my Apple watch on 11/23 and I didn’t get my special badge. What gives?,device_technical_issue,auto_handle,device_technical_issue,0.67,auto_handle,safe_general_guidance,@customer Hello there! We'd be glad to provide some information on using apps with your Apple Watch. Check out the following article and let us know if you have any questions: https://t.co/WvmHrJTkFm,2350815,Hey @AppleSupport can I get @115888 on my Apple Watch series 3?,@679456 Hello there! We'd be glad to provide some information on using apps with your Apple Watch. Check out the following article and let us know if you have any questions: https://t.co/WvmHrJTkFm,0.2066
G036,1906582,"Hey @AppleSupport, If I'm listening to a podcast on the app, why does a song show on my lock screen? I want see what I'm listening to!",device_technical_issue,auto_handle,how_to,0.67,auto_handle,safe_general_guidance,@customer Is the app getting closed completely between uses? When it stays open in the background it should resume from where you left off.,568400,@AppleSupport can you make iOS Music app remember what i was listening to and resume? I’m not sure why it doesn’t do this…,@253364 Is the app getting closed completely between uses? When it stays open in the background it should resume from where you left off.,0.3145
G037,2627823,@116333 @115858 @AppleSupport 11 weeks to replace a phone that was damaged by the courier in transit 11 WEEKS and still getting the run around never ever ever hats such bad customer service and no reply from the top team #disgusted #LostACustomer,repair_service,escalate,repair_service,0.79,escalate,repair_case_specific,"We can help with service options. Please contact Apple Support privately with the product and issue, without sharing serial numbers publicly.",1989053,Hi @AppleSupport. Bought an #iphone8 from @127894 less than 3 weeks ago and screen has already cracked without any unusual use :-(,@588702 Let's take a look at the situation. Please meet us in DM and we'll get you pointed in the right direction. https://t.co/GDrqU22YpT,0.1249
G038,663871,@278212 @AppleSupport 🆘 same,other,escalate,device_technical_issue,0.6874,auto_handle,safe_general_guidance,@customer Thanks for trying the Control Center. Send us a DM next and we'll look into this Wi-Fi issue a bit more. https://t.co/GDrqU22YpT,761921,@AppleSupport same problem https://t.co/HJTyry76ZU,@302038 Thanks for trying the Control Center. Send us a DM next and we'll look into this Wi-Fi issue a bit more. https://t.co/GDrqU22YpT,0.7244
G039,2435366,09/09/17 de servise verdigim ve 5s kalmadigi icin 5se verecegiz deyip oyaladiginiz telefon ne zaman gelecek sayin @AppleSupport yetkileri,repair_service,escalate,repair_service,0.2788,escalate,low_intent_confidence,"We can help with service options. Please contact Apple Support privately with the product and issue, without sharing serial numbers publicly.",2255319,"@AppleSupport hi 🍎 I’ve been having trouble with a black screen self camera, while the front facing camera is normal. I can’t even FaceTime. I have an iPhone seven and it just started acting this way. My phone isn’t cracked or anything. Any suggestions or help?","@656901 Let's work together to get your camera to see you again! First, make sure there's nothing blocking the camera, if you have a case or protector, try removing it. If there's no change, let's force both the Camera and FaceTime apps to close: https://t.co/RqqIctrDWV",0.0251
G040,2447565,"@AppleSupport Okay, I really don’t know how this happened. I did not try something else, but the tracks are magically in order now. 😄 I have nothing to do with this &amp; don’t know how this happened, but I ain’t complaining. 🤷🏻‍♂️😊 https://t.co/DUazRhboB9",other,escalate,order_delivery,0.67,escalate,account_or_transaction_action,@customer We certainly want to help. Go ahead and DM us and we'll be glad to continue there. https://t.co/GDrqU22YpT,1551358,@AppleSupport we have been trying to resolve an issue with a iPhone order and have spoken to 5 people who all promise a call back and don’t.,@480065 We certainly want to help. Go ahead and DM us and we'll be glad to continue there. https://t.co/GDrqU22YpT,0.1616
G041,2942125,.@applesupport um hi my camera on my iPhone X has this purple line and it won’t go away https://t.co/ym4aukW0Cf,device_technical_issue,auto_handle,device_technical_issue,0.9816,auto_handle,safe_general_guidance,@customer Have you tried restarting your device and checking again? Here’s how: https://t.co/OWRDHWSt4h,2888453,@AppleSupport iPhone 7 and on the other line was an iPhone 7,@800906 Have you tried restarting your device and checking again? Here’s how: https://t.co/OWRDHWSt4h,0.3876
G042,2783314,"@AppleSupport Hello, @UPSHelp is telling me there’s an iPhone holdup even though they have possession of the package. Can you verify this holdup and explain the delay for your shipping partner?",order_delivery,escalate,order_delivery,0.67,escalate,account_or_transaction_action,We can look into the order through a private support channel. Please do not post your order number publicly.,294373,@AppleSupport I'm planning on getting the iPhone X but with the upgrade program that you have will I still have to pre order the phone,@136075 We appreciate your interest and encourage you to stay up to date on Apple news here: https://t.co/gbIPLOsnZd,0.0767
G043,2652625,@AppleSupport can I make a repair reservation for my MacBook online?,repair_service,escalate,repair_service,0.67,escalate,repair_case_specific,"@customer We'd like to learn more about the trouble you're having with your MacBook Pro and explore our options to assist. Meet us in DM, we'll continue from there. https://t.co/GDrqU22YpT",2772627,"@AppleSupport @116333 my new Macbook Pro died and the promised 3-5 day repair time is now well into 10 days, with the store being clueless. Cooool.","@266323 We'd like to learn more about the trouble you're having with your MacBook Pro and explore our options to assist. Meet us in DM, we'll continue from there. https://t.co/GDrqU22YpT",0.2423
G044,1405466,@AppleSupport Unless it is American English or British English Siri won’t translate which is stupid 😒,device_technical_issue,auto_handle,device_technical_issue,0.6775,auto_handle,safe_general_guidance,"@customer Let us know if this is an intermittent issue with Siri, and if you've restarted yet? DM us to continue from here. https://t.co/GDrqU22YpT",1413505,"@AppleSupport Yep know that, Siri translation doesn’t support Australian English &amp; I’m not changing phone to American English if that’s what you mean?","@448489 Let us know if this is an intermittent issue with Siri, and if you've restarted yet? DM us to continue from here. https://t.co/GDrqU22YpT",0.5641
G045,2897703,@AppleSupport Amazing i love the response many thanks for your reply really appreciate your support,feedback_complaint,auto_handle,feedback_complaint,0.8612,escalate,high_emotion_or_feedback,"@customer It’s always a pleasure working with you. We’re glad the issue is resolved, and if you need any more help, feel free to reach back out to us.",2369416,@AppleSupport Thanks for the support though 👌🏻,"@683804 It’s always a pleasure working with you. We’re glad the issue is resolved, and if you need any more help, feel free to reach back out to us.",0.3044
G046,2677923,@AppleSupport i want to set up an appointment at the Philadelphia genius bar. how can i do that?,repair_service,escalate,repair_service,0.79,escalate,repair_case_specific,@customer We'd be happy to document your commendation regarding your in-store experience. Send us a DM with details and we'll go from there. https://t.co/GDrqU22YpT,2619955,@AppleSupport want to send a commendation to the employee who helped me at the genius bar yesterday. How do I do that?,@740338 We'd be happy to document your commendation regarding your in-store experience. Send us a DM with details and we'll go from there. https://t.co/GDrqU22YpT,0.4353
G047,148138,Anyone else finding @AppleSupport over promises then fails to deliver? I've lost total confidence in the brand after macbookpro just stops working one day,repair_service,escalate,order_delivery,0.67,escalate,account_or_transaction_action,We can look into the order through a private support channel. Please do not post your order number publicly.,2910480,"@AppleSupport my iphone 7 got warped, it is not dropped down or anything else. Now i am not sure Apple Turkey change it in order to 2 year warranty conditions. This is my 6th iphone (i used all of the series) and i've not seen any quality after iphone 4. https://t.co/OeSfH5DTTN",@805728 We'd be happy to look into this with you more in detail. Please reach out to us via DM and we'll get started. https://t.co/GDrqU22YpT,0.0946
G048,1589326,How do I️ fix this I️ auto correct glitch @AppleSupport,device_technical_issue,auto_handle,how_to,0.67,auto_handle,safe_general_guidance,@customer Thanks for reaching out and for providing us with the screenshot. Let's discuss this further in DM. https://t.co/GDrqU22YpT,1249738,@AppleSupport how do i fix this https://t.co/tp7fcx29Oz,@413220 Thanks for reaching out and for providing us with the screenshot. Let's discuss this further in DM. https://t.co/GDrqU22YpT,0.5324
G049,1964008,@AppleSupport I changed my email password . Is there anything else I can do ?,account_access_security,escalate,account_access_security,0.67,escalate,account_or_transaction_action,"@customer Thank you for reaching out, we're here to help. Can you tell us which device and which password you're trying to reset? If you're talking about Apple ID password check this out: https://t.co/fJnZYmbI9N",2472864,@AppleSupport I need to change my password how do I do that?,"@707118 Thank you for reaching out, we're here to help. Can you tell us which device and which password you're trying to reset? If you're talking about Apple ID password check this out: https://t.co/fJnZYmbI9N",0.3517
G050,2490741,"@AppleSupport please explain to me the point of pre ordering a phone when just about 2 weeks after release, I still don’t have it?",order_delivery,escalate,order_delivery,0.67,escalate,account_or_transaction_action,@customer We appreciate your interest and encourage you to stay up to date on Apple news here: https://t.co/gbIPLOsnZd,294373,@AppleSupport I'm planning on getting the iPhone X but with the upgrade program that you have will I still have to pre order the phone,@136075 We appreciate your interest and encourage you to stay up to date on Apple news here: https://t.co/gbIPLOsnZd,0.2716
G051,2626004,Hey .@115858 .@applesupport - how about making things that just work. iOS 11 needs help. Can’t remember my home wifi password? Frozen email?,device_technical_issue,escalate,account_access_security,0.67,escalate,account_or_transaction_action,@customer We have an article for just that. Check it out here: https://t.co/F1QfwW1u1N,2308504,"@AppleSupport Please help, I can't remember the password for my iphone! I alreadt tried everything ):",@669611 We have an article for just that. Check it out here: https://t.co/F1QfwW1u1N,0.3082
G052,1035580,"@AppleSupport I'm still having keychain issues after the recent update. Endless password requests, all passwords on all accounts have",account_access_security,escalate,account_access_security,0.67,escalate,account_or_transaction_action,@customer We'd be happy to look into this with you. Please DM us so we can gather further details. https://t.co/GDrqU22YpT,1641346,"@AppleSupport having problems downloading apps from App Store, what should I do? Username and password is all set it just won’t load 🤔",@501782 We'd be happy to look into this with you. Please DM us so we can gather further details. https://t.co/GDrqU22YpT,0.2027
G053,2434631,@AppleSupport is there a problem with your website will not accept a valid payment card on a subscription,billing_subscription,escalate,billing_subscription,0.79,escalate,account_or_transaction_action,@customer We have a helpful article that may explain what you are seeing: https://t.co/rnB74M0zio,1973399,@AppleSupport why is apple now requiring you to add a payment method for apps what if you didn’t have a payment method,@584436 We have a helpful article that may explain what you are seeing: https://t.co/rnB74M0zio,0.2165
G054,2205936,"Annnnd just like that, it's stopped working *again*. Hey @AppleSupport can I do an out of warranty replacement with a newer model, or does it have to be the same one? #thisphoneiskickingthebucket #cantaffordanewone #crappyiphone https://t.co/rihlugpMyj",repair_service,escalate,repair_service,0.67,escalate,repair_case_specific,@customer Great question! The one-year limited hardware warranty applies to the earbuds that came with your iPhone as well. You can check the warranty status of your iPhone here: https://t.co/SyUHdUSsjJ,2841968,@AppleSupport how long are headphones you get with an iPhone covered by the Apple warranty?,@575023 Great question! The one-year limited hardware warranty applies to the earbuds that came with your iPhone as well. You can check the warranty status of your iPhone here: https://t.co/SyUHdUSsjJ,0.1588
G055,2835878,"@AppleSupport I need to recover my appleId, I am putting it in recovery from last 3 times, wait for 4 days but every time it looses status and ask me to put it in recovery again. Can I get my appleID deleted so that i can make a new one?",account_access_security,escalate,account_access_security,0.67,escalate,account_or_transaction_action,"@customer Let's look into this together. Send us a DM with more information, and we'll go from there. https://t.co/GDrqU22YpT",670607,"@AppleSupport with new updates why is it asking for your Appleid more than one time, with new breaches how do we know these are legitimate","@279972 Let's look into this together. Send us a DM with more information, and we'll go from there. https://t.co/GDrqU22YpT",0.271
G056,2414346,"@AppleSupport Hey! I want to have a general tune-up of my mac + talk through my options in terms of backing up/storage of photos and files. Could I do this in an ordinary genius bar appointment? It not, what should I do? Thanks!",repair_service,escalate,repair_service,0.79,escalate,repair_case_specific,@customer We'd be happy to document your commendation regarding your in-store experience. Send us a DM with details and we'll go from there. https://t.co/GDrqU22YpT,2619955,@AppleSupport want to send a commendation to the employee who helped me at the genius bar yesterday. How do I do that?,@740338 We'd be happy to document your commendation regarding your in-store experience. Send us a DM with details and we'll go from there. https://t.co/GDrqU22YpT,0.2573
G057,587034,"@AppleSupport Thanks, but I don't have time for that (pardon the pun). I set up a cron job to sync the clock.",feedback_complaint,auto_handle,feedback_complaint,0.67,escalate,high_emotion_or_feedback,"@customer You’re welcome! If you have any other questions, let us know. We’re available every day from 5 a.m. to 8 p.m. Pacific time.",123721,@AppleSupport Thanks!!!,"@143664 You’re welcome! If you have any other questions, let us know. We’re available every day from 5 a.m. to 8 p.m. Pacific time.",0.2615
G058,2229474,"@AppleSupport Apps aren’t downloading, haven’t been since I purchased ph a month ago. Rebooting doesn’t help. The circle just keeps buffering after Touch ID. Help? https://t.co/8LgajIIUsJ",device_technical_issue,auto_handle,billing_subscription,0.67,escalate,account_or_transaction_action,@customer We’re here to address your concerns. Let's team up in Direct Message using the link below. https://t.co/GDrqU22YpT,856671,@AppleSupport It was purchased from Argos,@323443 We’re here to address your concerns. Let's team up in Direct Message using the link below. https://t.co/GDrqU22YpT,0.1604
G059,2466442,"I see some people shipment date has been moved up, can y’all move me up to launch day ?👀 @115858 @AppleSupport https://t.co/L1AevLnfHi",order_delivery,escalate,order_delivery,0.67,escalate,account_or_transaction_action,@customer Our Online Sales team is really best suited for this question. Please reach out to them for information: https://t.co/8yjRd1Xo0i,629728,"@AppleSupport I’m not getting anywhere with that. I’ve ordered my iPhone X on the upgrade program, and it says it will arrive around 1st Dec. People have been able to reserve and pick up on the same day, so why am I having to wait so long? I reserved it on the release date",@269183 Our Online Sales team is really best suited for this question. Please reach out to them for information: https://t.co/8yjRd1Xo0i,0.1701
G060,2429210,@AppleSupport lol my apps and picture get deleted and restored again I've deleted everything in order to clear up storag but my storage is still full. My software must be messed up,device_technical_issue,auto_handle,order_delivery,0.67,escalate,account_or_transaction_action,"@customer Are you accessing your photos directly on computer? If so, check here for information on how to organize your photos on iCloud: https://t.co/2MrcQhA6eh For other iCloud Photos questions, reach out to our team here: https://t.co/IBIY3vMgPj",2573926,"@AppleSupport on iCloud “all photos” album is there a way to sort by date the picture are taken? I am uploading my old photos to thfrom cloud , the upload order is random and the photos appears out of order.","@511239 Are you accessing your photos directly on computer? If so, check here for information on how to organize your photos on iCloud: https://t.co/2MrcQhA6eh For other iCloud Photos questions, reach out to our team here: https://t.co/IBIY3vMgPj",0.134
G061,2950927,@AppleSupport update not live on macOS 10.13.2 beta 5. Is it rolling out that slowly?,device_technical_issue,auto_handle,device_technical_issue,0.9993,auto_handle,safe_general_guidance,@customer We're eager to help. Does this occur after restarting the application or power cycling your Mac? Which specific application is this occurring in?,2341817,@AppleSupport i cannot move this on macOS high sierra 10.13.1 https://t.co/DM2GPHxuIp,@677385 We're eager to help. Does this occur after restarting the application or power cycling your Mac? Which specific application is this occurring in?,0.3815
G062,926393,@AppleSupport no genius bar option available? Why not? I called your call center twice and they can't help. &gt; 45 minutes on phone https://t.co/SQijX3gpl5,repair_service,escalate,repair_service,0.67,escalate,repair_case_specific,"@customer We'd love to look into this with you. DM us which version of the operating system your iPhone is running and the country you're in (as support options vary by location), and we'll get started. https://t.co/GDrqU2kzhr",148181,"@AppleSupport my iPhone 6s seems to be losing battery VERY quickly. (Gone from 30% to 9% in about 20 mins) is it worth taking to a Genius Bar, can they check battery function?","@149706 We'd love to look into this with you. DM us which version of the operating system your iPhone is running and the country you're in (as support options vary by location), and we'll get started. https://t.co/GDrqU2kzhr",0.181
G063,1354520,@AppleSupport iPhone 6+ both connection modes...,other,escalate,device_technical_issue,0.9377,auto_handle,safe_general_guidance,@customer We are here for you. Let's take a look at this further for you. Reach out to us in DM. https://t.co/GDrqU22YpT,824744,@AppleSupport Both. iPhone 6s 🙏,@316423 We are here for you. Let's take a look at this further for you. Reach out to us in DM. https://t.co/GDrqU22YpT,0.6006
G064,1863863,@115948 @7216 Either is this... I’m a bit disappointed in your categorizing capabilities 😱 @AppleSupport https://t.co/w1ynphDKja,feedback_complaint,auto_handle,feedback_complaint,0.67,escalate,high_emotion_or_feedback,"@customer Let's see what we can to help with your iPhone. To start, meet us in a DM and tell us what you're experiencing. https://t.co/GDrqU22YpT",1726210,@AppleSupport @115858 mine too. and I just got the 8 and i’m very sad and disappointed,"@522068 Let's see what we can to help with your iPhone. To start, meet us in a DM and tell us what you're experiencing. https://t.co/GDrqU22YpT",0.1921
G065,489639,@AppleSupport Option set is while using the app and the remaining one is never.,other,escalate,device_technical_issue,0.6266,auto_handle,safe_general_guidance,@customer This is a feature we'd love to get some feedback from you on. We've established an official feedback website where you can leave suggestions. Here's the link: https://t.co/eTPVYVFyd8,2633197,".@AppleSupport Here's one for you that's been bugging me for a while now, When using ""Preview"" to resize multiple images at the same time, how come the pop up box that appears ""Do you want to save the changes made to the document ""XXXXX""?"" doesn't give you a ""Use for all"" option?",@743486 This is a feature we'd love to get some feedback from you on. We've established an official feedback website where you can leave suggestions. Here's the link: https://t.co/eTPVYVFyd8,0.1933
G066,2125157,@AppleSupport just tried to update Mac mini to #HighSierra and it crashed my entire comp. Now I can’t use it and it will probably cost me just to get it repaired. #dissapointed,repair_service,escalate,repair_service,0.67,escalate,repair_case_specific,@customer We're here to help. Please meet us in DM and we'll take a look at this matter together. https://t.co/GDrqU22YpT,2631618,@AppleSupport trying to speak to Apple Store Bath to find out if my laptop is repaired but phone number disconnects - can you help?,@743091 We're here to help. Please meet us in DM and we'll take a look at this matter together. https://t.co/GDrqU22YpT,0.144
G067,249302,"I updated my iPhone, just for the 'I' glitch to be worse, and I can't put songs on my phone. Do you know how hard it is to do life without your music??? C'mon @115858 @AppleSupport! You guys have gotten way too comfortable.",device_technical_issue,auto_handle,device_technical_issue,0.9999,auto_handle,safe_general_guidance,@customer We'd like to look into this with you. DM us any other details and we'll work with you on these issues. https://t.co/GDrqU22YpT,1643376,@339143 I see u updated ur iPhone. @AppleSupport Can't say 'I'. As you can see I refuse to do the update. Battery dies in seconds too. Not cool.,@502269 We'd like to look into this with you. DM us any other details and we'll work with you on these issues. https://t.co/GDrqU22YpT,0.2854
G068,2410260,@AppleSupport Can I not just speak to somebody @AppleSupport on the phone and get this sorted. They are quick to take money from me but useless with query https://t.co/RTx8tnO9Ka,billing_subscription,escalate,how_to,0.67,auto_handle,safe_general_guidance,"@customer Let's get your iPhone working as it should. When this happened, did the iPhone restart, or return to the home screen? Let us know in DM. https://t.co/GDrqU22YpT",2780620,@AppleSupport can i just get a free X cause my phone blacked out like 3 times,"@776604 Let's get your iPhone working as it should. When this happened, did the iPhone restart, or return to the home screen? Let us know in DM. https://t.co/GDrqU22YpT",0.132
G069,2040076,Hey @AppleSupport what’s with the music on the locked screen? Have my headphones plugged in and can’t change songs.... https://t.co/g7JYVl9GMN,device_technical_issue,auto_handle,account_access_security,0.67,escalate,account_or_transaction_action,@customer What happens if you try to restart the iPhone? Does it still come up with connect to iTunes?,2771902,@AppleSupport i wasn’t using an app. my phone screen locked i unlocked it and then it happened,@774814 What happens if you try to restart the iPhone? Does it still come up with connect to iTunes?,0.2169
G070,506490,"@AppleSupport hello, Ive changed i-phones and forgotten my Apple ID password. Plus BT have deleted the email address u send verification to",account_access_security,escalate,account_access_security,0.9974,escalate,account_or_transaction_action,@customer We'd be glad to help. You can get started with resetting your Apple ID password here: https://t.co/fJnZYmbI9N,1516641,Yo @115858 @AppleSupport I’ve forgotten my 🍎 ID n the number I was using has been recycled; what should I do to recover my password setup 📱?,@471874 We'd be glad to help. You can get started with resetting your Apple ID password here: https://t.co/fJnZYmbI9N,0.2655
G071,1593240,@AppleSupport What's the reply time? I sent an email on Friday. Thanks.,feedback_complaint,escalate,feedback_complaint,0.67,escalate,high_emotion_or_feedback,@customer Great! We've received your DMs and will continue with you there.,676788,@AppleSupport Thanks! I've sent you a DM,@281444 Great! We've received your DMs and will continue with you there.,0.3092
G072,2410137,"@AppleSupport Yes, both! I'm not getting an error, it just doesn't download. Every once in a while it will ask me to log into itunes again and verify with fingerprint,but then it just thinks forever and nothing happens until it asks me again",account_access_security,escalate,account_access_security,0.67,escalate,account_or_transaction_action,"@customer You've come to the right place! We'll see about getting your Mac up and running again. First, was this an update from a previous version, or were you doing the 10.13.1 update? While you're checking, read about startup screens here: https://t.co/3WncOWIQW8",2739444,@AppleSupport just updated. What’s going on with this. I can’t log in. https://t.co/ogXNFcNMWL,"@264984 You've come to the right place! We'll see about getting your Mac up and running again. First, was this an update from a previous version, or were you doing the 10.13.1 update? While you're checking, read about startup screens here: https://t.co/3WncOWIQW8",0.1953
G073,1824714,@AppleSupport my wife's 1st Gen watch won't charge and just flashes the logo. I've cleaned everything and tried a different charger. Help?,repair_service,escalate,billing_subscription,0.9339,escalate,account_or_transaction_action,@customer Hey there. Great question! That won't be a problem at all. Learn more here: https://t.co/w7T6ugRbaM,1746005,@AppleSupport hii is save if i charge my iphone with ipad charger?,@526422 Hey there. Great question! That won't be a problem at all. Learn more here: https://t.co/w7T6ugRbaM,0.1861
G074,2343862,Yo @AppleSupport why my phone dying quicker. It would take all day for it to hit 70% now only after 30mins at 100% it’s at 78% so can I get a explanation? Thank you~,device_technical_issue,auto_handle,how_to,0.67,auto_handle,safe_general_guidance,@customer We want to help. DM us which iOS version you have and how long this issue has been going on now. We'll be happy to look into why this is happening with you. https://t.co/GDrqU22YpT,2558741,Hey @115858 @AppleSupport please explain how/why my phone now goes from 100% to 20% in two hours without being used?! #garbage,@436510 We want to help. DM us which iOS version you have and how long this issue has been going on now. We'll be happy to look into why this is happening with you. https://t.co/GDrqU22YpT,0.1454
G075,1909627,Dear #ios11 you’ve fucked up my battery 🙂💔 it goes for 100 to 0 real quick 🙂and it takes for ever to charge @AppleSupport fix your shit plz😒,device_technical_issue,auto_handle,billing_subscription,0.67,escalate,account_or_transaction_action,@customer We want to help. Take a look at this article for info on how to check the battery on your Apple Watch and DM us if you have any questions after that: https://t.co/hmbTEy8bzI https://t.co/GDrqU22YpT,148225,Quick @AppleSupport how much charge does my @115858 Warch have? https://t.co/ruGO2WwVEh,@149722 We want to help. Take a look at this article for info on how to check the battery on your Apple Watch and DM us if you have any questions after that: https://t.co/hmbTEy8bzI https://t.co/GDrqU22YpT,0.2202
G076,2652606,I’m also tryna figure out how numbers I had blocked are texting me. @AppleSupport wyd?,device_technical_issue,auto_handle,account_access_security,0.67,escalate,account_or_transaction_action,@customer Thanks for reaching out. Let's see why these calls are getting through. Which software version is it happening on? Find that in Settings &gt; General &gt; About and reply in DM. https://t.co/GDrqU22YpT,2565775,@AppleSupport can you tell me why call block on my phone does not work and I still get calls from blocked numbers @115858,@124901 Thanks for reaching out. Let's see why these calls are getting through. Which software version is it happening on? Find that in Settings &gt; General &gt; About and reply in DM. https://t.co/GDrqU22YpT,0.2632
G077,791611,@AppleSupport 6 &amp; the new update,other,escalate,device_technical_issue,0.9969,auto_handle,safe_general_guidance,@customer Here’s what you can do to work around the issue until it’s fixed in a future software update: https://t.co/xXaXeeSRt9,1709925,@AppleSupport Since the new update,@518066 Here’s what you can do to work around the issue until it’s fixed in a future software update: https://t.co/xXaXeeSRt9,0.5771
G078,2947004,"@AppleSupport yes, iTunes responds to the keyboard buttons in SAFE MODE. Thanks.",feedback_complaint,auto_handle,feedback_complaint,0.67,escalate,high_emotion_or_feedback,@customer That's a great question! We're here to provide support. Could you DM us and we can begin from there? https://t.co/GDrqU22YpT,1626534,@AppleSupport i’ve just recieve this email. Is it true and safe? Thanks https://t.co/wmTgsTPYLC,@498048 That's a great question! We're here to provide support. Could you DM us and we can begin from there? https://t.co/GDrqU22YpT,0.2657
G079,2545632,@AppleSupport - how come whenever I turn off my phone and turn it back on it reads all my unread messages and clears my call log,device_technical_issue,auto_handle,other,0.7314,escalate,ambiguous_or_out_of_scope,@customer Let's look into that. Send us a DM and we'll go from there. https://t.co/GDrqU22YpT,255554,@176772 @AppleSupport Same here but mine keeps switching itself off and I have to turn it back on 😡😡😡😡,@187559 Let's look into that. Send us a DM and we'll go from there. https://t.co/GDrqU22YpT,0.2744
G080,481819,@AppleSupport That doesn’t explain what you consider an active. How is it I’m on a stair stepper for 30 minutes and they aren’t all considered active!? https://t.co/lnm0qfWxZq,how_to,auto_handle,how_to,0.8584,auto_handle,safe_general_guidance,@customer That feature hasn't been released in our public iOS versions yet.,2802474,@AppleSupport Thanks. …but that doesn’t explain why I don’t see the Apple Pay in messages feature.,@781757 That feature hasn't been released in our public iOS versions yet.,0.2666
G081,1648463,Hey @AppleSupport why does my phone do the A ? all over social media when someone types “I️” ??? https://t.co/VWESZe0hLH,device_technical_issue,auto_handle,how_to,0.67,auto_handle,safe_general_guidance,@customer We've got your back. Try the steps found here: https://t.co/xU1AGIa4ME,1555555,@AppleSupport @115858 WHY IS THIS HAPPENING AND WHAT DOES IT MEAN IM OVER IT https://t.co/aOyYyVtL9l,@481028 We've got your back. Try the steps found here: https://t.co/xU1AGIa4ME,0.2597
G082,2825891,"@AppleSupport my battery is borked. It started acting horribly, but I turned off a bunch of stuff then was fine until I updated to 11.1.1 and now it just melts and charges slowly.",device_technical_issue,auto_handle,billing_subscription,0.67,escalate,account_or_transaction_action,@customer Let's follow up via DM. We'll continue the conversation there. https://t.co/GDrqU22YpT,793971,@AppleSupport My iPhone 6 Plus was perfectly fine until iOS 11 came out and now it’s a useless phone without a charger nearby.,@309309 Let's follow up via DM. We'll continue the conversation there. https://t.co/GDrqU22YpT,0.1846
G083,373337,@AppleSupport Crowdfire asked me to get in contact with you for a refund but the app is more than 90 days old.,billing_subscription,escalate,billing_subscription,0.67,escalate,account_or_transaction_action,@customer We're here to help. You may be able to get this taken care of here: https://t.co/TnACmwZbFZ,2619937,@AppleSupport I purchase something wrongly and i want to refund it how can i do that ?,@682308 We're here to help. You may be able to get this taken care of here: https://t.co/TnACmwZbFZ,0.1738
G084,2422615,"@116333 @AppleSupport 3 times I've done Restor iPhone, work two days and then go back to the same problem? I did restore to 11.1 Then Ios 11.1.1 The problems is not be solve , How many time I’m contacted with Apple support about this problem Now I will try 11.0.3 https://t.co/xx6cwqeRz1",device_technical_issue,auto_handle,device_technical_issue,1.0,auto_handle,safe_general_guidance,@customer Thanks for giving that a try! Please try uninstalling the Snapchat app and reinstalling: https://t.co/ikTYqoYXpm,371875,@AppleSupport thanks for the response. That did not solve the problem,@204092 Thanks for giving that a try! Please try uninstalling the Snapchat app and reinstalling: https://t.co/ikTYqoYXpm,0.3461
G085,2901922,@AppleSupport Before last ios update zero mobile pics were shareable. Downloaded update. Seemed to fix. Problem is back. No photos taken with mobile can be shared anywhere. Major problem.,device_technical_issue,auto_handle,device_technical_issue,1.0,auto_handle,safe_general_guidance,"@customer An update has been released to assist with this issue. If you haven’t yet, please back up your device and update it to iOS 11.1.1. For more info, check out: https://t.co/4f8hwT5to6",2429261,Can @AppleSupport fix this problem already? 😒 https://t.co/CXX8Wl9uOO,"@697432 An update has been released to assist with this issue. If you haven’t yet, please back up your device and update it to iOS 11.1.1. For more info, check out: https://t.co/4f8hwT5to6",0.2588
G086,2369441,@AppleSupport I am not with her and don't have an IPad to see how to do this. I will take a look ast the page and forward them to her. Thanks.,how_to,auto_handle,device_technical_issue,0.9963,auto_handle,safe_general_guidance,@customer Do you have Low Power Mode enabled right now?,924570,@AppleSupport Well she doesn’t respond to “hey Siri.” I’ve turned her off multiple times. And when I set her up it’s like my microphone doesn’t pick it up,@163969 Do you have Low Power Mode enabled right now?,0.2906
G087,557778,"@AppleSupport When I move the App to a folder, it does not like to stay there... just disappears with an effect as soon as I let go of my finger",device_technical_issue,auto_handle,how_to,0.67,auto_handle,safe_general_guidance,"@customer OK, thank you. Does this usually happen in a certain area? Let us know in DM and we'll go from there. https://t.co/GDrqU22YpT",2771830,@AppleSupport It does the same on my 7+ as well,"@774795 OK, thank you. Does this usually happen in a certain area? Let us know in DM and we'll go from there. https://t.co/GDrqU22YpT",0.2334
G088,2709155,@AppleSupport if you charge people $5 for an app don’t make an update that takes it away from me?? So take the money then take the product,billing_subscription,escalate,billing_subscription,0.67,escalate,account_or_transaction_action,@customer We are happy to help work through any issues you are seeing with your iPhone. Reach out to us in DM and we will help. https://t.co/GDrqU22YpT,1503041,@AppleSupport I’m going to throw this phone away. I shouldn’t have so many issues when I’ve paid so much money for it.,@468856 We are happy to help work through any issues you are seeing with your iPhone. Reach out to us in DM and we will help. https://t.co/GDrqU22YpT,0.2497
G089,2918914,@AppleSupport I’m sure what do say on a DM. It’s an issue out of the box with factory settings.,device_technical_issue,auto_handle,device_technical_issue,0.8247,auto_handle,safe_general_guidance,@customer That was resolved in 11.1.1. Updating to 11.1.2 includes this fix.,2774456,But what about the I issue @AppleSupport? https://t.co/X0askpg9Kt,@775386 That was resolved in 11.1.1. Updating to 11.1.2 includes this fix.,0.3409
G090,2859994,"@AppleSupport Hello, I just got a scam email from (__email__) with a name that appears as ""Apple ID"", talking about fake purchases and asking me to click on the attached ""receipt""",account_access_security,escalate,account_access_security,0.67,escalate,sensitive_data,@customer. Please DM us so that we can continue to look into this together. https://t.co/GDrqU22YpT,53596,"@AppleSupport And if I delete the alias and create a new Apple ID, could I bring all of my devices and purchases to the new one?",@128115. Please DM us so that we can continue to look into this together. https://t.co/GDrqU22YpT,0.1625
G091,2572070,Hey @AppleSupport why does my Messages app keep closing? https://t.co/rsVhsjIL1K,device_technical_issue,auto_handle,how_to,0.67,auto_handle,safe_general_guidance,@customer Here’s what you can do to work around the issue until it’s fixed in a future software update: https://t.co/xXaXeeSRt9,1648447,@AppleSupport why does this keep happening? I️,@503597 Here’s what you can do to work around the issue until it’s fixed in a future software update: https://t.co/xXaXeeSRt9,0.4873
G092,1999750,@115858 @AppleSupport wtf is going on with this update. Every “I️” I️ type comes out as “A” with a mf box around a question mark https://t.co/1imgWGoxpN,device_technical_issue,auto_handle,device_technical_issue,0.67,auto_handle,safe_general_guidance,@customer We'd like to look into this with you. Join us in DM and we'll get started. https://t.co/GDrqU22YpT,2277965,.@115858 @AppleSupport Why do emojis show up as a question mark inside box on iMac Messages?!? https://t.co/7UmQdvQzXC,@312136 We'd like to look into this with you. Join us in DM and we'll get started. https://t.co/GDrqU22YpT,0.3016
G093,2042527,@AppleSupport @115948 @AppleSupport are you going to refund users who can’t use Your service because of your update??,billing_subscription,escalate,billing_subscription,0.67,escalate,account_or_transaction_action,"@customer Understood. If we can help with any other concerns, just let us know.",2777618,@AppleSupport I have and they still won't refund so I'll be going to my bank👍🏻,"@776017 Understood. If we can help with any other concerns, just let us know.",0.2663
G094,2786486,@AppleSupport it would be nice if you guys could stop turning on my Bluetooth and WiFi randomly thanks,device_technical_issue,auto_handle,feedback_complaint,0.67,escalate,high_emotion_or_feedback,@customer No problem! Just reach out again if you need more help. Have a good one.,2710940,@AppleSupport Nice fix. Thanks!,@761169 No problem! Just reach out again if you need more help. Have a good one.,0.4268
G095,157744,@AppleSupport Apple just wanted to ask storage on phone full can I get somethink to unload storage thanks,how_to,auto_handle,how_to,0.67,auto_handle,safe_general_guidance,"@customer Let's get your iPhone working as it should. When this happened, did the iPhone restart, or return to the home screen? Let us know in DM. https://t.co/GDrqU22YpT",2780620,@AppleSupport can i just get a free X cause my phone blacked out like 3 times,"@776604 Let's get your iPhone working as it should. When this happened, did the iPhone restart, or return to the home screen? Let us know in DM. https://t.co/GDrqU22YpT",0.1551
G096,598111,@AppleSupport Hi I'm trying to cancel and appt at genius bar but the page I land at is saying temporarily unable to service my request. Case ID: 100364949930 - for tomorrow morning. Need to cancel,repair_service,escalate,repair_service,0.79,escalate,sensitive_data,@customer Fantastic! Feel free to reach back out if you have any other questions; we'd be happy to help. Have a great rest of your day!,2814620,"@AppleSupport Just had a great online chat with Salvador and he helped me through some troubleshooting, then booked me a Genius Bar appt. 👏🏼 thank you!!!",@784705 Fantastic! Feel free to reach back out if you have any other questions; we'd be happy to help. Have a great rest of your day!,0.1838
G097,1465072,"@AppleSupport Dear support, I attached the picture of an invoice we received, purchasing iCloud space. We think it's fake. Can u confirm? https://t.co/dbOa50dspe",billing_subscription,escalate,billing_subscription,0.67,escalate,account_or_transaction_action,@customer We've received your DM and will respond there shortly.,2341906,Hi @AppleSupport please read the PM that I sent you about a (supposedly) fake invoice! Hope you can help out.,@677410 We've received your DM and will respond there shortly.,0.2424
G098,450340,"@AppleSupport Hi, I received my new iPhone X today. Experiencing a green line at the right side of my phone. What to do? Live in Holland btw.",repair_service,escalate,device_technical_issue,0.9585,auto_handle,safe_general_guidance,@customer Let's look into this for you. This is not the experience we want you to have. Send us a DM and we can go over some options. https://t.co/GDrqU22YpT,2813640,"@AppleSupport what to do with the green line in the iphone X, i got yesterday.",@784494 Let's look into this for you. This is not the experience we want you to have. Send us a DM and we can go over some options. https://t.co/GDrqU22YpT,0.467
G099,2679894,"@AppleSupport Ok I get that, but my question was why does FaceID not work instead like TouchID did? I don’t want to have to keep typing my password whenever my children request an app",device_technical_issue,auto_handle,account_access_security,0.67,escalate,account_or_transaction_action,@customer We want to dive deeper into this issue with you. Send us a DM and let's get started. https://t.co/GDrqU22YpT,749766,@AppleSupport 11.0.3 exact same problems just like iOs 11.0.1. My phones takes hours to respnd to even typing the password,@299219 We want to dive deeper into this issue with you. Send us a DM and let's get started. https://t.co/GDrqU22YpT,0.1753
G100,484414,Face ID works 57% of the time. I'm very disappointed. @AppleSupport,device_technical_issue,auto_handle,feedback_complaint,0.67,escalate,high_emotion_or_feedback,"@customer Let's see what we can to help with your iPhone. To start, meet us in a DM and tell us what you're experiencing. https://t.co/GDrqU22YpT",1726210,@AppleSupport @115858 mine too. and I just got the 8 and i’m very sad and disappointed,"@522068 Let's see what we can to help with your iPhone. To start, meet us in a DM and tell us what you're experiencing. https://t.co/GDrqU22YpT",0.3072
G101,1998563,@115858 @AppleSupport I downloaded the new update last night and now all of my music is gone.. hundreds of songs. How do I fix this?,device_technical_issue,auto_handle,device_technical_issue,0.9994,auto_handle,safe_general_guidance,@customer Let's work together to see if we can get them back. DM us the exact iOS version on your device and we'll go from there. https://t.co/GDrqU22YpT,2732884,"@AppleSupport iPhone X; all bookmarks are gone from Safari. There last night; gone this morning. Have rebooted, still empty. Thoughts on how to retrieve??",@766040 Let's work together to see if we can get them back. DM us the exact iOS version on your device and we'll go from there. https://t.co/GDrqU22YpT,0.3247
G102,2702219,"@AppleSupport In the new Podcast interface, when you search a name, you get 8 show hits and 8 episode hits. So, if I want to hear every episode John Doe is on, I only get 8 hits of each. Can we expand the search results? Thanks.",feedback_complaint,escalate,feedback_complaint,0.67,escalate,high_emotion_or_feedback,We’re sorry this experience has been frustrating. We appreciate the feedback and would like to understand what happened.,123721,@AppleSupport Thanks!!!,"@143664 You’re welcome! If you have any other questions, let us know. We’re available every day from 5 a.m. to 8 p.m. Pacific time.",0.1084
G103,2512332,@AppleSupport I been updated and my phone still slow,device_technical_issue,auto_handle,device_technical_issue,0.9976,auto_handle,safe_general_guidance,"@customer Do you know if this type of behavior occurs with other video content, or does it only occur in the specific app? Have you tried uninstalling and reinstalling the app to see if that helps?",2945685,@AppleSupport Updated. Still happens,"@710057 Do you know if this type of behavior occurs with other video content, or does it only occur in the specific app? Have you tried uninstalling and reinstalling the app to see if that helps?",0.5157
G104,2324519,@AppleSupport why does my live always come on when I open the camera app. I want it permanently off,how_to,auto_handle,how_to,0.67,auto_handle,safe_general_guidance,@customer Here’s what you can do to work around the issue until it’s fixed in a future software update: https://t.co/xXaXeeSRt9,1648447,@AppleSupport why does this keep happening? I️,@503597 Here’s what you can do to work around the issue until it’s fixed in a future software update: https://t.co/xXaXeeSRt9,0.1889
G105,1525130,What is up @115858 @AppleSupport with the letter I looking like this 👉🏼 I️ on my IPhone,device_technical_issue,auto_handle,device_technical_issue,0.9575,auto_handle,safe_general_guidance,@customer We'd like to take a closer look. Please DM us your current country and exact iOS version found at Settings &gt; General &gt; About. https://t.co/GDrqU22YpT,1982984,@AppleSupport fix this issue with the letter “I️” please,@586957 We'd like to take a closer look. Please DM us your current country and exact iOS version found at Settings &gt; General &gt; About. https://t.co/GDrqU22YpT,0.3066
G106,2972431,"@AppleSupport Yes. Mostly certain apps, but weird things happen too. For example the other day apps were missing from my screen. I could swipe either direction and they’d be gone. I locked it and they came back. Resetting always works",device_technical_issue,auto_handle,account_access_security,0.67,escalate,account_or_transaction_action,"@customer We're happy to clarify. They can FaceTime each other if their ""You can be reached by FaceTime at"" and ""Caller ID"" are set to their respective numbers. Also, it may be a great idea to look into Family Sharing for them: https://t.co/ERCiFrN6Q1 Questions? DM us: https://t.co/GDrqU22YpT",2253516,"@AppleSupport My parents share the same Apple ID, and they have two phones, but they are unable to Facetime each other. Is that right?","@118106 We're happy to clarify. They can FaceTime each other if their ""You can be reached by FaceTime at"" and ""Caller ID"" are set to their respective numbers. Also, it may be a great idea to look into Family Sharing for them: https://t.co/ERCiFrN6Q1 Questions? DM us: https://t.co/GDrqU22YpT",0.1679
G107,598146,"@AppleSupport Prior to iOS 11 when using the Podcasts or Music apps AND connected to power, the screen would not auto-lock. Is there a hidden setting somewhere to get this feature back?",how_to,auto_handle,how_to,0.67,auto_handle,safe_general_guidance,@customer We'd like to help! You can tap the (i) that is located beside the contact or group and remove from recents.,2436451,@AppleSupport Can I change a setting somewhere?,@698996 We'd like to help! You can tap the (i) that is located beside the contact or group and remove from recents.,0.3294
G108,593551,@AppleSupport just downloaded 11.2. All excited to use Apple Pay Cash. No Apple Pay Cash card in my wallet or tab to select in Settings...,device_technical_issue,auto_handle,other,0.9996,escalate,ambiguous_or_out_of_scope,"@customer If you're in the US, those features will require iOS 11.2 and will begin rolling out early next week. https://t.co/GDrqU22YpT",556248,Hey @AppleSupport Any chance we can turn on Apple Pay Cash after I spent an hour of my weekend updating after being told in the notes Apple Pay Cash was here?,"@249945 If you're in the US, those features will require iOS 11.2 and will begin rolling out early next week. https://t.co/GDrqU22YpT",0.4644
G109,2234444,@AppleSupport Order an Apple Watch series 3 on the first day of October. Why is it taking a month to even ship?,order_delivery,escalate,order_delivery,0.67,escalate,account_or_transaction_action,@customer Thanks for reaching out. Our Apple Online Store can help take a closer look. Reach them here: https://t.co/8yjRd1Xo0i,1153441,"@116333 @AppleSupport Your online sucks,I placed an order yesterday was showing 'available today' but not received any email whole day",@391388 Thanks for reaching out. Our Apple Online Store can help take a closer look. Reach them here: https://t.co/8yjRd1Xo0i,0.1443
G110,1645517,@AppleSupport why is it so hard to contact you about unauthorized charges on my credit card?,billing_subscription,escalate,billing_subscription,0.67,escalate,sensitive_data,"@customer We're excited for you! For sales related questions, please reach out to our Online Sales team here: https://t.co/8yjRd1Xo0i",1352268,"@AppleSupport I preordered my phone today, when will my credit card be charged? It says delivery Dec 5-11th.","@435351 We're excited for you! For sales related questions, please reach out to our Online Sales team here: https://t.co/8yjRd1Xo0i",0.2147
G111,1352925,"First my order gets messed up (but hopefully still reserved!!) then @AppleSupport is unavailable to chat. Rough day for everyone, I'm sure!😩",order_delivery,escalate,order_delivery,0.67,escalate,account_or_transaction_action,@customer We appreciate your interest and encourage you to stay up to date on Apple news here: https://t.co/gbIPLOsnZd,294373,@AppleSupport I'm planning on getting the iPhone X but with the upgrade program that you have will I still have to pre order the phone,@136075 We appreciate your interest and encourage you to stay up to date on Apple news here: https://t.co/gbIPLOsnZd,0.1849
G112,2092700,"@AppleSupport If I didn’t pre order the iPhone X, will I be able to get it by December if I order it once it comes out?",order_delivery,escalate,order_delivery,0.67,escalate,account_or_transaction_action,@customer We appreciate your interest and encourage you to stay up to date on Apple news here: https://t.co/gbIPLOsnZd,294373,@AppleSupport I'm planning on getting the iPhone X but with the upgrade program that you have will I still have to pre order the phone,@136075 We appreciate your interest and encourage you to stay up to date on Apple news here: https://t.co/gbIPLOsnZd,0.3712
G113,707431,"@AppleSupport Yes, in the contacts app the names show up as they should.",other,escalate,other,0.9204,escalate,ambiguous_or_out_of_scope,"@customer After you restarted the device, did it begin to charge normally? Were you using the iPhone while it was charging? If so, what applications were you using? Is this the first time this has happened?",483217,"@AppleSupport Yes, 8%","@229935 After you restarted the device, did it begin to charge normally? Were you using the iPhone while it was charging? If so, what applications were you using? Is this the first time this has happened?",0.2903
G114,2485675,"@AppleSupport So it looks like with Lithium-Ion, you can essentially leave an iPhone X on a charger all of the time because of the way the power cycles work. Is this accurate?",how_to,auto_handle,billing_subscription,0.67,escalate,account_or_transaction_action,"@customer Thank you for those details! We'd like to gather some additional information from you to get this resolved. Join us in DM with your current location, we can continue there. https://t.co/GDrqU22YpT",2726854,"@AppleSupport Hi. I was using the Belkin QI charger, I bought it for the online Apple store at the same time as my iPhone 8 Plus. Apparently it’s a battery / temperature thing? Yet I can charge past 80% on the supplied in box iPhone charger fine all the way to 100%.","@450014 Thank you for those details! We'd like to gather some additional information from you to get this resolved. Join us in DM with your current location, we can continue there. https://t.co/GDrqU22YpT",0.2252
G115,2896086,@AppleSupport looks like someone thought the box had an iPhone In it. Can I just return old one to store? https://t.co/jS5wXzS7vt,order_delivery,escalate,device_technical_issue,0.9932,auto_handle,safe_general_guidance,@customer Thanks for reaching out. Go ahead &amp; DM us so we can look into this further with you. We'll be glad to help! https://t.co/GDrqU22YpT,1905493,@AppleSupport my iPhone 7 never had an adapter in the box for my headphones,@567808 Thanks for reaching out. Go ahead &amp; DM us so we can look into this further with you. We'll be glad to help! https://t.co/GDrqU22YpT,0.2482
G116,1517059,But why does I️ look like that? @AppleSupport,device_technical_issue,auto_handle,how_to,0.67,auto_handle,safe_general_guidance,@customer We're happy to clarify. This would be a phishing message. Take a look here for more info: https://t.co/LNMCdqt6fD,1076418,@AppleSupport does this look like a genuine email? Pretty sure it’s fake. Thanks https://t.co/8GfOUrlKkg,@373992 We're happy to clarify. This would be a phishing message. Take a look here for more info: https://t.co/LNMCdqt6fD,0.4623
G117,2287885,"@AppleSupport, noticing a purple/violet banding when scrolling around black borders. ‘Buy Now’ button in this case. #iPhoneX https://t.co/nqqsYrrFMi",device_technical_issue,auto_handle,order_delivery,0.67,escalate,account_or_transaction_action,We can look into the order through a private support channel. Please do not post your order number publicly.,58798,@AppleSupport I order my phone at 3:01 27th get a confirmation from Best Buy I’m getting my phone on 11/3 now they said that’s not true!,@129386 We know you must be eager to receive your order. We'd suggest contacting BestBuy directly for help with tracking this order.,0.1204
G118,1940496,@AppleSupport deleted all of my photos from my album??? What is going on. Lost so so many memories,device_technical_issue,auto_handle,how_to,0.67,auto_handle,safe_general_guidance,@customer Great question. We'd like to get you over to our Photos support for any questions or concerns you have about the Photos application on your Mac. They'll be the best ones to help in regards to that. Just follow this link to get to them: https://t.co/IBIY3vMgPj,2622713,Hi @AppleSupport how do I find photos with unknown faces in High Sierra Photos?,@740956 Great question. We'd like to get you over to our Photos support for any questions or concerns you have about the Photos application on your Mac. They'll be the best ones to help in regards to that. Just follow this link to get to them: https://t.co/IBIY3vMgPj,0.1661
G119,2014753,@AppleSupport @115858 whyyy does the letter iiii turn into question marks!! Fix this shit!!,device_technical_issue,auto_handle,how_to,0.67,auto_handle,safe_general_guidance,"@customer We're here to help. To start, we recommend following these steps: https://t.co/xU1AGHStV6",1615377,@AppleSupport why the fuck does the letter I️ it autocorrects to this shit. I️. I️. I️.,"@495437 We're here to help. To start, we recommend following these steps: https://t.co/xU1AGHStV6",0.4128
G120,62283,@AppleSupport Yes,other,escalate,other,0.6202,escalate,ambiguous_or_out_of_scope,"@customer After you restarted the device, did it begin to charge normally? Were you using the iPhone while it was charging? If so, what applications were you using? Is this the first time this has happened?",483217,"@AppleSupport Yes, 8%","@229935 After you restarted the device, did it begin to charge normally? Were you using the iPhone while it was charging? If so, what applications were you using? Is this the first time this has happened?",1.0
G121,921054,"@AppleSupport iTunes wants me to sign in 3 times and says my ""session has expired"" is there any solution to this.. I've tried a re-install..",account_access_security,escalate,account_access_security,0.67,escalate,account_or_transaction_action,"@customer If you restart the device, does the behavior continue? DM us the results. https://t.co/GDrqU22YpT",2502115,"@AppleSupport Yea it only happens in the iTunes app, and I’m able to sign in with 0 problems","@713693 If you restart the device, does the behavior continue? DM us the results. https://t.co/GDrqU22YpT",0.1828
G122,2911765,@AppleSupport I have an unlocked iPhone 7s plus and want to upgrade to unlocked iPhone X. I cannot not see unlocked iPhone X plans from Apple upgrade program.,order_delivery,escalate,account_access_security,0.67,escalate,account_or_transaction_action,@customer Nearly all iPhone models sold on https://t.co/4Pp0Uiioqh are “unlocked” — which means your iPhone isn’t tied to a single carrier. Your iPhone will only be tied to your carrier if you choose carrier financing from AT&amp;T or Sprint.,2304327,@AppleSupport is At&amp;t carrier iPhone x was unlocked if we pay full amount?,@668605 Nearly all iPhone models sold on https://t.co/4Pp0Uiioqh are “unlocked” — which means your iPhone isn’t tied to a single carrier. Your iPhone will only be tied to your carrier if you choose carrier financing from AT&amp;T or Sprint.,0.3784
G123,1201156,@AppleSupport I ordered Airpods. The site confirmation said a 2-3 business day processing time but other than that I never received email confirmation,order_delivery,escalate,order_delivery,0.9678,escalate,account_or_transaction_action,@customer We know you must be eager to receive your order. We'd suggest contacting BestBuy directly for help with tracking this order.,58798,@AppleSupport I order my phone at 3:01 27th get a confirmation from Best Buy I’m getting my phone on 11/3 now they said that’s not true!,@129386 We know you must be eager to receive your order. We'd suggest contacting BestBuy directly for help with tracking this order.,0.2585
G124,2780704,.@115948 were can I find liner notes? Trying to see who sang on &amp; produced some of these tracks on Jaden Smith's SYRE. @AppleSupport,how_to,auto_handle,how_to,0.67,auto_handle,safe_general_guidance,"@customer Going into Settings &gt; Wi-Fi to turn off the feature, that should completely turn it off. Since it's not, let's take a closer look into the issue in a DM. Select the following link to join us there and provide us the iOS version number currently on the iPhone. https://t.co/GDrqU22YpT",2786432,@AppleSupport This doesn’t help. That’s what I do. And then when I’m driving I see my WiFi turned back on trying to find a signal and slowing down my phone.,"@777936 Going into Settings &gt; Wi-Fi to turn off the feature, that should completely turn it off. Since it's not, let's take a closer look into the issue in a DM. Select the following link to join us there and provide us the iOS version number currently on the iPhone. https://t.co/GDrqU22YpT",0.2364
G125,2497929,.@AppleSupport - frustrated Long-term customer. Holding on phone &gt; 55 min. Then phone w/ rep couldn’t help change ship address hung up on me,order_delivery,escalate,feedback_complaint,0.67,escalate,high_emotion_or_feedback,We’re sorry this experience has been frustrating. We appreciate the feedback and would like to understand what happened.,2572015,"@AppleSupport I’m hesitant to make the conversation private, you might just leave me on read like y’all hung up on me... happy to listen here! Thanks","@729341 As we'll need to gather personal information in order to look into this with you, we'd like to continue the conversation in DM for your privacy. https://t.co/GDrqU2kzhr",0.1084
G126,2437317,"@699174 @AppleSupport @62155 This is exactly what I've been trying to do with a long press on my iPhone 6 when I switched to iOS 11, but yeah never worked :/",device_technical_issue,auto_handle,device_technical_issue,0.9979,auto_handle,safe_general_guidance,@customer We'd be happy to look into this with you further. DM us using the link below and we'll go from there. https://t.co/GDrqU22YpT,2402267,@AppleSupport It has never worked in any app for a few years now. I've tested on iPhone 6 and iPhone X. Can you make it work on your iPhone?,@224487 We'd be happy to look into this with you further. DM us using the link below and we'll go from there. https://t.co/GDrqU22YpT,0.2825
G127,2436423,"@AppleSupport Why is predictive text changing the letter “I” to I️? I️ reset my keyboard, turned my phone on/off, and it’s still doing it.",device_technical_issue,auto_handle,account_access_security,0.67,escalate,account_or_transaction_action,@customer Got it. Are you putting your iPhone in to recovery mode before restoring it per the steps in this article? https://t.co/iYLZzFD8qZ Let us know via a DM. We’ll keep moving from there. https://t.co/GDrqU22YpT,2312126,"@AppleSupport no my phone is not still connected to the computer , there are no other prompts from iTunes I have tried to plug my phone back into computer and reset my phone to a brand new phone and still getting the same message",@523244 Got it. Are you putting your iPhone in to recovery mode before restoring it per the steps in this article? https://t.co/iYLZzFD8qZ Let us know via a DM. We’ll keep moving from there. https://t.co/GDrqU22YpT,0.1713
G128,2626002,@AppleSupport Hey. When I️ type “I️” it thinks it’s an emoji. How do I️ fix? https://t.co/liIOJbns1q,device_technical_issue,auto_handle,how_to,0.67,auto_handle,safe_general_guidance,@customer Thanks for reaching out and for providing us with the screenshot. Let's discuss this further in DM. https://t.co/GDrqU22YpT,1249738,@AppleSupport how do i fix this https://t.co/tp7fcx29Oz,@413220 Thanks for reaching out and for providing us with the screenshot. Let's discuss this further in DM. https://t.co/GDrqU22YpT,0.4616
G129,1631367,@AppleSupport I was trying to do it from Control Center like I’ve always done. But it works now from Settings. Thank you!,feedback_complaint,auto_handle,feedback_complaint,0.67,escalate,high_emotion_or_feedback,@customer You’re welcome! Let us know in DM how that works. We’re available every day from 5 a.m. to 8 p.m. Pacific time. https://t.co/GDrqU22YpT,1473834,@AppleSupport Thank you!,@462135 You’re welcome! Let us know in DM how that works. We’re available every day from 5 a.m. to 8 p.m. Pacific time. https://t.co/GDrqU22YpT,0.2866
G130,1931130,@AppleSupport But no email has come yet. Is there a way to lookup the reservation number to complete the order myself?,order_delivery,escalate,order_delivery,0.67,escalate,account_or_transaction_action,@customer OK. Thank you. You can contact our Sales Support team here: https://t.co/8yjRd1Xo0i,1360144,"@AppleSupport I've tried that page, but I have a reservation number, not an order number",@160190 OK. Thank you. You can contact our Sales Support team here: https://t.co/8yjRd1Xo0i,0.4415
G131,2871727,@AppleSupport I’m being charged for subscriptions on an apple ID that hasn’t been used in years please help me,billing_subscription,escalate,account_access_security,0.67,escalate,account_or_transaction_action,@customer We’d like to see how we can help. Can you DM us some more details about the issue you're having? https://t.co/GDrqU22YpT,849982,@AppleSupport Need your help about my Apple ID!,@321962 We’d like to see how we can help. Can you DM us some more details about the issue you're having? https://t.co/GDrqU22YpT,0.3165
G132,2084344,@115858 @AppleSupport I hate you #iOS11 https://t.co/IWLt9PgFEP,feedback_complaint,escalate,feedback_complaint,0.67,escalate,high_emotion_or_feedback,@customer Here’s what you can do to work around the issue until it’s fixed in a future software update: https://t.co/xXaXeeSRt9,1724411,@AppleSupport I️ hate this glitch help,@521567 Here’s what you can do to work around the issue until it’s fixed in a future software update: https://t.co/xXaXeeSRt9,0.6094
G133,2301165,@AppleSupport the #iOS11 is completely non functioning on my iPhone 5S and you have destroyed your product that I thought it would be worth to purchase and now I think apple one day will do the same to the new #iPhoneX,device_technical_issue,auto_handle,billing_subscription,0.67,escalate,account_or_transaction_action,"@customer We’d like to look into this with you. To start, what kind of purchase did you make? Let us know in DM. https://t.co/GDrqU22YpT",2493902,@AppleSupport I was promised a receipt for a purchase and have not received it. No one answers the phone at Apple (tried several numbers),"@682216 We’d like to look into this with you. To start, what kind of purchase did you make? Let us know in DM. https://t.co/GDrqU22YpT",0.1464
G134,2779293,@AppleSupport Yeah the phone I received from @118101 was a brand new iPhone so the charger and wire are brand new.,other,escalate,billing_subscription,0.67,escalate,account_or_transaction_action,"@customer Thanks for those details. Just to clarify the issue, did your iPhone become unresponsive at 10% or did the battery die? Also, are you using low power mode on your iPhone?",2750492,"@AppleSupport Wi-Fi connection, charged it since. iPhone 6s 64gb bought 2 years ago brand new.","@770049 Thanks for those details. Just to clarify the issue, did your iPhone become unresponsive at 10% or did the battery die? Also, are you using low power mode on your iPhone?",0.2949
G135,2350846,"@AppleSupport Hi thanks for answering, iPhone has become rather slow due to update and the keyboard has become very attached, knowing I have the iPhone 7 Plus",device_technical_issue,auto_handle,device_technical_issue,1.0,auto_handle,safe_general_guidance,@customer We've received your DM. Please look for our reply there.,2889549,@AppleSupport need help since doing the latest update on my 6s. Phone has become unresponsive and the battery drains while I look at it. This is definitely a very poor upgrade.,@801150 We've received your DM. Please look for our reply there.,0.2834
G136,932326,@AppleSupport #AppleTv keeps switching to 4K SDR from HDR after waking from sleep. I have #Samsung 6 Series and HDMI cable from Apple Store,device_technical_issue,auto_handle,billing_subscription,0.4996,escalate,low_intent_confidence,@customer Thank you for that information. Let us know what happens when you try the following: Test the power adapter in another power outlet. Try using another lightning cable with the same power adapter. Connect the iPhone to the USB port of a computer with the first cable.,2950991,"@AppleSupport cable and power adapter and yes, it still vibrates while it’s on the charger",@237227 Thank you for that information. Let us know what happens when you try the following: Test the power adapter in another power outlet. Try using another lightning cable with the same power adapter. Connect the iPhone to the USB port of a computer with the first cable.,0.1369
G137,1220054,@AppleSupport Thats for my shipping address. That error is from the app. That error dont let me preorder last year and want to fix,order_delivery,escalate,order_delivery,0.91,escalate,account_or_transaction_action,We can look into the order through a private support channel. Please do not post your order number publicly.,1786870,"Hey @AppleSupport, I know I can preorder the #iPhoneX on 10/27. But what time 10/27 will that take place? 12:01am Cali time?",@230664 We're excited about the iPhone X as well! Reach out to our Apple Online Store Support team for answers here: https://t.co/8yjRd1Xo0i,0.1185
G138,2305908,@AppleSupport why the hell does my Bluetooth turn on by itself I NEED ANSWERS HO,device_technical_issue,auto_handle,how_to,0.67,auto_handle,safe_general_guidance,@customer Let's try changing Auto Brightness under Settings &gt; General &gt; Accessibility &gt; Display Accommodations. Let us know if that helps.,2838694,@AppleSupport why does my brightness keep going up by itself when i try to put it down? https://t.co/tjyWZZvGg2,@790012 Let's try changing Auto Brightness under Settings &gt; General &gt; Accessibility &gt; Display Accommodations. Let us know if that helps.,0.2295
G139,2321885,"@AppleSupport Hi. My iPhone is suddenly out of storage - check shows system taking up 9gb?! Restarted, system then taking up 12gb! Any ideas? Surely that can’t be right... #iphone",device_technical_issue,auto_handle,device_technical_issue,1.0,auto_handle,safe_general_guidance,"@customer We're happy to see how we can help. You mentioned your Bluetooth, Wi-Fi, and navigation are not working, could you let us know a little more about that?",2942191,"@AppleSupport could u just focus on a clean update for your IOS system before i break my iPhone 6 ? Bluetooth wifi navigation all not working properly becuz of your stupid system, RIP steve jobs 😓","@812878 We're happy to see how we can help. You mentioned your Bluetooth, Wi-Fi, and navigation are not working, could you let us know a little more about that?",0.2301
G140,1997967,@115858 #apple @AppleSupport #ios11 #iOS111 screen recorder doesn’t work!!! iphone 6s,device_technical_issue,auto_handle,order_delivery,0.67,escalate,account_or_transaction_action,@customer Thanks for reaching out to us. We value your input. Please use the following link to provide us with feedback regarding your suggestion: https://t.co/ODFtc9V7Tq,2303497,@AppleSupport please make a #iOS in built call recorder it is really a necessary part of @115858 @118936,@668396 Thanks for reaching out to us. We value your input. Please use the following link to provide us with feedback regarding your suggestion: https://t.co/ODFtc9V7Tq,0.2898
G141,2205802,@115858 @AppleSupport I’m about tired of you guys my camera doesn’t work for no reason I️ just wanna record my baby lmao the Apple store is over an hour away :-) and this freaking I️ !!!!!!,device_technical_issue,auto_handle,how_to,0.67,auto_handle,safe_general_guidance,@customer That's not good to hear. We want to see how we can help you with support options. Send us a message with your country in DM at the link below to get started. https://t.co/GDrqU22YpT,2947002,@AppleSupport i dropped my phone and now the back camera doesn’t work help :(,@813956 That's not good to hear. We want to see how we can help you with support options. Send us a message with your country in DM at the link below to get started. https://t.co/GDrqU22YpT,0.2254
G142,2849142,@AppleSupport Are you available after 8 pm? Or should I connect with you earlier,other,escalate,device_technical_issue,0.5565,escalate,low_intent_confidence,"@customer Help is here! If you're able to update your device, we recommend it. Be sure to create a data backup prior to the update. Here's an article to help you get started: https://t.co/4f8hwT5to6",2702140,@AppleSupport my phone is 9.2.1 should I update it?,"@758999 Help is here! If you're able to update your device, we recommend it. Be sure to create a data backup prior to the update. Here's an article to help you get started: https://t.co/4f8hwT5to6",0.2731
G143,10685,@AppleSupport I️ figured it out thanks 🤘🏽,feedback_complaint,auto_handle,feedback_complaint,0.67,escalate,high_emotion_or_feedback,"@customer You’re welcome! If you have any other questions, let us know. We’re available every day from 5 a.m. to 8 p.m. Pacific time.",123721,@AppleSupport Thanks!!!,"@143664 You’re welcome! If you have any other questions, let us know. We’re available every day from 5 a.m. to 8 p.m. Pacific time.",0.4382
G144,2688187,@AppleSupport Is it safe to always use my MacBook 61W adapter to charge iPhone X or might it reduce my battery lifetime over time?,how_to,auto_handle,billing_subscription,0.67,escalate,account_or_transaction_action,"@customer Help is here. Let's check a few things together. Please tap here to meet us in DM, then share what you've experienced please: https://t.co/GDrqU22YpT",2057189,Is it me or is this new #iOS dragging to charge my #iphone 😒😒 @115858 @AppleSupport,"@608414 Help is here. Let's check a few things together. Please tap here to meet us in DM, then share what you've experienced please: https://t.co/GDrqU22YpT",0.1788
G145,2900365,@AppleSupport Yes all devices. IOS 11.1.2,other,escalate,device_technical_issue,0.5323,escalate,low_intent_confidence,@customer Please send us a DM so we can gather some more information and move forward. https://t.co/GDrqU22YpT,2573859,@AppleSupport Yes it works with other devices and iPhone 7,@729907 Please send us a DM so we can gather some more information and move forward. https://t.co/GDrqU22YpT,0.5455
G146,2484156,@AppleSupport Any ideas when the Apple Watch Series 3 will be available on other phone networks in 🏴󠁧󠁢󠁥󠁮󠁧󠁿  ⌚️,order_delivery,escalate,device_technical_issue,0.998,auto_handle,safe_general_guidance,@customer Hello there! We'd be glad to provide some information on using apps with your Apple Watch. Check out the following article and let us know if you have any questions: https://t.co/WvmHrJTkFm,2350815,Hey @AppleSupport can I get @115888 on my Apple Watch series 3?,@679456 Hello there! We'd be glad to provide some information on using apps with your Apple Watch. Check out the following article and let us know if you have any questions: https://t.co/WvmHrJTkFm,0.4151
G147,2594400,@AppleSupport Version 10.13.1,other,escalate,device_technical_issue,0.8767,auto_handle,safe_general_guidance,"@customer Thanks for confirming. Let's move over to DM, where we'll work through this together. Send us a message using the link below. https://t.co/GDrqU22YpT",1980400,"@AppleSupport Yes, still happens after restarting my Mac. Version is 10.13.1 Beta (17B46a) https://t.co/sRLQBMns41","@586237 Thanks for confirming. Let's move over to DM, where we'll work through this together. Send us a message using the link below. https://t.co/GDrqU22YpT",0.5074
G148,323845,@AppleSupport so insulting to receive emails about series 3 watch when my series 2 watch screen cracked the whole way round but I am told,repair_service,escalate,repair_service,0.67,escalate,repair_case_specific,@customer We're glad to help here. DM us more information about where you're seeing this message and we'll take it from there.,1182504,@AppleSupport I cracked my iPhone 7 and can’t see the screen. I backed it up and it said it was corrupt or not compatible w my new iphone 7,@398083 We're glad to help here. DM us more information about where you're seeing this message and we'll take it from there.,0.1601
G149,2349455,"@AppleSupport Okay so when I try to send a message in a group chat, the text box doesn’t appear, as if I were removed from the conversation or if I left, but neither of those were the case. I have to be removed and added again in order to talk. Also, Apple Music keeps continually crashing.",device_technical_issue,auto_handle,order_delivery,0.67,escalate,account_or_transaction_action,We can look into the order through a private support channel. Please do not post your order number publicly.,2499252,"@AppleSupport My device is a iPhone 6s, &amp; I have iOS 11.1.1 software. Every time I have iMessage available &amp; I send a msg, I get the “Not Delivered” notification. Then the “Sent as Text Message” notification &amp; a green msg bubble shows. Then from that point on I can only send txt msgs.","@713092 Thank you for that information. Is this occurring with all messages, or only with ones to certain contacts? Does the issue persist after you restart following these steps: https://t.co/OWRDHWSt4h",0.1199
G150,806459,"@AppleSupport No, after I try to sign in the page reloads and keeps the same way as it was. 👨🏻‍💻 https://t.co/2VISxh0ZSL",account_access_security,escalate,account_access_security,0.67,escalate,account_or_transaction_action,@customer We're here for you. Have you tried the steps outlined in our support article here? https://t.co/rG6X7FwMFb DM us and let us know. https://t.co/GDrqU22YpT,2019721,Trying to reset my MacBook Air to factory settings and getting this error message after I try to sign in w/ Apple ID.. help @AppleSupport https://t.co/erBHwZ5Jcu,@597260 We're here for you. Have you tried the steps outlined in our support article here? https://t.co/rG6X7FwMFb DM us and let us know. https://t.co/GDrqU22YpT,0.274
G151,2975709,"@AppleSupport im from ph, do I need to travel all the way to Singapore to repair my iphone 7’s screen? The representative told me so. Just want to double check. Thank you!",repair_service,escalate,repair_service,0.67,escalate,repair_case_specific,"We can help with service options. Please contact Apple Support privately with the product and issue, without sharing serial numbers publicly.",2772627,"@AppleSupport @116333 my new Macbook Pro died and the promised 3-5 day repair time is now well into 10 days, with the store being clueless. Cooool.","@266323 We'd like to learn more about the trouble you're having with your MacBook Pro and explore our options to assist. Meet us in DM, we'll continue from there. https://t.co/GDrqU22YpT",0.1072
G152,2757511,@AppleSupport Thank you,feedback_complaint,auto_handle,feedback_complaint,0.67,escalate,high_emotion_or_feedback,@customer You’re welcome! Let us know in DM how that works. We’re available every day from 5 a.m. to 8 p.m. Pacific time. https://t.co/GDrqU22YpT,1473834,@AppleSupport Thank you!,@462135 You’re welcome! Let us know in DM how that works. We’re available every day from 5 a.m. to 8 p.m. Pacific time. https://t.co/GDrqU22YpT,1.0
G153,2962847,"@AppleSupport It's low priority, spotted yesterday but happens today. Downloading an app requests password, close pw request and retry, app begins to download.",account_access_security,escalate,account_access_security,0.7977,escalate,account_or_transaction_action,@customer We'd be happy to look into this with you. Please DM us so we can gather further details. https://t.co/GDrqU22YpT,1641346,"@AppleSupport having problems downloading apps from App Store, what should I do? Username and password is all set it just won’t load 🤔",@501782 We'd be happy to look into this with you. Please DM us so we can gather further details. https://t.co/GDrqU22YpT,0.2047
G154,1786588,"@AppleSupport Hello, can I make and order and pickup it in your Zürich Apple Store personally? Can't find the info on website. Thank you!",order_delivery,escalate,order_delivery,0.67,escalate,account_or_transaction_action,@customer We're here to help. Please DM us via the following link and we'll help you from there. https://t.co/GDrqU22YpT,1146090,"@AppleSupport hi, I am getting text messages for UPS shipments for an Apple order I didn’t make? Please investigate",@389755 We're here to help. Please DM us via the following link and we'll help you from there. https://t.co/GDrqU22YpT,0.1723
G155,2271754,"@AppleSupport I'm very unhappy with my MacBook pro w/ Touch Bar. It's always slow, can't have more than one program open at a time, programs freeze and stop, and the touch bar glitches. It was so expensive and I can't afford a new one. It's out of warranty. Do I have any options?",repair_service,escalate,repair_service,0.67,escalate,repair_case_specific,"We can help with service options. Please contact Apple Support privately with the product and issue, without sharing serial numbers publicly.",2619955,@AppleSupport want to send a commendation to the employee who helped me at the genius bar yesterday. How do I do that?,@740338 We'd be happy to document your commendation regarding your in-store experience. Send us a DM with details and we'll go from there. https://t.co/GDrqU22YpT,0.1219
G156,1643917,@AppleSupport Thank you !,feedback_complaint,auto_handle,feedback_complaint,0.67,escalate,high_emotion_or_feedback,@customer You’re welcome! Let us know in DM how that works. We’re available every day from 5 a.m. to 8 p.m. Pacific time. https://t.co/GDrqU22YpT,1473834,@AppleSupport Thank you!,@462135 You’re welcome! Let us know in DM how that works. We’re available every day from 5 a.m. to 8 p.m. Pacific time. https://t.co/GDrqU22YpT,1.0
G157,2302678,@AppleSupport Okay I got it figured out. Thanks.,feedback_complaint,auto_handle,feedback_complaint,0.67,escalate,high_emotion_or_feedback,"@customer You’re welcome! If you have any other questions, let us know. We’re available every day from 5 a.m. to 8 p.m. Pacific time.",123721,@AppleSupport Thanks!!!,"@143664 You’re welcome! If you have any other questions, let us know. We’re available every day from 5 a.m. to 8 p.m. Pacific time.",0.3374
G158,2335088,@AppleSupport hey just wondering If I purchased the Apple TV 4K would it still work ok on my led tv I’m not looking to get a 4K tv just yet,how_to,auto_handle,billing_subscription,0.67,escalate,account_or_transaction_action,We can help review this billing issue through a private support channel; please do not post account or payment details here.,856671,@AppleSupport It was purchased from Argos,@323443 We’re here to address your concerns. Let's team up in Direct Message using the link below. https://t.co/GDrqU22YpT,0.1241
G159,2142376,"How my phone die, I turn it back on and it’s at 31%? @AppleSupport",device_technical_issue,auto_handle,device_technical_issue,0.6256,auto_handle,safe_general_guidance,@customer We want to help. DM us details on the issues you're having with your iPhone's battery life and we'll continue there. https://t.co/GDrqU22YpT,2043526,This update makes my phone die so quick wtf @AppleSupport,@604313 We want to help. DM us details on the issues you're having with your iPhone's battery life and we'll continue there. https://t.co/GDrqU22YpT,0.3779
G160,2452604,"@AppleSupport Latest IOS 11.0.3 update has ruined my phone. No videos play, messages don’t appear, SLOW SLOW SLOW AF. Unacceptable#Galaxy",device_technical_issue,auto_handle,device_technical_issue,1.0,auto_handle,safe_general_guidance,@customer We want to investigate this further. When did you update to iOS 11.0.2? You can send us a DM with your answer. https://t.co/GDrqU22YpT,1785716,Everything on the iPhone 5S is Slow after iOS11 update. Why even provide update if it makes phone slow? 🤦🏻‍♂️ @115858 @AppleSupport,@536511 We want to investigate this further. When did you update to iOS 11.0.2? You can send us a DM with your answer. https://t.co/GDrqU22YpT,0.3503
G161,2437769,"Dear @115858, I downloaded the newest update and now I lose 1% battery every two minutes. Fix that. It’s a problem. Cc: @AppleSupport",device_technical_issue,auto_handle,device_technical_issue,1.0,auto_handle,safe_general_guidance,"@customer We'll help out. Are you continuing to see this issue on texts you're sending or is it only on texts you're receiving? If it's happening to you, let us know in DM. https://t.co/GDrqU22YpT",2300645,@AppleSupport I thought the newest update was supposed to fix this stupid I problem? Ugh,"@667725 We'll help out. Are you continuing to see this issue on texts you're sending or is it only on texts you're receiving? If it's happening to you, let us know in DM. https://t.co/GDrqU22YpT",0.2625
G162,583611,"in @115858 #iOS11 #iPhone , it's funny how even after you switch off Wi-Fi from the Control Center, it still shows 'on' in Settings. 🤔 @AppleSupport #Apple #UserExperience #userinterface #uxdesign #uidesign #designthinking #DesigningForHumans https://t.co/gM6kOSRRxM",device_technical_issue,auto_handle,account_access_security,0.67,escalate,account_or_transaction_action,@customer We'll be happy to look into this with you further. Go ahead and DM us your country/region here: https://t.co/GDrqU22YpT,2624914,"Podcast playing, not showing up on home screen/control center. Can’t control volume when screens locked on an SE @AppleSupport. V annoying. https://t.co/Y4y56z1RIP",@741483 We'll be happy to look into this with you further. Go ahead and DM us your country/region here: https://t.co/GDrqU22YpT,0.2037
G163,1640209,@AppleSupport if I want to trade in my iPhone which still has AppleCare+ can I get a refund for that or do I have to just give it up?,billing_subscription,escalate,billing_subscription,0.67,escalate,account_or_transaction_action,@customer We're here to help. You may be able to get this taken care of here: https://t.co/TnACmwZbFZ,2619937,@AppleSupport I purchase something wrongly and i want to refund it how can i do that ?,@682308 We're here to help. You may be able to get this taken care of here: https://t.co/TnACmwZbFZ,0.3094
G164,2300865,Hey @AppleSupport .. I get this when attempting up upgrade to iOS 11.1.1 and spent the last 90 mins on phone to Apple Support and no further. What a waste of time. Only just out of AppleCare too! Now what? Have a bricked phone just stuck on reboot loop with fancy stripy screen. https://t.co/Xyh2Fm3kWC,repair_service,escalate,repair_service,0.67,escalate,repair_case_specific,"We can help with service options. Please contact Apple Support privately with the product and issue, without sharing serial numbers publicly.",2237204,Went to the @115858 Store at Century City because my iPhone 7 has a couple of stuck pixels and I was told it was definitely my fault for causing water damage to it(they never checked the phone) and the best sentence ever: “You can live with it”. What has happened to @AppleSupport?,@652378 We'd like to look further into this with you. Please send us a DM with more info about the pixels you are seeing to continue. https://t.co/GDrqU22YpT,0.0754
G165,1881571,@AppleSupport my ipad's speaker damaged. Reason is unknown. Apple service centre refused to repair it. My favourite device....m really sad 😔 https://t.co/pRCunQeIvJ,repair_service,escalate,repair_service,0.91,escalate,repair_case_specific,"We can help with service options. Please contact Apple Support privately with the product and issue, without sharing serial numbers publicly.",2505006,"@AppleSupport Wifi shuts down for no reason, Bluetooth won’t connect properly, have to switch it all off and repair again and even then no guarantee it will work. Phone shuts off during calls have to re-boot","@352038 OK got it. We'd be happy to further investigate those issues today, send us a DM to continue. https://t.co/GDrqU22YpT",0.1206
G166,2185392,@AppleSupport It doesn't connect only when it turns on automatically.,device_technical_issue,auto_handle,how_to,0.67,auto_handle,safe_general_guidance,@customer Let's look into this together. What happens when you try to open this app? Do you see an error message when trying to use Face ID? DM us here: https://t.co/GDrqU22YpT,2488626,"@AppleSupport ""Apps that already support Touch ID will automatically support Face ID"" (https://t.co/t7jJ4aWZ1K) =&gt; How come my bank app doesn't work with Face ID ? https://t.co/Bm6DRPJk7X",@710694 Let's look into this together. What happens when you try to open this app? Do you see an error message when trying to use Face ID? DM us here: https://t.co/GDrqU22YpT,0.1903
G167,1058156,@AppleSupport My keyboard keeps autocorrecting “it” to “I.T” and it’s extremely frustrating. What Can I do? https://t.co/09EvHtbybz,device_technical_issue,auto_handle,how_to,0.67,auto_handle,safe_general_guidance,@customer Here’s what you can do to work around the issue until it’s fixed in a future software update: https://t.co/xXaXeeSRt9 https://t.co/GDrqU22YpT,2016714,Why tf does my phone keep autocorrecting “I” to this crap!??? @AppleSupport https://t.co/gDCQHMujK4,@596392 Here’s what you can do to work around the issue until it’s fixed in a future software update: https://t.co/xXaXeeSRt9 https://t.co/GDrqU22YpT,0.2178
G168,2185474,@AppleSupport also why does the app keep reappearing when I turn my power of and turn it back on. I did not download this I want it gone,device_technical_issue,auto_handle,how_to,0.67,auto_handle,safe_general_guidance,@customer Check out this article: https://t.co/G7BHuQnDS6,1109562,@AppleSupport Correct. Using control center to turn “off”. But just realized this does not turn it off in settings. Why is it different? Thanks,@381848 Check out this article: https://t.co/G7BHuQnDS6,0.3052
G169,146764,"@AppleSupport @AppleSupport - is it typical for your IPhone 7 to have battery and other issues? Shutting down randomly, won’t turn back on until you plug it into a charger, random glitches, phone just doesn’t seem reliable, did I get a lemon?",repair_service,escalate,billing_subscription,0.67,escalate,account_or_transaction_action,"@customer We want to help. To get started, what iOS version is currently installed on your device? To find out, navigate to: Settings &gt; General &gt; About. Has your device ever experienced this behavior previously?",2507338,I plugged my phone into the charger and the battery percentage went down. @AppleSupport wyd,"@714860 We want to help. To get started, what iOS version is currently installed on your device? To find out, navigate to: Settings &gt; General &gt; About. Has your device ever experienced this behavior previously?",0.1933
G170,2987300,Travelled over an hour to @115858 Store to get repairs on a £1000 #iPhoneX only to be told too busy and to come back another day @AppleSupport disgraceful way to treat customers.,repair_service,escalate,repair_service,0.67,escalate,repair_case_specific,"We can help with service options. Please contact Apple Support privately with the product and issue, without sharing serial numbers publicly.",2971284,Huh. I think @applesupport got the time wrong...didn’t realize the Genius Bar did mid-night repairs. #instagram #facepalm https://t.co/4ja1oGssEN,@819565 We'd like to have a closer look at what is going on with your reservation. DM us and we'll go from there. https://t.co/GDrqU22YpT,0.1139
G171,2965367,"@AppleSupport Getting really frustrated. iMessage works fine on iPhone, worked fine on iPad, stopped working randomly yesterday on iPad. No changes to anything. Tried relogging to my account, restarting iPad, updating to latest iOS, deleting threads with “Not Delivered” - nothing",device_technical_issue,auto_handle,order_delivery,0.67,escalate,account_or_transaction_action,@customer We’re glad to hear that you were able to get your content to work. Enjoy the rest of your day!,852922,@AppleSupport Something worked. I cancelled the pre-order from my account. Then I had an option to complete the album. This worked. Thanks!,@322617 We’re glad to hear that you were able to get your content to work. Enjoy the rest of your day!,0.1384
G172,2301990,my phone went from 20% to 12% in 3 minutes @AppleSupport what is this bullshitery,device_technical_issue,auto_handle,how_to,0.67,auto_handle,safe_general_guidance,@customer We want to help. DM us which iOS version you have and how long this issue has been going on now. We'll be happy to look into why this is happening with you. https://t.co/GDrqU22YpT,2558741,Hey @115858 @AppleSupport please explain how/why my phone now goes from 100% to 20% in two hours without being used?! #garbage,@436510 We want to help. DM us which iOS version you have and how long this issue has been going on now. We'll be happy to look into why this is happening with you. https://t.co/GDrqU22YpT,0.1688
G173,162875,"@AppleSupport That worked, thank you!! 🙌🏻",feedback_complaint,auto_handle,feedback_complaint,0.67,escalate,high_emotion_or_feedback,@customer You're very welcome. Please let us know if there's anything else we can do for you.,31410,@AppleSupport That worked. Thank you.,@122925 You're very welcome. Please let us know if there's anything else we can do for you.,1.0
G174,1906176,"@115858 @AppleSupport Can i have one appointment for all my devices to be fixed? Thanks, Loyal customer 😬 https://t.co/C1uQ12kCzM",repair_service,escalate,repair_service,0.67,escalate,repair_case_specific,"@customer That's not what we like to hear! Meet up with us in DM with info on what's happening, and we'll try to save you a trip. If needed, we can even help create a reservation. https://t.co/GDrqU22YpT",620225,.@AppleSupport why won’t the website let me schedule an appointment????,"@267204 That's not what we like to hear! Meet up with us in DM with info on what's happening, and we'll try to save you a trip. If needed, we can even help create a reservation. https://t.co/GDrqU22YpT",0.2376
G175,2220747,@AppleSupport no why do u think it would be any diffrence ive been threw this a million times myself i do no how to download latest itunes it just fails when trying to install,device_technical_issue,auto_handle,how_to,0.67,auto_handle,safe_general_guidance,@customer Thanks for reaching out and for providing us with the screenshot. Let's discuss this further in DM. https://t.co/GDrqU22YpT,1249738,@AppleSupport how do i fix this https://t.co/tp7fcx29Oz,@413220 Thanks for reaching out and for providing us with the screenshot. Let's discuss this further in DM. https://t.co/GDrqU22YpT,0.2716
G176,2965366,"@AppleSupport Yes. No progress whatsoever. Received iMessages come in on my iPhone but not iPad, outgoing iMessages on the iPhone are fine, but get a 3/4 bar for minutes then a “Not Delivered” on the iPad. Again, no changes were made to the iPad. Internet connectivity on iPad is otherwise fine",device_technical_issue,auto_handle,order_delivery,0.67,escalate,account_or_transaction_action,We can look into the order through a private support channel. Please do not post your order number publicly.,2575323,My iPhone X hasn't moved from china in 6 days...@AppleSupport @115858 @115817 @UPSHelp .... ya'll wanna tell me what the deal is? It was supposed to be delivered today but clearly that's not happening.,"@730278 Hey there! Thanks for reaching out to us about your pending delivery! We're so excited that you're in line to get one! To find out more about the delivery status, we'd recommend contacting our Sales Support team: https://t.co/8yjRd1Xo0i",0.0927
G177,2484158,"@AppleSupport This is the 3rd time my MacBook charger has caught on fire. I fly 500k miles a year for my work, most long haul aircraft have AC outlets nowadays. It's just been pure luck that it's never happened while I'm flying. They hand out flight bans like candy these days...",repair_service,escalate,billing_subscription,0.9418,escalate,account_or_transaction_action,"@customer Hey there, Dave. Thank you so much for bringing this to our attention. Send us a DM, and let us know which Mac this is being used with. We'll have a look into this. https://t.co/GDrqU22YpT",2852332,@AppleSupport so my MacBook charger set on fire https://t.co/nBqtcSBuLV,"@793027 Hey there, Dave. Thank you so much for bringing this to our attention. Send us a DM, and let us know which Mac this is being used with. We'll have a look into this. https://t.co/GDrqU22YpT",0.2638
G178,2480957,"@AppleSupport my iPhone, iPod, iPad and Mac book pro all hate me 😩 stupid iPhoto, photo, log in and sharing! Waste of a Sunday afternoon!",device_technical_issue,escalate,account_access_security,0.67,escalate,account_or_transaction_action,@customer We'd like to gather some more information for better troubleshooting. Can you DM us the country you are located in? https://t.co/GDrqU22YpT,1779265,"Hi, can’t log in to my @115858 account from my phone... @AppleSupport ...",@534588 We'd like to gather some more information for better troubleshooting. Can you DM us the country you are located in? https://t.co/GDrqU22YpT,0.1887
G179,2900442,@AppleSupport I found it. Thanks.,feedback_complaint,auto_handle,feedback_complaint,0.67,escalate,high_emotion_or_feedback,"@customer You’re welcome! If you have any other questions, let us know. We’re available every day from 5 a.m. to 8 p.m. Pacific time.",123721,@AppleSupport Thanks!!!,"@143664 You’re welcome! If you have any other questions, let us know. We’re available every day from 5 a.m. to 8 p.m. Pacific time.",0.5341
G180,2362807,@AppleSupport hi. I’ve been to the Genius Bar 4x now for crashing texts. Did a reset and it’s still doing it. Latest update has been done,repair_service,escalate,repair_service,0.67,escalate,repair_case_specific,@customer We'd like to have a closer look at what is going on with your reservation. DM us and we'll go from there. https://t.co/GDrqU22YpT,2971284,Huh. I think @applesupport got the time wrong...didn’t realize the Genius Bar did mid-night repairs. #instagram #facepalm https://t.co/4ja1oGssEN,@819565 We'd like to have a closer look at what is going on with your reservation. DM us and we'll go from there. https://t.co/GDrqU22YpT,0.2264
G181,2564163,@115858 @AppleSupport @188 why is it I can only go on fb messenger ONLY on wifi but everyone else I know doesn’t have to use their wifi to access it,device_technical_issue,auto_handle,how_to,0.67,auto_handle,safe_general_guidance,"@customer Try deleting Snapchat, restart, then reinstall. Let us know if that helps.",2896122,@AppleSupport It only pauses when I get a Snapchat notification. Restarting doesn’t help,"@802520 Try deleting Snapchat, restart, then reinstall. Let us know if that helps.",0.1574
G182,1416986,"@AppleSupport That’s great, thank you! 👍🏻",feedback_complaint,auto_handle,feedback_complaint,0.67,escalate,high_emotion_or_feedback,@customer You’re welcome! Let us know in DM how that works. We’re available every day from 5 a.m. to 8 p.m. Pacific time. https://t.co/GDrqU22YpT,1473834,@AppleSupport Thank you!,@462135 You’re welcome! Let us know in DM how that works. We’re available every day from 5 a.m. to 8 p.m. Pacific time. https://t.co/GDrqU22YpT,0.6203
G183,1948202,"@AppleSupport is my iPhone 6S too old (less than 2 years bought from Apple Store), or is it not built for iOS 11. Battery doesn’t last now",device_technical_issue,auto_handle,device_technical_issue,1.0,auto_handle,safe_general_guidance,@customer What occurs when trying to re-download your music? https://t.co/GDrqU22YpT,2838625,@AppleSupport iPhone 6S and I’m on iOS 11.1.2,@790000 What occurs when trying to re-download your music? https://t.co/GDrqU22YpT,0.3362
G184,2798441,Dear @AppleSupport why do you make it hard to get a Genius Bar appt? I have a crippled iPad &amp; I don't want to chat. I want to have it fixed.,repair_service,escalate,repair_service,0.67,escalate,repair_case_specific,@customer We'd be happy to document your commendation regarding your in-store experience. Send us a DM with details and we'll go from there. https://t.co/GDrqU22YpT,2619955,@AppleSupport want to send a commendation to the employee who helped me at the genius bar yesterday. How do I do that?,@740338 We'd be happy to document your commendation regarding your in-store experience. Send us a DM with details and we'll go from there. https://t.co/GDrqU22YpT,0.312
G185,2564157,@AppleSupport Thanks I chatted with support and scheduled an appointment,feedback_complaint,auto_handle,repair_service,0.67,escalate,repair_case_specific,"@customer That's not what we like to hear! Meet up with us in DM with info on what's happening, and we'll try to save you a trip. If needed, we can even help create a reservation. https://t.co/GDrqU22YpT",620225,.@AppleSupport why won’t the website let me schedule an appointment????,"@267204 That's not what we like to hear! Meet up with us in DM with info on what's happening, and we'll try to save you a trip. If needed, we can even help create a reservation. https://t.co/GDrqU22YpT",0.3838
G186,2750454,"@AppleSupport the high Sierra upgrade has turned my i7 iMac into a steaming pile of shit. How long does this crap take to finish upgrading. Completely unresponsive doing ""stuff"" after upgrade.",device_technical_issue,auto_handle,device_technical_issue,0.9998,auto_handle,safe_general_guidance,@customer The Apple File System is not available for use with Fusion Drives. Take a look at this article for more information about that: https://t.co/Cg3xfhqqmk,2593038,@Applesupport is APFS supported on the Fusion Drive in the iMac yet? I want to upgrade to High Sierra but don’t want any problems!!,@734344 The Apple File System is not available for use with Fusion Drives. Take a look at this article for more information about that: https://t.co/Cg3xfhqqmk,0.2342
G187,2044651,"Mira que me gusta vuestra actualización pero me va como el culo ahora, cuando queráis lo solucionáis. @115858 @AppleSupport",device_technical_issue,auto_handle,feedback_complaint,0.8503,escalate,high_emotion_or_feedback,"@customer Since our Twitter support is available in English, get help at https://t.co/IBIY3vMgPj or join https://t.co/pvaOFfPbjt",2512276,"meu passatempo é meu celular, lá tem minhas músicas, minhas frases, meus estudos, meu app do nubank, como que eu vou conseguir ficar sem ? :( thanks @AppleSupport @118936","@715996 Since our Twitter support is available in English, get help at https://t.co/IBIY3vMgPj or join https://t.co/pvaOFfPbjt",0.1425
G188,2909276,@AppleSupport I think that’s actually fixed it! Thanks,feedback_complaint,auto_handle,feedback_complaint,0.67,escalate,high_emotion_or_feedback,@customer You're quite welcome! Have a great day.,2652638,@AppleSupport That fixed it. Thanks a lot.,@268751 You're quite welcome! Have a great day.,0.489
G189,2837220,@AppleSupport Yes. Clean install to 11.1.2. I’ve turned off background refresh and all things that could be slowing it down and draining the battery. When typing the keyboard lags and freezes. Apps constantly crash. And my battery lasts maybe 5 hours max on full charge with moderate use.,device_technical_issue,auto_handle,billing_subscription,0.67,escalate,account_or_transaction_action,"@customer Let's work on this together. Here are a few tips to improve battery life, try them out, then DM us: https://t.co/bivpdfBNJ6 https://t.co/GDrqU22YpT",1896122,"@AppleSupport since updat to new iOS my phone battery barely lasts 3 hours, charge to 45% with 10 minutes of using it back down 22%???","@565155 Let's work on this together. Here are a few tips to improve battery life, try them out, then DM us: https://t.co/bivpdfBNJ6 https://t.co/GDrqU22YpT",0.2085
G190,1560002,@AppleSupport What’s up with this I️ business?!!!!! Can I️ get some support?,device_technical_issue,auto_handle,how_to,0.67,auto_handle,safe_general_guidance,@customer Thanks for reaching out. We have a workaround for this here: https://t.co/xXaXeeSRt9 DM us if you still need help. https://t.co/GDrqU22YpT,1586293,@AppleSupport Can we start with what is going on here with that A ? That pops up? https://t.co/mjyQTry7Vd,@488024 Thanks for reaching out. We have a workaround for this here: https://t.co/xXaXeeSRt9 DM us if you still need help. https://t.co/GDrqU22YpT,0.2033
G191,1971418,@AppleSupport I*,other,escalate,device_technical_issue,0.5155,escalate,low_intent_confidence,"Sorry you’re having trouble. Please share the product, software version, and what happens when you try, and we’ll help narrow it down.",733,@AppleSupport I’ve got a screenshot saying my #iPhoneX is reserved for the 3rd then an email saying it’s the 18th... what happened?,@115863 Go ahead and send us a DM please. Let us know the country you're in.,0.0
G192,1598608,@AppleSupport @490995 hello this is also happening on my phone too!!! please fix this for everyone!!!!,device_technical_issue,auto_handle,device_technical_issue,0.523,escalate,low_intent_confidence,@customer Can you tell us which iOS version you're running?,2833041,"@AppleSupport I’m pretty sure everyone is experiencing it, everyone that has an iPhone lol",@788698 Can you tell us which iOS version you're running?,0.3764
G193,1081525,iOS 11.0.03 is the worst I’ve ever seen. My battery literally went down 3% while typing this tweet. Drops WiFi constantly @AppleSupport,device_technical_issue,auto_handle,device_technical_issue,0.9996,auto_handle,safe_general_guidance,@customer We're here for you. Let's restart your device and see if the issue persists: https://t.co/OWRDHWSt4h,1449353,Hey @AppleSupport have you ever seen this bug? #ios11 https://t.co/a6811zlOMD,@456322 We're here for you. Let's restart your device and see if the issue persists: https://t.co/OWRDHWSt4h,0.2849
G194,540936,@AppleSupport Is this feature available in India,how_to,auto_handle,how_to,0.67,auto_handle,safe_general_guidance,@customer That feature hasn't been released in our public iOS versions yet.,2802474,@AppleSupport Thanks. …but that doesn’t explain why I don’t see the Apple Pay in messages feature.,@781757 That feature hasn't been released in our public iOS versions yet.,0.2342
G195,2105941,@AppleSupport What in the world does this mean?! I've been trying to log on to imessage on my phone and it won't do it so I plugged it into my computer and this is what I got. I can't get anything to log in properly! https://t.co/Smb1PfPLHC,account_access_security,escalate,account_access_security,0.67,escalate,account_or_transaction_action,"@customer You've come to the right place! We'll see about getting your Mac up and running again. First, was this an update from a previous version, or were you doing the 10.13.1 update? While you're checking, read about startup screens here: https://t.co/3WncOWIQW8",2739444,@AppleSupport just updated. What’s going on with this. I can’t log in. https://t.co/ogXNFcNMWL,"@264984 You've come to the right place! We'll see about getting your Mac up and running again. First, was this an update from a previous version, or were you doing the 10.13.1 update? While you're checking, read about startup screens here: https://t.co/3WncOWIQW8",0.3761
G196,2363138,@AppleSupport I’m having a problem with my high Sierra update on my MacBook Pro since yesterday it’s been like this and I’m just waiting around hoping my stuff is not going to get deleted 😭😫😞 https://t.co/qWP4M22Mko,device_technical_issue,auto_handle,device_technical_issue,1.0,auto_handle,safe_general_guidance,@customer We'd be happy to look into this with you. Which iPhone are you using?,849915,@AppleSupport hey apple i have been having this problem since yesterday please help https://t.co/YvSMUpxiFR,@321946 We'd be happy to look into this with you. Which iPhone are you using?,0.3671
G197,122320,@AppleSupport I got a message that said my account was locked. I just want to be sure it was sent from Apple.,account_access_security,escalate,account_access_security,0.67,escalate,account_or_transaction_action,"@customer We can work together to get this resolved. We'd like to clarify the issue, Can you tell us how your iPhone is locked? For example, Activation Locked, passcode locked or something else?",2269980,@AppleSupport I was setting up an iPhone and it got locked due to the fact the account pin was wrong,"@660527 We can work together to get this resolved. We'd like to clarify the issue, Can you tell us how your iPhone is locked? For example, Activation Locked, passcode locked or something else?",0.2945
G198,1759663,@AppleSupport ... give it away for repair for 3 days. can you please advise what my options are. this is urgent. thank you so much,repair_service,escalate,repair_service,0.67,escalate,repair_case_specific,"@customer We'd like to learn more about the trouble you're having with your MacBook Pro and explore our options to assist. Meet us in DM, we'll continue from there. https://t.co/GDrqU22YpT",2772627,"@AppleSupport @116333 my new Macbook Pro died and the promised 3-5 day repair time is now well into 10 days, with the store being clueless. Cooool.","@266323 We'd like to learn more about the trouble you're having with your MacBook Pro and explore our options to assist. Meet us in DM, we'll continue from there. https://t.co/GDrqU22YpT",0.1771
G199,2960135,@AppleSupport Can I trade in two older iPhones at the Apple Store in order to afford a new iPhone? Thanks!,order_delivery,escalate,order_delivery,0.79,escalate,account_or_transaction_action,"@customer While this link is more for how to prepare your iPhone for service, we recommend the steps in it for this occasion as well, including keeping your SIM card: https://t.co/Ttfes3FATB",2802427,@AppleSupport i have my trade in kit to send back my old iphone but do i keep the SIM card or ship that back as well? a little confused,"@781746 While this link is more for how to prepare your iPhone for service, we recommend the steps in it for this occasion as well, including keeping your SIM card: https://t.co/Ttfes3FATB",0.1612
G200,2526274,"@AppleSupport So i tweeted about my speakers making popping noises a few days ago. I just found out that my left speaker is out, no noise comes out of it... Will my local ‘Simply Mac’ replace my phone/ fix it or would I have to ship it in to Apple?☹️",repair_service,escalate,repair_service,0.67,escalate,repair_case_specific,"We can help with service options. Please contact Apple Support privately with the product and issue, without sharing serial numbers publicly.",2631618,@AppleSupport trying to speak to Apple Store Bath to find out if my laptop is repaired but phone number disconnects - can you help?,@743091 We're here to help. Please meet us in DM and we'll take a look at this matter together. https://t.co/GDrqU22YpT,0.0867
