tweet_id,customer_id,created_at,customer_text,historical_reply
733,115863,Tue Oct 31 22:16:40 +0000 2017,@AppleSupport I’ve got a screenshot saying my #iPhoneX is reserved for the 3rd then an email saying it’s the 18th... what happened?,@115863 Go ahead and send us a DM please. Let us know the country you're in.
4917,116865,Tue Oct 31 23:03:40 +0000 2017,.@AppleSupport why my iPhone keep dying at 30% quit playing games I'm not getting no new damn phone or iPhone x,@116865 We'd like to help. What iOS version are you on?
5835,117105,Tue Oct 31 23:24:52 +0000 2017,You dropped an update and I️ still see boxed question marks. Fix this shit @AppleSupport @115858.,@117105 We're here to help. Which version of iOS is installed on your device? You'll see this in Settings &gt; General &gt; About.
6804,749158,Mon Oct 09 12:14:14 +0000 2017,@AppleSupport Made the phone battery draining,@749158 We'd like to help with any issues you're having on your iPhone. DM us details and we'll continue support there. https://t.co/GDrqU22YpT
6828,608040,Fri Oct 06 16:30:48 +0000 2017,@AppleSupport Can I get this update off my phone? My phone keeps freezing...,@608040 We want to be sure you can enjoy the new update. We'd love to help. Send us a DM and we'll go from there. https://t.co/GDrqU22YpT
6839,324832,Fri Oct 13 13:34:53 +0000 2017,@AppleSupport notifications do not disappear after i read my emails.,@324832 We’re here to address your concerns. Let's team up in Direct Message using the link below. https://t.co/GDrqU22YpT
9238,121480,Wed Nov 01 19:53:37 +0000 2017,@AppleSupport Ahhh @521112,"@121480 We want to help you with the App Store. Try restarting first, and DM us if this persists: https://t.co/OWRDHWSt4h https://t.co/GDrqU22YpT"
9829,117806,Wed Nov 01 00:30:27 +0000 2017,@AppleSupport started before downloading 11.1 (was never able to download 11.0.3). hasn't gotten better since update,@117806 Let's continue within DM here: https://t.co/GDrqU22YpT
10685,117965,Wed Nov 01 00:14:00 +0000 2017,@AppleSupport I️ figured it out thanks 🤘🏽,@117965 Awesome! It's our pleasure. Feel free to reach out anytime a question comes up.
10693,117968,Sun Nov 12 17:35:39 +0000 2017,@AppleSupport Well it is now 11 days after and still no sign of it,@117968 Thanks for letting us know. Please send us a DM with the current country you're in. https://t.co/GDrqU22YpT
11107,118096,Wed Nov 01 00:50:59 +0000 2017,.@AppleSupport .@115858 haven’t been able to type I️ since the new update https://t.co/BtR51UmAzb,@118096 We certainly want you to be able to type. Have you tried restarting the device since this has happened?
12599,118517,Wed Nov 01 01:26:08 +0000 2017,@115858 @AppleSupport APPLE WHY IS MY “I️’s” coming out as question marked boxes &amp; pounds ?! Fix it jeezus,@118517 Hi. We are here to help. What version of iOS do you have?
13938,118929,Wed Nov 01 02:12:51 +0000 2017,it’s been doing this for two days... cmon @AppleSupport https://t.co/SVOOZiTXli,"@118929 We're anxious for you to have access to your downloads. Have you had a chance to restart the iPhone? If not, let's do that now."
14838,119210,Thu Sep 28 18:32:39 +0000 2017,@AppleSupport iOS 11 is draining the battery on my iPhone 7 twice as fast as iOS 10. Help!,@119210 We'd like to gather some more information for better troubleshooting. Can you DM us the country you are located in? https://t.co/GDrqU22YpT
23107,121032,Sat Nov 25 22:17:50 +0000 2017,"@AppleSupport All website. I can record with audio. The recording are playing well in Photos and the sound is ok. But when I import them in iMovie, the sound doesn’t follow. Only if I was in Safari when I made the screen recording",@121032 Is this iMovie for iOS or for the Mac?
31410,122925,Wed Nov 01 17:49:24 +0000 2017,@AppleSupport That worked. Thank you.,@122925 You're very welcome. Please let us know if there's anything else we can do for you.
31875,123042,Wed Nov 01 04:59:55 +0000 2017,@AppleSupport This is self explanatory screen shot of one of example of hanging https://t.co/mrQdCzjqXh,@123042 Let's see if updating the iPhone to iOS 11.1 helps. DM us if it doesn't. https://t.co/80YRnjDFDk https://t.co/GDrqU22YpT
33333,250825,Fri Nov 03 10:24:13 +0000 2017,"@123366 @AppleSupport This happens to me too, there is also a video streaming bug in Safari. Phone gets really warm and drains battery (3% in 90 seconds) using YT","@250825 Hey, we'd like to work with you to get everything sorted. DM us the iOS version of your iPhone and we'll go from there. https://t.co/GDrqU22YpT"
33357,123377,Wed Nov 01 06:34:50 +0000 2017,@115858 @AppleSupport Congrats. IOS 11.1 is making my iPhone 6 even more glitchy and prone to freezing than it was before. #WTF,@123377 We'd like to look into this with you. Please click here to connect with us in DM. We'll continue there. https://t.co/GDrqU22YpT
35213,123669,Wed Nov 01 10:08:24 +0000 2017,@AppleSupport Hola/Hello! I can use the AirPods witch Bluetooth audio transmisor? Any model? This no... https://t.co/ULMExUlaoX,@123669 You'll find more info on compatibilty with your AIrPods at the following link: https://t.co/Kd8IAdG7nA
35217,123671,Wed Nov 01 13:44:07 +0000 2017,@AppleSupport 7 Plus and most recent,@123671 Thank you. Please send us a DM and tell us the specific version number you see under Settings &gt; General &gt; About &gt; Version. https://t.co/GDrqU22YpT
35347,123705,Wed Nov 01 10:01:36 +0000 2017,"@AppleSupport my iphone 6s is rendered two 2 hours. Drained battery, killed all non used apps and still two hours. #newiosblows",@123705 Let's look into what's happening together. Send us a DM telling us the country you're located in to begin. https://t.co/GDrqU22YpT
35984,582035,Tue Oct 31 01:11:23 +0000 2017,@AppleSupport WatchOS 4 bricked my Apple Watch and now you expect me to pay to unbrick it when the fault is with your update. Apple are thieves!,@582035 We certainly don't like hearing that you are having issues with your Apple Watch. Let's explore if we have any options via DM. https://t.co/GDrqU22YpT
35986,753080,Tue Oct 31 05:28:44 +0000 2017,@AppleSupport I am an iPhone user n I like  apple earphones the most but one of ear plug is not working. bought my i phone in May2016. I am in canada,"@753080 We can help you with some options. Did these EarPods come with your iPhone? Also, have you tested them with another device?"
36643,123982,Wed Nov 01 13:57:32 +0000 2017,@AppleSupport any possibility to do that without completely wiping the memory? Thanks! 2/2,@123982 We're so sorry for your loss. Let's continue chatting via DM so we can take a look at the best options. https://t.co/GDrqU2kzhr
39674,124684,Wed Nov 01 07:17:52 +0000 2017,iOS11.1 update available. Let's hope this sorts the horrific battery life since the last one eh @AppleSupport?,"@124684 If you're having issues with the battery life on your iPhone, we certainly want to help. Let us know more in DM. https://t.co/GDrqU22YpT"
45581,126092,Wed Nov 01 16:04:48 +0000 2017,"Hey @AppleSupport - Thanks for providing me with outstanding #customerservice 

Much appreciated!",@126092 We're glad we could help you out today. Let us know if we can be of assistance in the future. Have a great day!
45590,126095,Wed Nov 01 15:58:29 +0000 2017,@126097 @AppleSupport Yes. Mine is doing the same,@126095 We'd like to look into this with you. Could you DM us the exact version of iOS you are running? https://t.co/GDrqU22YpT
46591,126353,Wed Nov 01 16:10:16 +0000 2017,So iOS 11.1 has got some bugs 😬 @AppleSupport @115858 https://t.co/GOjjfGtXSg,@126353 We want to help. Does this happen with other apps?
47995,126729,Wed Nov 01 16:35:11 +0000 2017,"@AppleSupport hi there, I need to inquire something regarding he refund of an item","@126729 For questions about refunds, our iTunes Store would be the best team to help. Reach out to them here:  https://t.co/SDIe7UiyJN"
50818,127403,Wed Nov 01 16:37:21 +0000 2017,Can’t get into apple news on iPhone🤷🏼‍♂️ @115858 @AppleSupport,@127403 Happy to help. So we're on the same page is this the Apple News app or the website you're attempting to access?
50839,127411,Wed Nov 01 17:19:42 +0000 2017,@AppleSupport Thank you for the reply. That Page was thé first thing I have double checked. I can connect with a contact. But that contact gets nothing..,"@127411 Thanks for trying those steps. Is this happening with one contact, or all contacts? Have you restarted your MacBook Air?"
53012,127947,Wed Nov 01 19:49:38 +0000 2017,@AppleSupport 11.0.3,@127947 Let's update your software to iOS 11.1 to resolve this. We do recommend backing up first. DM us the results: https://t.co/GDrqU22YpT
53596,128115,Thu Nov 02 01:15:09 +0000 2017,"@AppleSupport And if I delete the alias and create a new Apple ID, could I bring all of my devices and purchases to the new one?",@128115. Please DM us so that we can continue to look into this together. https://t.co/GDrqU22YpT
55103,128493,Wed Nov 01 19:01:36 +0000 2017,"@AppleSupport should I update my iPhone to 11.1 cause if I do my battery better last the whole day. My job depends on it, please advise",@128493 We advise always to keep your device updated for the best expereince.
58798,129386,Wed Nov 01 20:00:44 +0000 2017,@AppleSupport I order my phone at 3:01 27th get a confirmation from Best Buy I’m getting my phone on 11/3 now they said that’s not true!,@129386 We know you must be eager to receive your order. We'd suggest contacting BestBuy directly for help with tracking this order.
59603,129597,Wed Nov 01 21:36:31 +0000 2017,"@AppleSupport Yes unresponsive, i have blank screan, need to force close, and open again messages. Thanks","@129597 Thanks for those details. To help isolate the issue, can you tell us which version of iOS 11 your device is on?"
61368,265764,Tue Nov 21 19:54:07 +0000 2017,"@AppleSupport My iPhone 6 now crashes all the time 🙃.
Thank you for the wonderful update . It gets hanged and takes a million years to restart.",@265764 Let's work together to see how we can get your iPhone running smoothly again. Which exact iOS 11 version are you using under Settings &gt; General &gt; About? Are there certain apps or tasks being performed when you notice this behavior most often?
61384,780495,Tue Nov 21 22:09:27 +0000 2017,@AppleSupport After the latest software update my incall volume is terrible im struggling to hear what the other person is saying can you help?,"@780495 Thanks for reaching out. We're here to help. To start, let's try the steps here: https://t.co/XlmCP1Z14J

If the issue persists, DM us using the link below. https://t.co/GDrqU2kzhr"
62283,130266,Thu Nov 02 06:03:19 +0000 2017,@AppleSupport Yes,"@130266 You mentioned you disabled the widget and got it working again. Is it still working OK? If the issue is continuing, DM us. https://t.co/GDrqU22YpT"
63209,130501,Wed Nov 01 22:00:49 +0000 2017,"@AppleSupport thanks!, not only me, my wife and a friend,  keyboard is very slow and apps like the whatsapp takes up to 10 seconds to open","@130501 Let us know in DM whether you have been able to update to iOS 11.1, please. https://t.co/GDrqU22YpT"
84217,134523,Thu Nov 30 06:58:46 +0000 2017,@115858 Also can @AppleSupport please tell me why my one year old iPhone is crapping out and always freezes or dies?!?! This shit didn’t happen when I️ had an Android..... 🤔,@134523 We would love the opportunity to work with you today to get these issues corrected. Let's begin with finding out which iOS version you are running under Settings &gt; General &gt; About. DM us that version number here: https://t.co/GDrqU22YpT
87024,135043,Thu Nov 30 09:37:15 +0000 2017,@115858 @AppleSupport why do my phone keep vibrating like I have notifications? But when I check there’s no new ones,@135043 Thanks for reaching out to us. We are always happy to help. Send us a DM so we can look into this issue with you there. https://t.co/GDrqU22YpT
87062,135058,Thu Nov 30 20:31:53 +0000 2017,"@AppleSupport Thanks for taking attention on this matter. I’m not sure if this is a bug actually, but UI looks strange. I mean when I swipe to Control Center then StatusBar moves down. Why so? It’d be better to stay in it’s new home…","@135058 That is expected behavior with the Control Center and the status bar. However, we can help get you to the right place to make your suggestion about that. Provide your feedback here:  https://t.co/eTPVYVFyd8"
87063,135058,Thu Nov 30 09:02:33 +0000 2017,"Что-то statusbar уехал (

@AppleSupport, is it a bug or feature? https://t.co/CPqHI7wTUb","@135058 Hey, we'd like to learn some more information on what's going on so that we can help. Send us a DM with the exact iOS version currently installed, and we'll go from there. https://t.co/GDrqU22YpT"
87115,805158,Tue Nov 28 20:12:29 +0000 2017,@AppleSupport No battery life.. hanging... heat.. what not everything.. the worst experience with IPhone 6S that too just one year old device. I can say iPhone 4 and 5S old devices were awesome. @AppleSupport decline stage started..!! https://t.co/3UOBxpllWh,"@805158 It seems that you are having trouble with your device. If so, we'd like to help. Send us a DM. https://t.co/GDrqU22YpT"
87134,135065,Thu Nov 30 08:33:51 +0000 2017,"@AppleSupport @115858 I took a picture and when I went to the camera roll, about 11,000 photos went missing. I had around 24k, now at 13k.","@135065 We know how important your photos are, and we'd love to help. Since the photos disappeared, have you had a chance to restart your iPhone?"
90310,805192,Tue Nov 28 20:09:08 +0000 2017,@135589 @AppleSupport @115858 I can confirm the behavior on my machine running 10.13.1. Absolutely unbelievable!,"@805192 We'd like to take a closer look at what's happening. DM us with more details, including what type of Mac you're using. We'll look forward to chatting with you further. https://t.co/GDrqU22YpT"
90608,135610,Fri Dec 01 10:05:51 +0000 2017,@AppleSupport Thanks Apple the issue is sorted after updating to iOS 11.1.2,@135610 We're glad to hear that! Feel free to reach out to us again in the future.
92529,136035,Thu Nov 30 14:30:50 +0000 2017,"@AppleSupport this is what the new iOS 11 update does. You’ve ruined my phone with the new update. 
I am certain I am not the only one who feels this way. https://t.co/bKStjof2Uw",@136035 We'd be happy to look into this with you more in detail.  Let us know in DM the issue's you're experiencing and the iOS device you're using and we'll continue from there. https://t.co/GDrqU22YpT
92669,136063,Thu Nov 30 12:59:26 +0000 2017,"Mac wouldn’t wake from sleep today, had to force reboot, now it’s doing this. If this is how emergency security patches are installed, it’s not very friendly. @AppleSupport https://t.co/ylaToAcVxC",@136063 We understand how this would be disruptive when you need to use your Mac. Has the update completed? Are you able to use your Mac? https://t.co/GDrqU22YpT
92684,136067,Thu Nov 30 16:08:44 +0000 2017,@AppleSupport iOS 11.1.2 but it’s been an issue for quite a while now...maybe since the last version of iOS 10.x. All of other Apple products work as expected. I can manually open Safari and navigate to https://t.co/gXbKvv9iHf and that will work most of the time.,@136067 Okay. Join us in DM so we may better assist you: https://t.co/GDrqU22YpT
94862,136616,Thu Nov 30 15:04:15 +0000 2017,@115858 @AppleSupport Merci pour cette dernière mise à jour qui a planté mon Mac et j’ai perdu toutes mes données ! On en parle ?,@136616 We offer support via Twitter in English. Contact us for help in your preferred language here: https://t.co/IBIY3vMgPj
96955,801939,Tue Nov 28 14:28:11 +0000 2017,@AppleSupport @AppleSupport Hello I founded an opening in your website how I can report it?,@801939 Send us a DM with more details. Let us also know the country you're in please. https://t.co/GDrqU22YpT
96970,137163,Thu Nov 30 16:34:55 +0000 2017,@AppleSupport Control center i believe. But I turn it off when I wanna disconnect as opposed to just walking far enough away or waiting till I do.,@137163 This is expected behavior in iOS 11. Managing Bluetooth via Control Center will disconnect you from the device it's currently paired with. To completely turn off Bluetooth you'll want to do so via Settings. https://t.co/G7BHuQnDS6
97089,137196,Thu Nov 30 17:47:18 +0000 2017,"@AppleSupport After upgrading to latest iOS , workaround is I  need to go to mailbox and trash it from there.",@137196 Let's look into that further. Send us a DM and we'll go from there. https://t.co/GDrqU22YpT
105319,139256,Thu Nov 30 18:42:47 +0000 2017,"@AppleSupport Just switched some settings, turning on “Change volume with buttons” seemed to trigger it to work",@139256 Great to hear you resolved the issue. Let us know if we can help in the future. Have a wonderful day!
107370,139846,Thu Nov 23 19:27:00 +0000 2017,"@AppleSupport A 7+, and I’m not connecting because it’s not working. I open it, my screen turns black and it closes out by itself.","@139846 How long have you been seeing this on your iPhone? How are you connecting to the internet, through Wi-Fi or a cellular connection? Does restarting your iPhone change anything?"
114475,141452,Thu Nov 23 20:58:17 +0000 2017,"@AppleSupport Correct. I went to take a photo just now, and Live was set to on and flash to Auto even though they had both previously been turned off.",@141452 Please DM us to continue. Thank you. https://t.co/GDrqU22YpT
114494,141456,Wed Nov 29 12:18:18 +0000 2017,@AppleSupport It worked for a few days but it’s doing it again now,@141456 We appreciate you letting us know that this is still going on for you. Connect with us in DM to continue looking into this further together: https://t.co/GDrqU22YpT
118039,142169,Thu Nov 23 22:54:58 +0000 2017,"@AppleSupport Hey; 10.13.1 Just doing regular stuff: writing documents, taking notes, surfing the web... Yes I've restarted several times already...","@142169 When the behavior occurs, what steps do you take to get your Mac working normally again? How long ago did you upgrade your Mac, how many times have you encountered this behavior since?"
122320,143275,Fri Nov 24 00:16:58 +0000 2017,@AppleSupport I got a message that said my account was locked. I just want to be sure it was sent from Apple.,@143275 Let's look into that. Send us a DM and we'll go from there. https://t.co/GDrqU22YpT
123084,143490,Fri Nov 24 01:22:30 +0000 2017,@AppleSupport Yes. IPhone /6S Plus syncs the same. I deleted quite a few emails from the MacBook Pro (approx 150) but no change on the 6S+/iPad,"@143490 Is it one particular email account, or is it happening with multiple email accounts?"
123721,143664,Fri Nov 24 01:04:08 +0000 2017,@AppleSupport Thanks!!!,"@143664 You’re welcome! If you have any other questions, let us know. We’re available every day from 5 a.m. to 8 p.m. Pacific time."
126370,144363,Fri Nov 24 02:49:42 +0000 2017,@AppleSupport my phone randomly freezes &amp; shuts down apps + restarts on its own.. this is an iphone 8. I shouldn’t be having these problems when I haven’t had this phone for a month yet🙄,"@144363 You’re in the right spot and we’ll do everything we can to help you. Does this seem to only happen with certain apps? Also, did you restore this iPhone 8 from a backup of another iPhone?"
126381,144368,Fri Nov 24 03:32:22 +0000 2017,@AppleSupport iPhone X: 11.1.2,@144368 Got it. Join us in DM and we'll continue from there. https://t.co/GDrqU22YpT
143558,148437,Fri Nov 24 04:37:37 +0000 2017,@AppleSupport 11.1.2,@148437 Thanks. Does the same issue occur when using the Apple EarPods that came with the phone? How about Speakerphone?
146552,149262,Fri Nov 24 14:53:18 +0000 2017,"@AppleSupport Thanks. Still, it is not working with the iPhoneX. It works with the iPhone 6s thou","@149262 We're happy to hear it's now working with the iPhone 6s. To help us determine the cause, are both iPhone's using the same iOS version? This is found in Settings &gt; General &gt; About &gt; Version."
146764,802855,Tue Nov 28 16:47:18 +0000 2017,"@AppleSupport @AppleSupport - is it typical for your IPhone 7 to have battery and other issues? Shutting down randomly, won’t turn back on until you plug it into a charger, random glitches, phone just doesn’t seem reliable, did I get a lemon?","@802855 We're happy to help with any issues you're experiencing with your iPhone 7. In DM, please let us know which software version you're using. https://t.co/GDrqU22YpT"
146780,149321,Wed Nov 22 06:34:09 +0000 2017,@AppleSupport hey apple! iphone 6 lock screen. is it normal? https://t.co/j6IcQk1s6D,@149321 We'd like to look into this with you. Could you tell us the version of iOS you're running on this phone? Have you restarted the phone recently?
146785,149322,Fri Nov 24 20:27:48 +0000 2017,"@AppleSupport I made a full reset and reinstall from iTunes, several times without restoring from any backup. Deleting the app does not change this behavior neither. This bug happens randomly when listening, searching or downloading music. On a fresh new iPhone and since iOS 7 I don’t remember",@149322 Thanks for working to resolve this on your own time. We'd like to look at some further support options for you. Could you send us your country in DM using the link below? https://t.co/GDrqU22YpT
148138,149696,Fri Nov 24 10:17:31 +0000 2017,Anyone else finding @AppleSupport over promises then fails to deliver? I've lost total confidence in the brand after macbookpro just stops working one day,"@149696 If you're running into issues with your MacBook Pro, we'd like to help you out. Please send us a DM to tell us the exact issue(s) you're experiencing. https://t.co/GDrqU22YpT"
148181,149706,Fri Nov 24 11:35:36 +0000 2017,"@AppleSupport my iPhone 6s seems to be losing battery VERY quickly. (Gone from 30% to 9% in about 20 mins) is it worth taking to a Genius Bar, can they check battery function?","@149706 We'd love to look into this with you. DM us which version of the operating system your iPhone is running and the country you're in (as support options vary by location), and we'll get started. https://t.co/GDrqU2kzhr"
148202,149716,Sat Nov 25 09:41:28 +0000 2017,"@AppleSupport Hi. I started noticing that since yesterday morning ( 24th November) 
No, a restart didn’t help. And it’s not only on the start screen.",@149716 Good to know. Any recent changes? Can you tell us if disabling AssistiveTouch and then enabling it again resolves it? You can find this in Settings &gt; General &gt; Accessibility &gt; AssistiveTouch.
148225,149722,Fri Nov 24 09:24:08 +0000 2017,Quick @AppleSupport how much charge does my @115858 Warch have? https://t.co/ruGO2WwVEh,@149722 We want to help. Take a look at this article for info on how to check the battery on your Apple Watch and DM us if you have any questions after that: https://t.co/hmbTEy8bzI https://t.co/GDrqU22YpT
149970,118246,Tue Nov 28 00:43:57 +0000 2017,@AppleSupport Went training today. So far so good 👍,@118246 Fantastic to hear! Thanks for letting us know.
149988,150192,Fri Nov 24 12:49:31 +0000 2017,"Hi @AppleSupport it's this time of year again, Tunisia spam calls. CanI block a full country code/area code on an iPhone? AFAIK, I can only block specific numbers on my iphone but they keep changing suffixes.","@150192 Spam calls can be a pain, but we've got steps that can help alleviate what you're seeing. While we can't block like you are wanting in iOS itself, there are third party apps that can help block these calls. Check out steps on that here: https://t.co/l196mimriF"
151415,150576,Fri Nov 24 14:56:15 +0000 2017,"@AppleSupport hello apple, i got a e-mail but i think its fake can you help me? https://t.co/JlIKNYnj6Y",@150576 We're here to help. This does not look to be official Apple correspondence. You can learn more about phishing attempts and how to avoid them here: https://t.co/LNMCdqt6fD
151442,150583,Fri Nov 24 14:34:26 +0000 2017,@AppleSupport I cancelled my Apple Music subscription before the free trial ended and you’ve been charging me for the past 3 months! 😡 Fuck you.,@150583 We'd recommend reaching out to our iTunes Store team for assistance with this: https://t.co/SDIe7UiyJN
151469,150591,Fri Nov 24 14:15:49 +0000 2017,@AppleSupport I just downloaded it yesterday thank you!,@150591 Perfect! Let us know if you run into any other trouble.
151527,150607,Fri Nov 24 14:08:07 +0000 2017,@AppleSupport my iPhone X keeps going on silent by itself. I have forced restarted it aswell.  Any ideas ?? Is it a bug,@150607 We're here to help. Is the Ring/Silent switch moving? Check out this article for how to locate it: https://t.co/45AlFnF6Ae
154438,151390,Fri Dec 01 16:09:44 +0000 2017,"@AppleSupport Working fine after that day.
thank you",@151390 Excellent! We're glad to hear it's all been sorted out.
157718,608853,Sun Nov 19 23:29:22 +0000 2017,@AppleSupport It would be great if this guide was turned into an iBooks book for offline use 👍,@608853 It just so happens you can download it for free from the iBooks store. Select Free Books &gt; Apple User Guides. There you'll find the latest for the iPhone along with all the other Apple devices. You can also find it here: https://t.co/yqxS6ubXDG
157732,764963,Mon Nov 20 11:02:07 +0000 2017,@AppleSupport My iPhone 6 in ios 11.1.2 is problem wifi automatically on,"@764963 Thanks for reaching out. This behavior is a new feature of iOS 11. This article explains: https://t.co/G7BHuQnDS6
We're here for you if you have any questions. Just let us know."
157744,765671,Mon Nov 20 15:33:16 +0000 2017,@AppleSupport Apple just wanted to ask storage on phone full can I get somethink to unload storage thanks,"@765671 You can use iCloud to ease up some of the storage taken up on your device? However, this will not add more physical space to your iPhone. You can read more about the difference here: https://t.co/dREC7Rk0Qk"
161261,153201,Fri Nov 24 20:23:12 +0000 2017,@AppleSupport Hi updated and restarted everything and still getting the same message?,@153201 DM us the current macOS version you are using and we can take a look at this. https://t.co/GDrqU22YpT
162871,153631,Fri Nov 24 19:17:57 +0000 2017,"@AppleSupport Apple music, i’ve just noticed it after updating from ios 11.1 to 11.1.2 and the most recent snapchat update. Now it pauses apple music every time snapchat is opened","@153631 Got it. Have you tried removing and reinstalling Snapchat, then restarting your device?"
162875,153631,Fri Nov 24 21:05:32 +0000 2017,"@AppleSupport That worked, thank you!! 🙌🏻","@153631 Great! We're happy this issue has been resolved. Please, feel free to reach out to us for any reason. We'll be happy to assist."
164221,154036,Fri Nov 24 19:32:41 +0000 2017,Hey @AppleSupport my Messages App crushes every time when I want to open it. I tried everything. I’ve reboot my iPhone 5S and i have the latest iOS. What should i do?,"@154036 Thanks for reaching out to us for support. When you have a free moment, can you please tell us when you first noticed this issue on your device?"
170352,155690,Fri Nov 24 21:48:42 +0000 2017,@AppleSupport Thanks!,@155690 You're very welcome. We'll be here if you need us in the future. Have a great weekend!
171758,156110,Fri Nov 24 22:02:18 +0000 2017,@AppleSupport is this real? https://t.co/N02T2i2Ud3,@156110 This would be a phishing attempt. You can read more on that here: https://t.co/6Ye6EtSytB
172956,156467,Fri Nov 24 22:52:31 +0000 2017,@AppleSupport Yah,@156467 Thanks for reaching out today. Contact us again if you have more questions or concerns. Take care and have a great weekend.
174938,157040,Fri Nov 24 23:49:57 +0000 2017,Why on earth is whatsapp lag on iPhone 7!!!!! Fuck this shit. Everything is fucked up since updating to ios11 @AppleSupport u better fix ios11,@157040 We'd like to help out. Is it just WhatsApp having the performance issues? Let us know in Direct Message and we'll take a look. https://t.co/GDrqU22YpT
178665,174219,Thu Oct 05 13:01:47 +0000 2017,"@AppleSupport Also, since this update, I can no longer play music in my car. It reads media error message.",@174219 We’ve got your back. Can you start by letting us know if you are an Apple Music member via DM? https://t.co/GDrqU22YpT
178690,409618,Wed Oct 25 17:51:44 +0000 2017,@AppleSupport My phone is very slow after I installed the last iOS update.it freezes constantly. IlI have the iPhone 6. Should I take it the apple store?,@409618 We wouldn't recommend it. Which version of iOS 11 are you running? Reply in DM. https://t.co/GDrqU22YpT
188155,160150,Wed Oct 04 04:06:35 +0000 2017,"@AppleSupport o novo IOS 11, deixou meu iPhone péssimo, bateria fraca(dura menos da metade que antes),aplicativos lentos e celular travando.","@160150 Since our Twitter support is available in English, get help at https://t.co/IBIY3vMgPj or join https://t.co/pvaOFfPbjt"
188416,160213,Tue Oct 03 21:47:59 +0000 2017,"@AppleSupport no, i think it was 11.01",@160213  You can update to iOS 11.0.2. We recommend backing up your device before updating. Click here: https://t.co/4f8hwT5to6
188445,160221,Wed Oct 04 05:36:53 +0000 2017,@AppleSupport wifi is always turn on #iOS11,"@160221 We'd be glad to help with that. We have changed how you turn off Wi-Fi, you’ll find the steps here: https://t.co/G7BHuQnDS6"
188658,160279,Wed Oct 04 15:58:04 +0000 2017,@AppleSupport I left it to charge overnight to only get 18%. Then finally got it to 53% in low post mode. Still dropped. I lost 3% just writing this.,"@160279 Are you using an Apple-certified cable to charge? Does it charge fully when using another cable, outlet, or power source?"
206466,164888,Wed Oct 04 21:18:13 +0000 2017,"@AppleSupport my iphone is able to find my mac, but my mac still cannot find my iphone on airdrop.","@164888 For our next steps, let's pair up in DM to dig a bit deeper. https://t.co/GDrqU22YpT"
206677,164951,Thu Oct 05 00:05:46 +0000 2017,@AppleSupport is the WiFiconnection being fixed in the new iOS 11 update? I use my works wf while I am @ work on my phone &amp; it’s not working,@164951 We'd like to help with this. Are you currently updated to iOS 11.0.2? https://t.co/80YRnjDFDk Check in Settings &gt; General &gt; About.
207997,165206,Wed Oct 04 21:24:28 +0000 2017,@AppleSupport It used to on my powerbeats3 but I haven’t used them since goin to 11.0.2,"@165206 Got it! And is it happening with songs downloaded directly to the iPhone, or streaming content?"
208235,602635,Thu Oct 05 02:51:28 +0000 2017,"@AppleSupport I tried 2-factor last year and had to enter passwords six times a day. Is it fixed now? Real question, thank you💗",@602635 We'd be happy to make sure two-factor authentication works for you. Send us a DM and we'll start there. https://t.co/GDrqU22YpT
208956,165450,Wed Oct 04 19:46:12 +0000 2017,@AppleSupport Actually I think I might be ok. Is the  draining of the battery different in ios 11.2?,@165450 We are happy to hear it's okay. We recommend checking out this link on battery life: https://t.co/bivpdfBNJ6
211189,166028,Wed Oct 04 18:27:40 +0000 2017,@AppleSupport Why didn't my IPhone 7 come with a headset adapter?,@166028 We'd like to help. Let us know which country you're located in via DM. We'll go from there. https://t.co/GDrqU22YpT
215829,167327,Thu Oct 05 13:33:36 +0000 2017,@AppleSupport I’ve changed my ISP over it!!!,@167327 We do want to get to the bottom of the issues you're seeing. Could you join us in DM and we'll get started? https://t.co/GDrqU22YpT
219049,168224,Thu Oct 05 01:26:39 +0000 2017,@AppleSupport Dm me,@168224 Please reach back out to us via DM and we can go from there together. https://t.co/GDrqU22YpT
223000,169265,Thu Oct 05 02:20:20 +0000 2017,Someone help where did my dock go. iOS 11 is absolute trash. @AppleSupport https://t.co/XAjhEdgjbc,@169265 We can help. Let's work together in DM. https://t.co/GDrqU22YpT
228328,170433,Wed Oct 11 05:09:58 +0000 2017,"@115858 Moreover, my phone freezes randomly / the playback stops when the notification pops up / many more bugs found on this Beta—@AppleSupport.","@170433 Understood. When you have a moment, please send us over a DM. We'll look into options available there. https://t.co/GDrqU22YpT"
228430,170450,Wed Nov 15 04:37:28 +0000 2017,"Glad I searched 'iPhone freezing' and saw a million other people are having the same issues. @AppleSupport, https://t.co/RACSqIKcDm",@170450 We want to help you with your iPhone. Which apps are you using when this happens? Did you update your iPhone to iOS 11.1.1? Please DM us and we'll continue there. https://t.co/GDrqU22YpT
234627,171867,Thu Oct 05 04:29:41 +0000 2017,"Hey @115858 @AppleSupport is iOS 11 purposely designed to totally mess up your phone or is that just me and everyone else I know? Lmk, thx.",@171867 Have you updated to iOS 11.0.2 yet? https://t.co/80YRnjDFDk Let us know if you still need help in DM. https://t.co/GDrqU22YpT
235836,172175,Thu Oct 05 07:37:28 +0000 2017,"@AppleSupport why iOS 11.0.2 automatically download when connected to WiFi? My setting is off. Why the size is different? 277,1MB to 1,61GB.",@172175 We'd like to take a look into this. Send us a DM to get started. https://t.co/GDrqU22YpT
236809,172395,Thu Oct 05 09:46:34 +0000 2017,@AppleSupport #Apple #Phishing | More information : https://t.co/lGE9pgUcm2 | #AppleID | https://t.co/J16sruZw4g,@172395 Allow us to assist. Send us a DM so that we can help you with this. https://t.co/GDrqU22YpT
237655,172587,Wed Oct 04 08:46:58 +0000 2017,"@AppleSupport 
How do I delete this. (Documents and data) https://t.co/neYsZdSIEL","@172587 That's a great question! So we can look into this, may we get the iOS shown in Settings &gt; General &gt; About?"
239633,172934,Wed Oct 04 10:15:58 +0000 2017,@AppleSupport On the home screen I can. But it becomes blurred in some apps...like this https://t.co/1Pr0oyU0fQ,@172934 Got it. Let us know which version of iOS 11 you're running on this iPhone via DM. We'll go from there. https://t.co/GDrqU22YpT
240472,173120,Wed Sep 27 13:27:22 +0000 2017,"@AppleSupport Yup all podcasts. Correct in app, and on lock screen once paused. Only since iOS11, previously fine.","@173120 Thanks for that information. If you have not tried already, please restart the iPhone. https://t.co/n9BF3L9h6y"
242578,173620,Wed Oct 04 22:34:49 +0000 2017,@AppleSupport iCloud I think!,"@173620 Great. Is iCloud Photo Library enabled on your new iPhone? You can check at Settings &gt; Photo. Also, do you have your old iPhone?"
242587,173624,Tue Oct 03 21:16:32 +0000 2017,@AppleSupport iPhone 6s Plus,@173624 Thanks for sharing! Let's take a closer look at your iPhone together in DM. https://t.co/GDrqU22YpT
242602,173626,Wed Oct 04 20:52:30 +0000 2017,@AppleSupport  https://t.co/sCdvIvfqrP,@173626 Thanks for that. Let's have you backup and update your iOS to 11.0.2: https://t.co/80YRnjDFDk
242745,173667,Wed Oct 04 19:07:15 +0000 2017,@AppleSupport My iphone can't pick up incoming calls from non android phones ever since ios 11. 0 1 update. Please help!! :(,"@173667 Thank you for that information.  Please go ahead and update to our latest iOS 11.0.2, and let us know if the issue persist"
243257,173760,Thu Oct 05 15:04:07 +0000 2017,@AppleSupport Thanks it worked! Much appreciation,@173760 Great to hear! Have a great rest of your week!
243280,173769,Thu Oct 05 11:38:54 +0000 2017,Hating - HATING - the #iOS 11 update that turns WiFi back on after disabling @AppleSupport,@173769 We can help! Are you turning off Wi-Fi in Control Center or Settings? Let us know if this helps: https://t.co/Ikfbnj28qe
243307,173777,Thu Oct 05 11:06:10 +0000 2017,"Ok, the ip7 battery has really gone to shit after the #ios11 update from @115858 ~ any ideas @AppleSupport &amp; yes I have upgraded to 11.02",@173777 We'd like to help. Let's try a few steps here: https://t.co/bivpdfBNJ6 Let us know if any of those steps makes a difference.
244706,174123,Thu Oct 05 14:44:31 +0000 2017,@AppleSupport Using the control center. Yep have discovered that with iOS 11 that has changed. Shame though -turning off WiFI completely in Cc was useful,@174123 We're glad you were able to figure out the change. More details about the changes can be found here: https://t.co/vodH4madjc
244883,174148,Mon Oct 02 12:39:25 +0000 2017,@AppleSupport why won’t Siri work on my brand new Mac?! It just keeps saying Siri Audio Problem?!,"@174148 Let's help get Siri working. To get started, is Siri currently enabled under System Preferences &gt; Siri?"
245109,174192,Wed Oct 04 02:18:04 +0000 2017,@AppleSupport some are taken thru my phone others are screenshots,"@174192 If you go into the Photos app, do you see the Recently Deleted album? If so, are you seeing them there? Let us know in DM. https://t.co/GDrqU22YpT"
247564,174821,Thu Oct 05 16:12:16 +0000 2017,@AppleSupport Just on the home screen for now,@174821 Does it change when going into a differnt app? Go ahead and send us a DM and we'll look into this further with you. https://t.co/GDrqU22YpT
248189,173566,Thu Oct 05 13:55:57 +0000 2017,".@AppleSupport Q: was the WatchOS 4.0.1 update only released for Series 3 watches? Just curious, thanks!",@173566 The recent release of WatchOS 4.0.1 is currently only available for Series 3 Apple Watches.
249302,175229,Sat Nov 25 02:40:14 +0000 2017,"I updated my iPhone, just for the 'I' glitch to be worse, and I can't put songs on my phone. Do you know how hard it is to do life without your music??? C'mon @115858 @AppleSupport! You guys have gotten way too comfortable.",@175229 Help is on the way. Send us a DM to get started. https://t.co/GDrqU22YpT
250718,175588,Thu Oct 05 16:34:23 +0000 2017,@AppleSupport You seriously need to fix IOS 11 updates. I have brand new iPhone 7+ and had to rest network settings several times.,@175588 We'd love to help. Shoot us a DM with the iOS 11 version you're on and we'll help. https://t.co/GDrqU22YpT
252877,176094,Thu Oct 05 16:44:08 +0000 2017,@AppleSupport Hi. Where do I find my Wish List in the updated App Store on iOS11?,"@176094 With the changes made to the App Store, here is a helpful link. https://t.co/oWUHlN3WRH"
253484,176257,Thu Oct 05 18:29:25 +0000 2017,@AppleSupport Not that I’ve noticed. Just whatsapp,@176257 Understood. Let's meet up in DM to work together from here. https://t.co/GDrqU22YpT
255554,187559,Fri Oct 06 19:30:56 +0000 2017,@176772 @AppleSupport Same here but mine keeps switching itself off and I have to turn it back on 😡😡😡😡,@187559 Let's look into that. Send us a DM and we'll go from there. https://t.co/GDrqU22YpT
255564,176777,Thu Oct 05 17:23:31 +0000 2017,@AppleSupport is there way I can use my single mouse and keyboard on multiple macs at the same time?,"@176777 Great question. Since the mouse/keyboard would need to be connected to a specific Mac, there wouldn't be a way to do this."
255584,176784,Thu Oct 05 21:50:25 +0000 2017,"@AppleSupport It’s been over a month now… at first i thought it was me being trigger happy, but seen it w/ screenshots too. Got a Mac, iPhone, and iPad",@176784 Thanks for verifying that. Our Photos experts would be glad to help out. Please reach out here. https://t.co/IBIY3vMgPj
255817,176847,Thu Oct 05 18:13:35 +0000 2017,@AppleSupport @115858 laptop not working from 3rd week &amp; don't want to replace it! #apple I've heard that u have the best customer experience,@176847 We'd love to assist you. DM us at the link below for further assistance. https://t.co/GDrqU22YpT
255819,176849,Fri Oct 06 07:08:41 +0000 2017,@AppleSupport @176848 Fix Battery draining and CC toggle BT and WiFi on and off,"@176849 What you're describing is not an issue, but expected behavior. For more on these changes, check out: https://t.co/G7BHuQnDS6"
260004,177854,Thu Oct 05 20:56:22 +0000 2017,"@AppleSupport Nope, still WiFi is still ON, y Force Touch and nothing, it is still ON https://t.co/sIhSzRDkOJ",@177854  We certainly welcome any feedback you may have regarding this functionality here: https://t.co/eTPVYVFyd8
261294,178213,Thu Oct 05 20:41:03 +0000 2017,@AppleSupport I’ve read where this is common.  Why hasn’t Apple recalled this phone?  If I get another 7plus will I lose the camera again?,@178213 We'd like to help and look into this a little further. Connect with us in DM: https://t.co/GDrqU22YpT
262208,178454,Thu Oct 05 23:27:20 +0000 2017,@AppleSupport The build in Music App.,@178454 We'd like to take a further look. Please meet us in DM. https://t.co/GDrqU22YpT
265128,179174,Fri Oct 06 00:52:48 +0000 2017,@AppleSupport why cant i stream youtube in 4 through safari smh,"@179174 Let's help. To better assist, what currently happens when you try to play a video?"
268728,180070,Fri Oct 06 00:18:13 +0000 2017,"@AppleSupport updated to 11.0.2 yday. Today i7 is having a great batt loss. 4am alarm, batt 100%. Fb usage only until 8am, its only 23%!!",@180070 We’d like to offer our support. Send us a DM to begin. https://t.co/GDrqU22YpT
269167,180181,Fri Oct 06 00:20:47 +0000 2017,"@AppleSupport In case you get this again, here are the specs. Current gen 15” MBP. https://t.co/a45NYeQzai",@180181 Thanks for that information. Let's work together in DM. https://t.co/GDrqU22YpT
270940,180633,Fri Oct 06 02:37:59 +0000 2017,"@AppleSupport No

One easy thing: the library only contained photos that still are on my iPhone. I can resync to an empty library

But don’t know how","@180633 We can walk you through that! Send us a DM, and we'll pick things up there. https://t.co/GDrqU22YpT"
271601,180814,Fri Oct 06 01:35:36 +0000 2017,"@AppleSupport IOS 11 is draining out my IPhone 7 battery! Are you doing something about it?
Too many malfunctions!","@180814 Hey Jaime, we received your DM. Be on the lookout for a response shortly."
272906,181172,Fri Oct 06 02:57:04 +0000 2017,@AppleSupport I understand. Previously turning in off in control center turned off in settings. It does not do that no and needs to,"@181172 Correct. As this is now a feature of iOS 11, we recommend you submit feedback about the change here: https://t.co/eTPVYVFyd8"
284900,183873,Sat Oct 07 00:45:19 +0000 2017,@AppleSupport But they used to work no problem with my old phone and old iOS/iTunes. 12.7 iTunes has made it very difficult to add tones.,@183873 Let's look into this a little deeper. Please DM us and we'll dive in there: https://t.co/GDrqU22YpT
285188,183944,Tue Oct 10 08:28:24 +0000 2017,"@AppleSupport Thought it may be compatible, I doubt that it's useable? I can't send/ receive messages/calls and nowww can't even set an alarm 🙄 #nothappy",@183944 Send us a DM and we'll continue there. https://t.co/GDrqU22YpT
285686,184056,Tue Oct 03 14:42:52 +0000 2017,@AppleSupport It’s set to never,@184056 Try changing the Auto-Lock to a shorter amount of time. Let us know if that helps when your iPhone is in your pocket.
286381,184227,Fri Oct 06 15:35:15 +0000 2017,@AppleSupport @184226 It's drain my batter life on ios 11,@184227 We'd be glad to look into this with you. Send us a DM and let us know which iPhone you're using: https://t.co/GDrqU22YpT
286755,184331,Fri Oct 06 14:46:03 +0000 2017,"@AppleSupport If I turn on Siri and Search for Mail, Spotlight search is useless. It was on for two weeks so any indexing should have been done already.",@184331 We're here to help. Have you updated your iPhone to 11.0.2? Let us know in DM and we'll get started. https://t.co/GDrqU22YpT
286857,184349,Fri Oct 06 11:00:06 +0000 2017,iOS 11.0.2 is draining my battery. Please fix ASAP  @AppleSupport @115858,@184349 Let us look into that with you. Send us a Direct Message and we'll pick it up from there. https://t.co/GDrqU22YpT
287494,184514,Fri Oct 06 11:01:58 +0000 2017,@AppleSupport literally feel like my phone is running on a 2G network after updating to iOS 11 #shambles,@184514 We can certainly help to look into this with you. Which version of iOS are you running now &amp; which iPhone do you have?
288376,184694,Fri Oct 06 12:09:58 +0000 2017,@AppleSupport there should be options to clear app data without deleting app,@184694 Thanks for reaching out. You can let us know more about your suggestions and recommendations here: https://t.co/oWzjJxkvlC
289134,184899,Fri Oct 06 20:49:26 +0000 2017,@AppleSupport ios 11.0.2,@184899 Are you playing the music from the Apple Music app or another music app? Let's dig into this deeper over DM: https://t.co/GDrqU22YpT
292373,185632,Fri Oct 06 14:47:12 +0000 2017,@AppleSupport Why has the iOS 11 update slowed my iPhone and iPad down??? 😖,@185632 We'd like to help. Which iOS version did you update to on both devices?
292933,185762,Fri Oct 06 14:42:25 +0000 2017,Battery drain iOS 11.0.2. @AppleSupport @116333,@185762 We'd like to hear more about what's going on. Please DM us. https://t.co/GDrqU22YpT
294373,136075,Fri Oct 06 15:10:07 +0000 2017,@AppleSupport I'm planning on getting the iPhone X but with the upgrade program that you have will I still have to pre order the phone,@136075 We appreciate your interest and encourage you to stay up to date on Apple news here: https://t.co/gbIPLOsnZd
295385,186352,Fri Oct 06 15:44:09 +0000 2017,@AppleSupport I received a questionable email yesterday. Can I email it to you for you to check if it's legit?,@186352 We're here for you. You can find all the info to help you identify and report phishing emails here: https://t.co/LNMCdqt6fD
295398,186354,Fri Oct 06 15:33:18 +0000 2017,@AppleSupport @115858 Able to access personal hotspot even when hotspot is switched off in my iphone #apple #ios11 #iosbug https://t.co/aSHUfvkdSj,@186354 We want to help you with your Personal Hotspot.  Please send us a DM so we can assist. https://t.co/GDrqU22YpT
296462,186608,Fri Oct 06 15:57:30 +0000 2017,"Very disappointed that I just dropped month of rent on #Iphone8 #badphone crackle noise when on calls, freezes &amp; dies quick @AppleSupport","@186608 We'd love to help. At Settings &gt; General &gt; Software Update, do you have an update to iOS 11.0.2 waiting to be installed?"
297984,186241,Fri Oct 06 19:35:34 +0000 2017,@186987 @AppleSupport Just searched ios11 on twitter and there’s hundreds of threads about this. Clearly you have a problem,"@186241 We'll make sure to get this straightened out. DM us, and we'll see you there. https://t.co/GDrqU22YpT"
300074,187555,Fri Oct 06 17:12:51 +0000 2017,@AppleSupport :) yes I am referring to that and it's a 7,"@187555 Let's look into this together, go ahead and tell us what you're experiencing in DM. https://t.co/GDrqU2kzhr"
300620,187674,Fri Oct 06 17:29:32 +0000 2017,@AppleSupport iPhone 6 with iOS11 really doesn’t work. Poorest performance ever and shortest battery life in years. Any fix on sight?,@187674 We understand that reliability is essential. Learn to maximize your battery life here.  https://t.co/TpjqFpkUpb
301096,187809,Fri Oct 06 15:49:22 +0000 2017,@AppleSupport iOS 11 is so glitchy. What the heck man?,"@187809 We'd like to assist with your device where possible. Please meet us in DM, so we can gather information and help you out. https://t.co/GDrqU22YpT"
302962,188307,Sat Nov 25 03:29:51 +0000 2017,@AppleSupport I Need Your Help,@188307 We've got your back. DM us and we'll go from there. https://t.co/GDrqU22YpT
303545,188465,Fri Oct 06 19:22:33 +0000 2017,@SpotifyCares @AppleSupport iPhone is showing wrong song when phone is locked and playing music on Spotify. Phone or Spotify issue?,"@188465 We'll be glad to help you with this. Have you tried restarting your iPhone? If not, follow this: https://t.co/n9BF3L9h6y"
306224,176783,Fri Oct 06 20:34:28 +0000 2017,@AppleSupport per blogs my experience is not unique. Is there a resolution or is this how Apple gets people to upgrade?,@176783 Were you able to update to iOS 11.0.2? We're happy to proceed and work on this in DM. Here's a link: https://t.co/GDrqU22YpT
307348,608576,Fri Oct 06 22:05:17 +0000 2017,@AppleSupport Amy way to make the transport controls full width? So hard to hit play/pause without catching the forward/back either side.,@608576 Great question! You can use and customize the Control Center using the instructions at this link: https://t.co/vodH4madjc https://t.co/GDrqU22YpT
307937,189519,Fri Oct 06 21:47:46 +0000 2017,@AppleSupport ever since updating software my iphone 7 (humble brag) is freezing on the reg. What’s up with this?,@189519 We're glad to help. Which version of iOS 11 is your device running? We are currently at 11.0.2
309269,189853,Fri Oct 06 16:37:15 +0000 2017,@AppleSupport @116333 what the hell apple ?what kind of update you released?ios 11.0.2 always keep restarting on my iphone 6 so many time😑,@189853 We'll be happy to look into what's causing the restart. Does the restart happen when using a specific app or feature?
309906,189988,Sun Oct 01 16:43:02 +0000 2017,@AppleSupport I've tried deleting the download and reinstalling it and it doesn't get past verifying the update! 🤔,@189988 Do you have access to a different Wi-Fi network you can try updating over? Which iOS version are you currently running?
309968,190002,Fri Oct 06 22:53:07 +0000 2017,"@AppleSupport iPhone 7 Plus, upgraded to iOS 11.0.2 - battery drain, phone freeze, apps crashing, not charging quickly, etc.","@190002 Thank you for reaching out to us. We're happy to help. Please send us a DM, and we'll get started. https://t.co/GDrqU22YpT"
310822,190077,Fri Oct 06 23:23:42 +0000 2017,"I want to thank @AppleSupport. I bought my #ipadpro in July bc updates slowed my 4. Now, #iOS11 is chewing up my battery. Thx for everything",@190077 Let's have a look at this. Can you please DM us? https://t.co/GDrqU22YpT
322343,192793,Sat Oct 07 05:24:18 +0000 2017,PLEASE FIX THE BATTERY ISSUES!! IT DRAINS THE BATTERY MORE THAN USUAL!! @AppleSupport #IOS11,@192793 We can help with battery life. Could you Direct Message us so we can get started? https://t.co/GDrqU22YpT
323845,193139,Sat Oct 07 08:36:43 +0000 2017,@AppleSupport so insulting to receive emails about series 3 watch when my series 2 watch screen cracked the whole way round but I am told,@193139 Thank you for reaching out. Please DM us and we can take a closer look into this with you. https://t.co/GDrqU22YpT
325886,193638,Sat Oct 07 16:12:44 +0000 2017,@AppleSupport Thank you that was really helpful 😊,@193638 You're very welcome. We're happy to help.
325894,179912,Sat Oct 07 16:16:35 +0000 2017,@AppleSupport Yep it works fine on voice memo,@179912 We're happy to assist. Which iOS 11 version are you currently running? Go to Settings &gt; General &gt; About for the version.
326424,619015,Tue Oct 10 09:51:21 +0000 2017,@193767 @AppleSupport @116333 @119462 @123857 Battery lasting barely one day now 😡,@619015 We want to make sure your battery is working as it should. DM us with what type of device you're using; we'll go from there. https://t.co/GDrqU2kzhr
326668,193837,Sun Oct 01 01:02:12 +0000 2017,Yo. @115858 @AppleSupport : we can’t send video via text to android phones anymore?!? Seriously?,"@193837 Thanks for reaching out, we'd be happy to look into this. To start, can you let us know which device and iOS version you're using?"
326999,193927,Sat Oct 07 16:31:13 +0000 2017,@AppleSupport Still unresolved...,@193927 Thank you for your response. Please DM the issue you're having and your country so we can look up your support options. https://t.co/GDrqU22YpT
328492,194321,Sat Oct 07 15:02:58 +0000 2017,@AppleSupport I’m using an SE phone that I bought several months ago with your latest software release in America.,@194321 Got it! Let's continue the conversation via our previous DM. https://t.co/GDrqU22YpT
328494,194321,Thu Oct 05 20:08:38 +0000 2017,"@AppleSupport This new software ver seems to be causing extra steps &amp; messing up my contacts with dup first names.  So, its not helping.",@194321 We're happy to look into this with you. Which device are you using? Send us a DM and let us know. https://t.co/GDrqU2kzhr
331393,194898,Sat Oct 07 21:44:18 +0000 2017,"@AppleSupport I swear on everything holy, @AppleSupport is the main reason I’m sticking it out with iPhone! Thank you!",@194898 You’re very welcome! We’ll be here for you if you need anything else.
333217,195366,Sat Oct 07 17:35:14 +0000 2017,@AppleSupport Phone audio? It records. It’s on and off sometimes,@195366 Are you having another unexpected behavior when using your Screen Recording on your iPhone?
336212,196202,Sat Oct 07 19:44:40 +0000 2017,@AppleSupport Batterij bij #I-Phone 6 leeg zonder melding binnen enkele minuten zonder bijzondere dingen gedaan te hebben! #new software ?,@196202 We offer support via Twitter in English. Contact us for help in your preferred language here: https://t.co/IBIY3vMgPj
337440,196522,Sun Oct 08 04:27:31 +0000 2017,@AppleSupport The newest one,"@196522 DM us your current country, and we can go from there. https://t.co/GDrqU22YpT"
337475,196532,Sun Oct 08 06:12:06 +0000 2017,@AppleSupport iPhone 7 plus and iOS 11. Most apps such as Facebook and twitter keep freezing and the phone keeps going on and off by itself!,@196532 We'd be more than happy to look into this issue with you. Let us know the exact version of iOS 11 you're using in DM. https://t.co/GDrqU22YpT
339483,123702,Sat Oct 07 22:03:23 +0000 2017,"@AppleSupport @115858 @4305 @102077 after the new ios 11.0.2 update , my WhatsApp is not working properly, also my instagram has problems, specialy while writing messages on both apps. @126 improve yourself please",@123702 We'd like to look into this a bit further. DM us and let us know if these apps are up-to-date. https://t.co/GDrqU22YpT
340556,197340,Sat Oct 07 22:32:09 +0000 2017,So @AppleSupport how come Siri can’t send tweets for me anymore since the update?????,@197340 Thanks for reaching out to us. Do you have Siri turned on in Settings&gt; Twitter on your device?
341302,197549,Sun Oct 08 01:46:04 +0000 2017,@AppleSupport I’m running iOS 11.0.2,@197549 Let's look at this closer. Please DM us. https://t.co/GDrqU22YpT
351929,199698,Wed Oct 11 04:07:54 +0000 2017,"@AppleSupport Using the music app and if you open the camera app to click pictures, the music either stops or jitters! #problem1.",@199698 Thanks for that information. DM the country or region where you are currently located so we can help. https://t.co/GDrqU22YpT
353662,188128,Sun Oct 08 19:26:15 +0000 2017,@AppleSupport 11.0.2,"@188128 Does this only happen in the Messages App, or within all Apps?  DM us back. https://t.co/GDrqU22YpT"
355281,200410,Tue Nov 07 06:52:20 +0000 2017,@AppleSupport FIX YALL DAMN MESSAGING GLITCH,@200410 What issue are you experiencing with your Messages? We'd like to assist in any way we can.
356122,200556,Sun Oct 08 07:02:58 +0000 2017,"Technology uh? It knows where you are, where you want to be. Sends you to random place. @AppleSupport hey kids, never trust the satnav. https://t.co/JgcJpdYiEz","@200556 Thanks for reaching out! To report a problem with Maps, follow the steps near the bottom of this link: https://t.co/jiMIBQw7go"
356431,200628,Tue Oct 10 19:32:03 +0000 2017,"@AppleSupport Turning off the ❤️monitor, wrist activation and Bluetooth defects the object of the actual ⌚️",@200628 Let's take a closer look at your Apple Watch together in DM. https://t.co/GDrqU22YpT
356806,200723,Wed Oct 11 10:23:01 +0000 2017,@AppleSupport Yes built in keyboard and 11.0.2 - is it capitalising words/names that are in my contacts list? I reckon that’s exactly what is happening. 🤔,"@200723 Just so we understand, the words that are capitalizing are in your Contacts, and aren't random?"
359284,201084,Sun Oct 08 03:02:21 +0000 2017,"@115858 @AppleSupport sometthing wrong with #ios11,Battery goes fron 36 to 55 in seconds and decreases also in same way. #pissed #badupdate","@201084 We're here for you!  Which device is this occurring on?  Are you on iOS 11, 11.0.1 or 11.0.2?"
361425,201590,Sun Oct 08 15:06:00 +0000 2017,"New IOS update is bullshit, battery is draining like a bitch @AppleSupport sort it outtttttt",@201590 We want to help! What model of iOS device are you using? Do you have the most recent version of iOS 11.0.2 downloaded?
362061,201767,Sun Oct 08 16:11:02 +0000 2017,Uh oh @AppleSupport https://t.co/ywbAUbpdZA,"@201767 We'd love to lend a hand!  Which iPhone are you using, what iOS version is on it and when did this issue begin?"
365276,202522,Sun Oct 08 18:07:28 +0000 2017,"@115858 @AppleSupport 2/3 #Ios11
#Iphone &amp; IPad Power drainage to quick/charging too slow","@202522 We can help. DM us, and we'll see what we can do. https://t.co/GDrqU22YpT"
365664,202616,Mon Oct 16 12:30:46 +0000 2017,@AppleSupport I’ve done all the new updates! And today my alarm doesn’t work when my phone is on charge and now I can’t hear when people are calling me? It was never a problem before?,@202616 Thanks for confirming.  Please DM us and let's look into this together. https://t.co/GDrqU22YpT
366971,202921,Sun Oct 08 19:15:13 +0000 2017,@AppleSupport fix your chargers https://t.co/xOyxOIczwm,@202921 Thanks for contacting us. Please send us a DM with the device you use with the Lightning to USB cable. https://t.co/GDrqU22YpT
367488,203046,Sun Oct 08 17:46:52 +0000 2017,@AppleSupport ever since I’ve updated to iOS 11 this shows up when I’m playing music. Have to open music app to pause or skip song https://t.co/x81p4TgCdt,@203046 We want to help! What iOS device model are you using? Do you have the most recent version of iOS 11.0.2 downloaded?
368758,203362,Mon Oct 09 01:16:53 +0000 2017,@AppleSupport Yes I did...but still faced the problem...but just after the ios11 update I think it has fixed...will reply back if problem persists..thx👍,@203362 Sounds like a plan. We hope you have a nice rest of your day/evening.
370349,203708,Sun Oct 08 21:11:30 +0000 2017,Hey @AppleSupport why can’t I add / edit contacts https://t.co/fUQsgDuj63,"@203708 Thanks for reaching out, and we'd like to help! Have you tried a simple restart? If not, let's try: https://t.co/OWRDHWSt4h"
371875,204092,Sun Oct 08 23:43:54 +0000 2017,@AppleSupport thanks for the response. That did not solve the problem,@204092 Thanks for giving that a try! Please try uninstalling the Snapchat app and reinstalling: https://t.co/ikTYqoYXpm
373337,204467,Sun Oct 08 23:32:13 +0000 2017,@AppleSupport Crowdfire asked me to get in contact with you for a refund but the app is more than 90 days old.,"@204467 No problem! If you're looking into a refund, get in touch with our iTunes Store Support team here: https://t.co/SDIe7UiyJN"
373348,204471,Sun Oct 08 23:24:28 +0000 2017,@AppleSupport I think I figured it out. It was showing all data as other. A hard reboot fixed it. Had to look up how to do that on the iPhone 8 plus,@204471 That's great! Don't hesitate to reach out to us if we can be of any help in the future.
374229,204727,Mon Oct 09 00:17:01 +0000 2017,"@AppleSupport 7+, 11.0.2","@204727 Next, does it happen after restarting your iPhone 7 Plus? https://t.co/OWRDHWSt4h"
374808,204873,Mon Oct 09 00:52:29 +0000 2017,"@AppleSupport updated to IOS11.2 and my phone keeps crashing, battery sucks, and I’m having troubles with my music playing and ringtone!","@204873 Thanks for reaching out to us for support. When you have a free moment, can you please tell us how often does this issue occur?"
375295,204999,Mon Oct 09 01:18:23 +0000 2017,"@AppleSupport o ""e aí Siri"" não tá funcionando...","@204999 Since our Twitter support is available in English, get help at https://t.co/IBIY3w3RGR or join https://t.co/pvaOFg6Mb1"
382459,206669,Sun Nov 12 10:16:17 +0000 2017,@AppleSupport @AppleSupport phone was absolutely fine and worked perfectly until the original iOS 11 update!!,@206669 We understand. Let's take a closer look at your iPhone's battery life together in DM. https://t.co/GDrqU22YpT
385697,75913,Mon Oct 09 03:58:37 +0000 2017,"@AppleSupport Here's another example. I upgraded to iOS 11 and Siri clearly read this as "" the 10th of September."" Why? https://t.co/okIOZAY2kI",@75913 We'd like to help.  Send us a DM with your location and your device model.  We'll go from there. https://t.co/GDrqU22YpT
387598,207741,Mon Oct 09 19:01:33 +0000 2017,"@AppleSupport iPhone 7. It doesn’t record and freezes my phone. Also, I can only make/accept calls about 25% of the time and my phone keeps restarting.",@207741 Thanks for letting us know! Let us know what kind of troubleshooting you’ve completed in DM. We’ll continue there. https://t.co/GDrqU22YpT
387619,207749,Mon Oct 09 20:01:56 +0000 2017,"@AppleSupport getting notification from whatsapp, will not get message until I open my WhatsApp, Also face keypad issues in messenger",@207749 Have you had an opportunity to verify notification settings for WhatsApp are correct? Here's a guide: https://t.co/2txgOv5s2M
389703,208245,Mon Oct 09 16:40:35 +0000 2017,@AppleSupport I’m not sure if there is a debris but I may have use multiple chargers knowing that the charger for my 6s plus is unique,"@208245 To clarify, does your iPhone charge when using an Apple-certified cable? How about when using multiple power outlets?"
390456,208436,Mon Oct 09 13:27:10 +0000 2017,@AppleSupport nope none of that worked!,@208436 What iPhone model you're using?
391250,208637,Mon Oct 09 17:52:29 +0000 2017,@AppleSupport What steps exactly? Your link does not offer any troubleshooting or even configuration steps. How is that supposed to help?,"@208637 Thanks for checking that page, we have a variety of things to check for the Apple Watch here: https://t.co/evTpsN4Raj"
393139,209103,Mon Oct 09 15:27:52 +0000 2017,@AppleSupport hello can u fix ios11 y does my phone keep heating up even tho i only played my game for 5min,@209103 We'd like to look into this further with you. Does it only heat up while playing this particular game?
399344,210412,Tue Oct 17 18:55:27 +0000 2017,So my iPod and iPad updatedto iOS 11.0.3 but my phone won't? Help @AppleSupport,@210412 We'd be delighted to help. Which iPhone model are you currently attempting to update?
400877,210817,Mon Oct 09 18:39:33 +0000 2017,iOS11 update did not resolve my battery issue... Standby Time and Usage Time are still the same 😒😪 @115858 @AppleSupport #ios11,@210817 We'd love to help. DM us the device you are using and we can go from there. https://t.co/GDrqU22YpT
408447,212362,Mon Oct 09 21:55:33 +0000 2017,"@AppleSupport Thank you. Absolutely none. I have iCloud Music Library synced across my Mac, iPhone and PC.",@212362 Got it. Do the missing songs show up on any of your other devices? Let us know in DM please. https://t.co/GDrqU22YpT
411142,213058,Mon Oct 09 23:43:21 +0000 2017,@AppleSupport where is the option to change the APN setting on iPhone SE with iOS 11? https://t.co/E53DrvLW4M,"@213058 If your carrier allows APN, here is a helpful link: https://t.co/VPpBagomSs"
412354,213388,Tue Oct 10 01:08:44 +0000 2017,@AppleSupport 11.0.2. Haven’t seen them since 11.0.,@213388 Let's look into this together. Join us in DM so we can better assist you: https://t.co/GDrqU22YpT
415763,214151,Tue Oct 10 01:47:33 +0000 2017,@AppleSupport When an app says it is ready for an upgrade it links to App Store where it says install rather than upgrade. Goes into do-loop.,"@214151 To confirm, you are trying to update the app in App Store &gt; Updates when this occurs?"
426415,138361,Tue Oct 10 17:53:56 +0000 2017,"@AppleSupport Here it it, it usually happens in other apps. Every time I try to select &amp; edit, it freezes. https://t.co/sGJaiLOUhB",@138361 Awesome! Thank you for sharing your screen recording with us. Could you DM us and we'll take it from there? https://t.co/GDrqU22YpT
428351,216882,Tue Oct 10 06:53:42 +0000 2017,Why does Maps insist on me getting off at the cargo stop and walk to the terminal…? 🤡 @AppleSupport https://t.co/CkL71t9LyW,@216882 We know how important getting directions can be at times. Report an issue with Maps with these steps: https://t.co/jiMIBQw7go
428678,216956,Mon Oct 09 09:09:58 +0000 2017,@AppleSupport even in a private window,@216956 We'd be happy to help out. Which device are you viewing this link from?
430143,217274,Tue Oct 10 11:27:37 +0000 2017,"@AppleSupport my iPhone 7 is unusable after 11.0.2 update. Slow screen, no sound, wont take or make calls batt drain! Missed business calls","@217274 We'd like to work together on this. Let's meet in DM. From there, let us know which country you're in. https://t.co/GDrqU22YpT"
430154,217278,Tue Oct 10 11:09:21 +0000 2017,"@AppleSupport @116333 Major issues with iOS 11.0.2. Notification problems, app update issues, iMessage issues. This is really bad Apple. 🙈","@217278 Hey, we want to work with you to get all that sorted. DM us more details and we'll go from there. https://t.co/GDrqU22YpT"
430767,217433,Tue Oct 10 11:58:46 +0000 2017,@115858 @AppleSupport you need a better iOS update iOS 11 sucks phone gets hot and it keeps rebooting,@217433 This is not to be expected. We want to help. Send us a DM telling us more details about this. https://t.co/GDrqU22YpT
432355,217827,Tue Oct 10 13:29:46 +0000 2017,So now I don’t have a dock 👍🏼. Worst problem by far though is the battery fast draining. Please @AppleSupport update iOS 11 to fix that. https://t.co/HLBhIZ5net,@217827 We'd like to look into this. Please click here to join us in DM. We'll continue there: https://t.co/GDrqU22YpT
432377,217834,Tue Oct 10 13:23:57 +0000 2017,@AppleSupport Can you approve me for a diagnostics test on my battery? Just got it in July and it dies in about 3 hours,@217834 Let's get you back to enjoying iPhone. Meet us in DM to collect a few details. https://t.co/GDrqU22YpT
435796,218518,Tue Oct 10 19:53:41 +0000 2017,@AppleSupport There is “none” option,@218518 OK. Take a look here: https://t.co/rnB74M0zio  For more help reach out to our iTunes team: https://t.co/SDIe7UiyJN
436490,218656,Wed Oct 11 14:53:52 +0000 2017,@AppleSupport No. It only occurs when sharing from my Mac. https://t.co/Ios2BnKnHt,"@218656 When did you first notice this issue? Let us know via DM, then we can proceed from there. https://t.co/GDrqU22YpT"
437383,218870,Tue Oct 10 16:40:07 +0000 2017,@115858 @AppleSupport my battery life since updating to iOS 11 has been absolutely awful. Can you please fix this?,"@218870 We want you to have a device that works. Let's work together on this, send us a DM. https://t.co/GDrqU22YpT"
437442,218886,Tue Oct 10 14:55:13 +0000 2017,@AppleSupport Battery keeps getting drained.. can’t thank you enough for the latest iOS update @115858,"@218886 We're here to help. To clarify, are you saying that your battery drains despite being on the charger?"
446456,220748,Thu Nov 30 20:11:47 +0000 2017,@AppleSupport I turned my mac on for the first time today since the security update and it asks if you want to send a code to activate authentication by text or phone. Select text &gt;sends code&gt; input code sent&gt;code not recognised.,@220748 Let's take a closer look at this together. Please DM us the exact version of macOS you're using and we can go from there. https://t.co/GDrqU22YpT
446489,220758,Thu Nov 30 19:15:24 +0000 2017,@AppleSupport hii I updated my phone and now my Apple Music is not working I can’t see any of the songs I have downloaded only the purchased ones from iTunes can you pls sort this.. What am I paying for?? 🙄,"@220758 We want you to be able to have access to your music, and we'd like to help. Do you have iCloud Music Library enabled? Here's how to check: https://t.co/9VQ9VywZJ2"
449546,221540,Thu Nov 30 20:29:58 +0000 2017,"@AppleSupport Why have I been asked (and installed) this security update, twice, in two days? Did the first one not work? If so why is the number not different? https://t.co/QB2Nda8yiV",@221540 We'd be happy to look into this with you. Have you restarted the App Store since this has appeared?
450340,221748,Thu Nov 30 21:32:10 +0000 2017,"@AppleSupport Hi, I received my new iPhone X today. Experiencing a green line at the right side of my phone. What to do? Live in Holland btw.",@221748 We'd like to gather some information on this from you. Please DM us. https://t.co/GDrqU22YpT
450369,170334,Thu Nov 30 21:08:58 +0000 2017,@AppleSupport how do I get password screen to appear if I’m wearing gloves? Phone is awake but won’t show passcode numbers so I can’t do anything unless I take gloves off,@170334 Let's take a look at this for you. Are you using Touch ID with your iOS device?
451407,222043,Thu Nov 30 21:36:33 +0000 2017,now it’s stuck like think idk what to do help @115858 @AppleSupport https://t.co/fXlLO0EFf5,@222043 Thanks for reaching out.  We know how important it is for your iPhone X to work as expected and we'll do everything we can to assist.  Have you tried force restarting it? To do that follow the steps here: https://t.co/OWRDHWSt4h
453925,222722,Thu Nov 30 20:32:29 +0000 2017,"Hello @AppleSupport, after installing the latest security update the icons of my apps disappeared… https://t.co/Hg44eHDKOf",@222722 We can certainly take a look at this with you. Have you been able to restart your Mac since installing the last update?
455072,223023,Thu Nov 30 23:23:55 +0000 2017,"@AppleSupport i bougth a new ipad. I forgot my last Id. so I got a new Id with my outlook email. But I cant access to imessage nor face time. It keep saying ""unable to access facetime server, try later"" but I already  configure the new ID in the new iPad",@223023 Congrats on the new iPad. Now let us help you enjoy it as expected. Follow the steps here to get the iMessage and FaceTime working: https://t.co/jhvYu3nzpA  DM us if you are unsuccessful: https://t.co/GDrqU22YpT
457192,223550,Fri Dec 01 00:23:21 +0000 2017,My new work phone has had this display for LITERALLY 90 minutes #AFew. Any suggestions @AppleSupport https://t.co/tyehz2iYrw,@223550 Let's look into this together. Have you been connected to a stable Wi-Fi while setting up your iPhone?
457224,223559,Fri Dec 01 00:48:36 +0000 2017,@AppleSupport I have to reboot the phone,@223559 Tell us more about what is happening in DM. We want to help. https://t.co/GDrqU22YpT
462058,224809,Fri Dec 01 02:10:38 +0000 2017,@AppleSupport got the new 8 and 3 weeks later still sometimes not receiving messages. Is there an issue with OS11???,"@224809 Let's look into this together! Are you not receiving any messages at all? Are these in the Messages app, or another program? Also, which version of iOS 11 are you using?"
463092,225059,Fri Dec 01 02:51:26 +0000 2017,@AppleSupport Cant imagine Apple making a spelling mistake - Did I just read Uptade instead of update..lol https://t.co/ghWCRU3ead,@225059 Thanks for reaching out to us regarding what you've run into. Can you tell us in DM if you received this message by email or if it's located in your device settings? https://t.co/GDrqU22YpT
463931,225301,Fri Dec 01 03:05:31 +0000 2017,@AppleSupport I've been trying to setup my new X by restoring from my 11.2 iPhone 7 Plus backup from earlier today but it's greyed out on my X. It says I need 11.2 so I can't restore.,"@225301 We are happy to help you get your new iPhone set up. To clarify, are you using the iOS beta profile on your iPhone 7?"
480629,229227,Fri Dec 01 04:21:25 +0000 2017,"@115858 hi @AppleSupport I was finally able to recover my account password &amp; all the contacts attached to it, but not the 13k photos that were on it. An @115858 person reset my phone when this whole mess started &amp; it wasn’t backed up.... any troubleshooting ideas or am I outta luck? https://t.co/OlRCmhduV3","@229227 We know how important your photos are and we want to get you connected to our Photo team for help. Please use this link to get in contact with them: https://t.co/IBIY3vMgPj
Select Apps &amp; Software &gt; iOS apps."
481819,229525,Fri Dec 01 20:33:28 +0000 2017,@AppleSupport That doesn’t explain what you consider an active. How is it I’m on a stair stepper for 30 minutes and they aren’t all considered active!? https://t.co/lnm0qfWxZq,"@229525 All calories burned while active, are considered active calories. All others are considered at rest. Are you just using the iPhone or a watch as well for the Activity app?"
483217,229935,Fri Dec 01 14:28:05 +0000 2017,"@AppleSupport Yes, 8%","@229935 After you restarted the device, did it begin to charge normally? Were you using the iPhone while it was charging? If so, what applications were you using? 
Is this the first time this has happened?"
483278,229956,Fri Dec 01 06:34:35 +0000 2017,@AppleSupport can we fix this? https://t.co/HS9Et7iGJp,"@229956 Hey, we can take a look together to see where that update is. First, which model iPhone do you have? Also, have you tried restarting your device to see if the latest update appears?"
484414,230267,Fri Dec 01 10:31:44 +0000 2017,Face ID works 57% of the time. I'm very disappointed. @AppleSupport,@230267 We'd like to help with your iPhone X and Face ID issues. Please DM us details of what happens when it's not working and we'll look further into this with you. https://t.co/GDrqU22YpT
486175,230665,Fri Dec 01 12:22:08 +0000 2017,@118721 @22084 @AppleSupport @115858 What do I do to get those 3 songs on my phone?,@230665 Thanks for reaching out.  Our iTunes Store experts can help you.  Reach out here:   https://t.co/SDIe7UiyJN
486259,230690,Fri Dec 01 11:16:13 +0000 2017,"Hey @115858 @applesupport, when I share a webpage using the iPhone share function in safari, I'm still limited to 180 characters, not 280z shat gives?","@230690 We'll be happy to do what we can to help. To be sure we are on the same page, how are you trying to share a web page link exactly? For example, are you trying to email the link, share via the Twitter app, etc.? Let's dig into this further over DM: https://t.co/GDrqU22YpT"
487900,231128,Fri Dec 01 18:08:39 +0000 2017,@AppleSupport Good question. It’s happened at work and at home so always connected to wifi. I never try to update using my data.,"@231128 Got it, thanks! Going forward, reach out to us in DM using the link below and we'll look closer into the issue from there. https://t.co/GDrqU22YpT"
487948,231144,Fri Dec 01 14:17:42 +0000 2017,"@AppleSupport The only way to get the App Store to function properly is to restart my phone, which is a pain in the butt.","@231144 That's certainly not what we'd expect you to experience. We'll do all we can to assist. Just to confirm, are you running iOS 11.1.2, our most current version?"
488043,231173,Fri Dec 01 13:27:28 +0000 2017,I’m absolutely sick of updates ruining my battery on my iPhone. Jumps from 50/30 and then like fucking 15% absolute JOKE @115858 @AppleSupport,@231173 Sounds like you're running into some issues with the battery percentage. Let's take a closer look at what's going on. Which iOS version are we working with in Settings &gt; General &gt; About?
489600,235821,Fri Dec 01 19:44:29 +0000 2017,@223536 @115858 @AppleSupport I've lost Bluetooth,@235821 We'd like to look into your Bluetooth concerns with you. Reach out via DM using the link below and tell us more about your issue. https://t.co/GDrqU22YpT
489620,231610,Fri Dec 01 15:16:37 +0000 2017,"@AppleSupport what do I do, do I got to https://t.co/iZgPNTQxL7 ??? Came home to this https://t.co/JyCvMH7qxh","@231610 It looks like you're in Recovery Mode and we can help from here. Take a look at this article for instructions on restoring via iTunes. Since you're already in Recovery, you can just start with step #4. https://t.co/iYLZzFD8qZ"
489636,231614,Fri Dec 01 16:35:12 +0000 2017,"@AppleSupport My GPS is enabled, inernet is working fine but still it is showing GPS is disabled.
Tried restarting the phone but still issue is there.","@231614 To clarify, if you go to Settings &gt; Privacy &gt; Location Services and scroll down to find the app, what is the option set to?"
489639,231614,Fri Dec 01 17:20:29 +0000 2017,@AppleSupport Option set is while using the app and the remaining one is never.,@231614 Can you clarify for us what you mean by remaining one?
491466,232098,Sat Dec 02 02:36:42 +0000 2017,@AppleSupport what if my critical ops still doesn't work i have updated it,"@232098 Are there any app updates showing after connecting to a Wi-Fi network here: App Store &gt; Updates

Do other game apps have issues?"
495146,233072,Fri Dec 01 17:23:44 +0000 2017,@AppleSupport please send diagnostic test request to check out my battery health. I’ve provided all info through DM but am still waiting...,@233072 Let's continue to work in DM. Be on the lookout for our response.
498574,234018,Fri Dec 01 18:38:53 +0000 2017,@AppleSupport why i can reproduce the videos in my gallery? 😢😢😢 https://t.co/PWBBZ3VIFq,@234018 We'll gladly do all we can to help. Are you asking how to duplicate videos?
498609,234031,Fri Dec 01 18:13:28 +0000 2017,@AppleSupport just within last hour my iPhone 6s on iOS 11.1.2 restarts every a minute or two. What's happening?,@234031 We want your experience with iOS 11 to be a smooth one. Let's take a closer look in DM. Follow us there using the link below: https://t.co/GDrqU22YpT
498615,234032,Fri Dec 01 18:16:00 +0000 2017,So is @115858 going to fix this update on the iMac any time soon? My computer is constantly restarting.... @AppleSupport,@234032 We want to help. Send us a DM and tell us more about what's going on with your iMac. https://t.co/GDrqU22YpT
498626,234036,Fri Dec 01 18:17:42 +0000 2017,@APPLESUPPORT I have an Watch 3 on @118101 and am getting an 8+ that's most likely going to be with a different carrier... can I still use it with that iPhone if the iPhone itself isn't with the same carrier as the watch?,"@234036 Good question. To use cellular on your Apple Watch, you'll need an eligible cellular service plan with a supported carrier as the same as your iPhone. Choose your carrier in the following link for more info. https://t.co/WuqDNKIme1"
503657,235370,Fri Dec 01 19:28:03 +0000 2017,"No matter how many country songs I dislike in my @115948 New Music Mix, it keeps including them. I’ve disliked the genre and even reset my profile. What gives @AppleSupport?",@235370 We definitely want you to enjoy your Apple Music as expected. May sure you are following the steps here to manage your Apple Music suggestions: https://t.co/zrXCbURjiu  DM us if you run into any trouble: https://t.co/GDrqU22YpT
505053,235785,Fri Dec 01 20:36:57 +0000 2017,"@AppleSupport hello i need help, could you dm me please?",@235785 We are always glad to help. What might we do for you today?
506490,236216,Fri Dec 01 21:16:21 +0000 2017,"@AppleSupport hello, Ive changed i-phones and forgotten my Apple ID password.  Plus BT have deleted the email address u send verification to","@236216 Not to worry, we are here to help. First, take the steps provided in the following link to reset your Apple ID: https://t.co/fJnZYmbI9N 

If you are unsucesfull using the article, please contact our Acount security team here: https://t.co/UJm15vmMM2"
509581,137632,Fri Dec 01 21:41:20 +0000 2017,@AppleSupport You’ve got a bug in distance-based Activity challenges on the iPhone app - shows previous months’ value instead of this months’ cumulative. https://t.co/gzzJzUyBY1,@137632 Thank you for letting us know about this. Has this happened with previous months? Which iOS version is currently installed on your iPhone?
513585,238203,Fri Dec 01 23:35:44 +0000 2017,@AppleSupport Is there a way to go back to iOS 10... iOS 11 is complete garbage. My clients whom have trusted my recommnedations for Apple devices are now officially pissed because of all of the nightmares iOS 11 and High Sierra are producing.,"@238203 We don't support downgrading software, however, we'd be happy to help with any issues you're having with your devices. Tell us more about what you're experiencing in DM: https://t.co/GDrqU22YpT"
514777,238537,Fri Dec 01 23:46:08 +0000 2017,@AppleSupport Do you have an estimated date on when Photos for MacOS 10.13 will be fixed? My Christmas projects are backing up due to this.,@238537 We want to get you in the right direction for assistance. Reach out to our Photos experts through the following link:  https://t.co/IBIY3vMgPj
515934,238882,Sat Dec 02 00:10:00 +0000 2017,@AppleSupport Hi my iphone 7 plus keeps on crashing this morning.. It was fine yesterday. I did every possible thing I can~ What shall I do?,@238882 Thanks for reaching out to us for support. We would love to help you. Please DM us so that we can look into this together. https://t.co/GDrqU22YpT
518321,239544,Mon Nov 27 15:18:29 +0000 2017,"@AppleSupport All of a sudden screen turn grey and few lines for fraction of second gets switched off and restarts on its own . 
IOS 9.2","@239544 We're glad to work with you on this. When it restarts, does it appear normal for any time? Which iPhone are you carrying? Could you also let us know which country you are in? https://t.co/GDrqU22YpT"
522084,240573,Sun Dec 03 21:14:41 +0000 2017,"@AppleSupport Sorry for my late reply, I am trying to help my little sister in France with this problem. Mac is updated to latest Version High Sierra and the iPhone is now updated to 11.2. iPad backs up fine, the phone still gives the “not enough space” error.","@240573 Which Mac model do you have and is macOS High Sierra 10.13.1 the version installed currently?

As it wasn't clear from your last Tweet, are there any updates showing in your Mac's App Store after connecting to Wi-Fi?"
523023,181813,Sat Dec 02 03:11:32 +0000 2017,@AppleSupport hey I’m having problems with my iPhone X. It’s stuck on “setting up your Apple ID” and I cannot restart it. Please help!,@181813 We can help you get your new iPhone X working as expected. Join us in DM so we can better assist you: https://t.co/GDrqU2kzhr
535817,244133,Sat Dec 02 03:46:06 +0000 2017,@AppleSupport Apple Music won’t let me make new playlists or download new music 😤,@244133 We want to do everything we can to help you with your playlists. What's happening when you try to do these two things? Are you getting an error message?
535819,244133,Sat Dec 02 20:02:02 +0000 2017,@AppleSupport Yes. I never have to use WiFi for it to work usually though.,"@244133 To clarify, you're experiencing the issue on both Wi-Fi and cellular data correct?"
538657,244886,Sat Dec 02 04:49:22 +0000 2017,@AppleSupport how could i fix it when my iphone 7 plus constantly restarting ?,@244886 We are here to help. Let's take a look at this article and see if these steps help. https://t.co/osZOKKTalm
539929,245223,Sat Dec 02 05:35:16 +0000 2017,@AppleSupport Plz release ios 11.1.3 asap for solving the “spinning wheel black screen error” that i am facing from yesterday its coming again and again and stopping me to use my iphone i have to change date for temporary stop this problem,"@245223 We’d like to offer some guidance on this. Let’s follow the steps in this article to resolve this issue, which includes updating to iOS version 11.2: https://t.co/osZOKKTalm

We’d recommend making sure you have a backup before updating your device."
539946,245229,Sat Dec 02 05:22:49 +0000 2017,"@AppleSupport What is the official recommendation for iPhone rebooting every minute after the time hits December 2, 12:15 am?","@245229 We are here to help. Let's take a look at the steps in this article. https://t.co/osZOKKTalm
DM us if the issue remains. https://t.co/GDrqU22YpT"
540936,245511,Sat Dec 02 06:36:04 +0000 2017,@AppleSupport Is this feature available in India,@245511 We're happy to provide assistance. Take a look here for countries that currently support Apple Pay: https://t.co/tKY0Mal39U
541012,435776,Fri Nov 17 04:50:58 +0000 2017,@AppleSupport Guess what it’s not released in India and at this point we have no hopes either.,@435776 It's been some time since you reached out. Were you able to update since posting this message?
541056,743463,Fri Nov 17 17:56:25 +0000 2017,@AppleSupport I just got an iPhone 8 plus yesterday and the home reachability stoped working now.,@743463 We definitely don't like to hear you're having issues with your new phone. Can you confirm the iOS version you are running on the phone?
541185,241277,Sat Dec 02 06:12:47 +0000 2017,"@239560 I have the exact same problem. Tried deleting most of my apps. Still restarting/crashing and presents the lock screen. My phone get's warmer than usual. Started yesterday, 1 Dec.@AppleSupport @239560",@241277 We'd love to assist you as well. Meet up with us in DM to get started. https://t.co/GDrqU22YpT
542264,245844,Sat Dec 02 16:56:24 +0000 2017,"@AppleSupport All sorted thanks, did the update to 11.2",@245844 Great to hear! Have a wonderful weekend.
542275,245848,Sat Dec 02 08:03:09 +0000 2017,Anyone else got this iPhone issue where it keeps locking every minute? As if life isn’t hard enough!!! Sort it out @115858 @AppleSupport https://t.co/t1JLoO9CEF,@245848 We'd like to look into this with you. Could you provide us more details about what's happening when the device locks?
542278,245849,Sat Dec 02 07:50:48 +0000 2017,@AppleSupport love it how Apple comes out with new phones and my iPhone 7 Plus won’t even let me open my alarms app or be in any app for over a few minutes before force closing everything,@245849 We'd be happy to look into this with you more in detail. Please reach out to us via DM and we'll get started. https://t.co/GDrqU22YpT
542384,246295,Sat Dec 02 08:25:58 +0000 2017,@245882 @AppleSupport Same here!!,"@246295 We want to help. First, we'd suggest following the steps here to resolve the issue: https://t.co/osZOKKTalm If you need further assistance, let us know."
542467,245911,Sat Dec 02 07:36:11 +0000 2017,"Anyone else’s iPhone keep going into a black screen with the loading wheel every 40 sec, starting to get me hot no lie @AppleSupport",@245911 We just released iOS 11.2 that should resolve the issue: https://t.co/osZOKKTalm Be sure and back up before updating. Let us know how it goes.
543690,246288,Sat Dec 02 08:42:16 +0000 2017,What’s happening with my phone @AppleSupport?,"@246288 We need more information to figure that out, but we'd love to help! What is going on with your iPhone? Make sure to let us know if you've updated to iOS 11.2 as well!"
545262,175804,Sat Dec 02 09:00:53 +0000 2017,@AppleSupport hi I have an iPhone x that every 30 seconds or so is now re-locking itself. Even if I don’t unlock it to begin with or if I am actively using it. This fault developed in the middle of the night. Is it a known issue and what can be done to resolve? Thank you,"@175804 Thank you for that information. Did this just start happening? Also, which iOS version is your device on?"
546523,247082,Sat Dec 02 11:18:35 +0000 2017,"@AppleSupport How to fix ""No Service"" in ios 11.1.2 in iphone 6s fix bugs....","@247082 We want to help. Could you please check under Settings &gt; General &gt; Software Update to see if you have iOS 11.2 available? If so, please make sure you have a current backup, and install the update. Let us know after that if you're still having the same issue."
548132,247545,Sat Dec 02 11:42:36 +0000 2017,anybody here who gets this iphone error at random intervals (around 3 to 5 times in one day)? any fixes? super annoying. @115858 @AppleSupport https://t.co/NdrnPt4Va6,"@247545 We can help you with this issue. We recommend that you back up your device and follow the steps that we offer on our article here: https://t.co/osZOKKTalm

This article will walk you through backing up your device: 
https://t.co/4f8hwT5to6"
549668,247999,Sat Dec 02 12:32:28 +0000 2017,"@AppleSupport hey. I used to be able to listen to voice memos and use other apps. When I’d be in the memos I’d lock the phone, then open up another app through the notification viewer. That now doesn’t work &amp; I need a solution. Any help","@247999 We love the Voice Memos app and know how important it is that you can listen to it while working on other things, so let's look at this together. Have you already updated to iOS 11.2? If not, backup your iPhone and update and let us know how it goes."
550761,248308,Sat Dec 02 13:36:52 +0000 2017,"Hey, @AppleSupport my visual voicemail isn’t working. I’ve reset phone and network, tried airplane mode— nothing works.@117735 couldn’t help. Missed very important call yesterday 🤬🤬",@248308 Thanks for contacting us. We know it's important to stay in touch. We'd like to help out. Let's meet in DM and work together on this. https://t.co/GDrqU22YpT
550799,248323,Sat Dec 02 13:18:07 +0000 2017,@AppleSupport My iPhone isn't giving me the Apple pay cash option even tho I updated to iOS 11.2,@248323 We'd like to help. Could you tell us what country you're in and what device you have? That can have an impact on the Apple Pay availability.
552057,248686,Sat Dec 02 15:32:28 +0000 2017,@AppleSupport My MBP early 2011 died due to graphic and keeps rebooting. I sent it to support in 2015 twice to make sure it does not break due to the graphic chip as I had issue that time but Japan Apple said it was software issue then. Now it’s completely died. What can Apple do,@248686 We're happy to look into issues you're experiencing with your MacBook Pro. Please DM us and we'll be happy to look into this with you. https://t.co/GDrqU22YpT
552203,248738,Sat Dec 02 14:35:19 +0000 2017,@AppleSupport why does my iPhone autocorrect it to I.T? This is ridiculous,@248738 Thanks for reaching out to us for support. We would love to help you. Please DM us so that we can look into this together. https://t.co/GDrqU22YpT
553477,249083,Sat Dec 02 16:34:36 +0000 2017,@AppleSupport It looks like photos are disappearing from my Apple Photos / iCloud account - what should I do?!,@249083 We know how important your photos are. Let's get you in touch with our Photos experts. Choose Apps &amp; Software &gt; iOS Apps &gt; Photos for iOS here: https://t.co/IBIY3vMgPj
553548,249105,Sat Dec 02 15:33:53 +0000 2017,@115858 @AppleSupport i havent had my iphone x for a month and its already lagging help,@249105 We'd love to help. Which iOS version are you using? Do you experience the lagging while using a particular app? Please let us know in DM. https://t.co/GDrqU22YpT
553622,249133,Sat Dec 02 20:01:05 +0000 2017,@AppleSupport Hi. It’s TED Radio Hour by NPR,"@249133 Alright. Have you tried closing the iTunes Store, restarting, then trying to subscribe once more? Let us know in DM if those steps help. https://t.co/GDrqU22YpT"
553646,249141,Sat Dec 02 16:22:10 +0000 2017,What the hexk @AppleSupport why is my phone having a reload button and shuts off every 30 seconds?!?!??,"@249141 We know that the performance of your devices is important. Here's a link that will help you resolve this unexpected restart issue:

https://t.co/osZOKKTalm"
554781,249493,Sat Dec 02 18:15:11 +0000 2017,@AppleSupport anyone else’s iPhone keep crashing and rebooting? #iphone7 #ios11.2,@249493 Let's look into this together. Send us a DM by clicking on the link below. We'll continue there. https://t.co/GDrqU22YpT
556043,249885,Sun Dec 03 12:08:22 +0000 2017,@AppleSupport I’m not finding it,@249885 Can you confirm what options and settings you see after following our instructions? Those details help us determine where to go next. Go ahead and let us know in Direct Message and we'll continue there. https://t.co/GDrqU22YpT
556102,249905,Sat Dec 02 19:20:09 +0000 2017,3D touch and multitasking not working in ios 11.2 ?? Any suggestions @AppleSupport @115858,"@249905 Thanks for contacting us. Two questions: 1.) Has it ever worked on this device? 2.) If it has, did it stop with iOS 11.2?"
556167,249916,Sun Dec 03 03:25:55 +0000 2017,@AppleSupport Have sent you guys multiple screenshots of the malfunctioning.,@249916 We apologize if you feel like you're repeating yourself. We're eager to get to the bottom of what's happening. Please reach out to our phone or chat support here:  https://t.co/IBIY3vMgPj https://t.co/GDrqU22YpT
556248,249945,Sat Dec 02 19:11:40 +0000 2017,Hey @AppleSupport   Any chance we can turn on Apple Pay Cash after I spent an hour of my weekend updating after being told in the notes Apple Pay Cash was here?,"@249945 If you're in the US, those features will require iOS 11.2 and will begin rolling out early next week. https://t.co/GDrqU22YpT"
556920,250044,Sat Dec 02 18:03:39 +0000 2017,@10878 @AppleSupport I have not been able to sync my phone with my 2018 RDX @21463 says it’s an @115858 problem &amp; #apple is not even aware of such problem. Who’s problem is it and who is going to give me a fix #lemonlaw?,"@250044 We're here to help. Tell us what happens when you try to sync your iPhone with your car radio? Also, which iPhone and iOS version do you have? https://t.co/GDrqU22YpT"
557727,250259,Sat Dec 02 22:38:26 +0000 2017,@AppleSupport I mean my photos and videos. They just vanished from my device.,@250259 So they're missing from the Photos app?
557745,250264,Sat Dec 02 20:59:15 +0000 2017,@AppleSupport music app continually freezing.,@250264 We're here for you. Which device and software version are you using? Are any other apps or functions affected?
557778,250274,Sat Dec 02 22:22:42 +0000 2017,"@AppleSupport When I move the App to a folder, it does not like to stay there... just disappears with an effect as soon as I let go of my finger",@250274 Let's rule one thing out here. Do you know if you have restrictions enabled on your iPhone? You can check with these steps: https://t.co/eiyAtwvrU1 Let us know in DM and we'll work from there. https://t.co/GDrqU22YpT
559220,250690,Sat Dec 02 21:17:37 +0000 2017,"Elimde ki iPhone 7 📱 ne hale geldi.. 
Aşırı ısınma, kendi kendine kapanma.
Ne yaptın be @115858 @AppleSupport Hiç yakışmadı.",@250690 We offer support via Twitter in English. Contact us for help in your preferred language here: https://t.co/IBIY3vMgPj
561787,251460,Sat Dec 02 22:50:19 +0000 2017,@AppleSupport any explanation for the same location being a degree off? Been happening for a long time now— the second one is always 1 degree lower— don’t know why. https://t.co/6dMe9NuPRV,@251460 We'd like to look into this with you. Let us know which device you're using and the version of iOS installed via DM. We'll go from there. https://t.co/GDrqU22YpT
561804,251465,Sat Dec 02 22:49:19 +0000 2017,@AppleSupport I am about to upgrade to an iPhone X 256gb but I want to know if wireless charger is in box with phone?,@251465 The wireless chargers are available separately. You can find several types at our online store: https://t.co/JLyz9lwuGU
565891,239221,Sun Dec 03 01:05:10 +0000 2017,Did @AppleSupport just ghost me https://t.co/pWqE1luPmv,@239221 It doesn't look like we received your last DM. Join us back in DM and we can continue to gather information to get this resolved. https://t.co/GDrqU22YpT
565942,252656,Sun Dec 03 01:03:40 +0000 2017,@AppleSupport Fixed it,@252656 Great to hear! Reach out again in the future if we can be of further assistance.
567687,253153,Sun Dec 03 01:52:56 +0000 2017,"@AppleSupport Right, so this is the only location then yeah? (i work in tech support in the audio industry, and this is catching a lot of people out during driver installation)",@253153 This is correct.
568397,253363,Sun Dec 03 02:23:29 +0000 2017,Have this on loop when trying to update free apps... @115858 @118936 @AppleSupport https://t.co/29pRhatGOL,@253363 Send us a DM. We'd like to help. https://t.co/GDrqU22YpT
568400,253364,Sun Dec 03 02:09:10 +0000 2017,@AppleSupport can you make iOS Music app remember what i was listening to and resume? I’m not sure why it doesn’t do this…,@253364 Is the app getting closed completely between uses? When it stays open in the background it should resume from where you left off.
568441,253374,Sun Dec 03 02:23:09 +0000 2017,@AppleSupport BRO all my contacts just fucking bounced my nigga like wtf,"@253374 What's going on with your contacts? Send us a Direct Message, we'll continue there. https://t.co/GDrqU22YpT"
568443,253375,Sun Dec 03 02:18:40 +0000 2017,@AppleSupport @115858 fix the bugs!! You people have $billions of dollars!!  Phones keep shutting off every 30 seconds!! #junk #apple #bugfix,@253375 We want to help you get things running properly once again. Please follow the steps here: https://t.co/aaeYgb1573 and let us know if the issue continues.
569292,10766,Sun Dec 03 02:38:35 +0000 2017,"Friends in Australia, and @AppleSupport any idea where I can buy a few of these (just the country specific adapter for a Macbook Air charger) https://t.co/Xe7g5JC6Yo","@10766 Reach out to our Apple Online Store team via the following link, and they can advise you on available options from there: https://t.co/8yjRd1Xo0i"
571831,254349,Sun Dec 03 04:20:18 +0000 2017,@AppleSupport my phone keeps disconnecting from the wifi it’s been happening for the past week what can I do to fix this? I’ve already restarted the network? Or is it my phone @115714 ?,"@254349 Being able to connect to Wi-Fi is important. Let's ensure Wi-Fi is enabled in Settings &gt; Wi-Fi and connected to your preferred network. If you continue to have issues, please reach out to us here: https://t.co/IBIY3vMgPj"
571841,254352,Sun Dec 03 04:15:05 +0000 2017,😒somebody get these damn question marks please @AppleSupport,"@254352 Hi there. We're here for you. We recently released an iOS update, 11.1.1, that contains a fix for autocorrect issues. Let’s be sure to back up your device prior to updating. How to back up: https://t.co/4f8hwT5to6"
573676,254874,Sun Dec 03 05:57:06 +0000 2017,@AppleSupport I did this a long time ago,"@254874 Thanks for letting us know. So that we can move forward together, let us know the country you are currently in and we'll be happy to investigate further,"
582717,257392,Sun Dec 03 05:33:57 +0000 2017,@AppleSupport H E L P https://t.co/cdG0QnvuqK,@257392 We want you to be able to use your Mac without this happening. Does the issue happen when you're in safe mode: https://t.co/PQ4LSYhUTY Let us know what you see in safe mode.
583611,257653,Sun Dec 03 06:30:21 +0000 2017,"in @115858 #iOS11 #iPhone , it's funny how even after you switch off Wi-Fi from the Control Center, it still shows 'on' in Settings. 🤔 @AppleSupport #Apple #UserExperience #userinterface #uxdesign #uidesign #designthinking #DesigningForHumans https://t.co/gM6kOSRRxM","@257653 Hi! When toggling Wi-Fi off in Control Center, it disconnects, however it will continue to be available. Use Settings to disable it. For more information, click here: https://t.co/G7BHuQnDS6"
584656,257966,Sat Dec 02 19:04:11 +0000 2017,"@AppleSupport this keeps happening , any ideas? https://t.co/U9c3XRPf1k",@257966 We can certainly take a look at this with you. Please try the steps we have listed online here first: https://t.co/osZOKKTalm DM us if you're still having issues after this. https://t.co/GDrqU22YpT
587034,258642,Sun Dec 03 18:52:36 +0000 2017,"@AppleSupport Thanks, but I don't have time for that (pardon the pun). I set up a cron job to sync the clock.","@258642 Alright. Should you have availability at a later time, don’t hesitate to reach back out via DM. Take care."
588079,258969,Sun Dec 03 14:17:17 +0000 2017,@AppleSupport Actually I’ll just use the Apple Support app. Thanks anyway!,"@258969 We are glad you're excited for our new features. Just in case you're still looking for answers: If you're in the US, those features will require iOS 11.2 and will begin rolling out early next week."
588120,258982,Sun Dec 03 17:54:54 +0000 2017,@AppleSupport I am using my MacBook Pro 13” with Retina Display. It has never done this before. I use it daily. Had sent machine to Apple to be fixed. Now this is he way it is. I cannot upgrade to High Sierra or my adobe products do not work. But as I said this want a problem since 2015. ❤️,@258982 We appreciate your patience. Let's try performing a NVRAM reset and see if that works. Check out this link on how to perform the task: https://t.co/sf0JEbUJVS
588167,258992,Sun Dec 03 12:54:12 +0000 2017,@27093 @AppleSupport We’ll talk after a few months... 😁,"@258992 Hey there, please DM us and we'll further review this for you. https://t.co/GDrqU22YpT"
589470,259366,Sun Dec 03 17:56:07 +0000 2017,@AppleSupport I have an iPhone 6s and version 10.0.2 on my phone right now. It tries installing update but comes up with an error,@259366 Are you using iTunes or Wi-Fi to update the iOS version? What error message are you seeing? Let's take a look at this link on updating the iOS: https://t.co/80YRnjDFDk
590934,259788,Sun Dec 03 17:04:03 +0000 2017,@AppleSupport Rang the helpline. Thanks,"@259788 You're welcome, and we're glad to hear that you were able to get through to our Phone Support team."
593519,260532,Sun Dec 03 17:14:38 +0000 2017,Anyone know how to disable message blocking on iPhone 5s this shit is pissing me off @AppleSupport I already called my provider they didn’t do shit to help,@260532 Here's some information about message blocking on your device. https://t.co/rYxZGDk3Lz
593551,260542,Sun Dec 03 17:03:06 +0000 2017,@AppleSupport just downloaded 11.2. All excited to use Apple Pay Cash. No Apple Pay Cash card in my wallet or tab to select in Settings...,"@260542 If you're in the US, those features will require iOS 11.2 and will begin rolling out early next week."
593594,260554,Sun Dec 03 16:32:52 +0000 2017,@115858 @AppleSupport do you know why https://t.co/DVQLkBC7uj can't sign me in online?,"@260554 Thanks for reaching out about this situation. To verify, do you get a particular error message or prompt when you attempt to sign-in? How long has this been happening? Also, are you able to sign-in to the Apple ID website? https://t.co/ggVDoc1mU7"
594651,260885,Sun Dec 03 17:36:59 +0000 2017,Hi @AppleSupport ever since I started using iOS 11 public beta (I’m now back on the public release) on my iPhone 6S Plus the Notes app won’t sync iCloud notes. https://t.co/M6pJKGJbpA,@260885 We're here for you. Which iOS version are you currently running? Tap Settings &gt; General &gt; About to find the version number. Are you able to view your Notes through other devices using the same Apple ID?
595827,261191,Sun Dec 03 18:04:40 +0000 2017,"Could you all please [try to] put the Sister Act II version of Joyful, Joyful w/Lauryn Hill on iTunes please? :) @115948 @AppleSupport","@261191 We appreciate your suggestion! If you'd like to, you can submit requests for iTunes Store content using the following link: https://t.co/vcSzj5tstI"
595852,261197,Sun Dec 03 17:53:16 +0000 2017,@AppleSupport what? https://t.co/8HK3KDHv7o,"@261197 It looks like your iPhone wasn't able to complete a backup. We know it's important to keep your data safe, and we want to help. Send us a DM and tell us which country you're in and we'll work together to find a fix. https://t.co/GDrqU22YpT"
598111,261790,Sun Dec 03 19:36:51 +0000 2017,@AppleSupport Hi I'm trying to cancel and appt at genius bar but the page I land at is saying temporarily unable to service my request. Case ID: 100364949930 - for tomorrow morning. Need to cancel,@261790 We know your time is valuable. We have canceled that appointment for you. Please let us know if we can assist further.
598146,261800,Sun Dec 03 19:03:14 +0000 2017,"@AppleSupport Prior to iOS 11 when using the Podcasts or Music apps AND connected to power, the screen would not auto-lock. Is there a hidden setting somewhere to get this feature back?","@261800 You can change the settings of auto-lock on your iPhone to ""never"". This would prevent it from locking while your are enjoying your music. To change this setting, go to Settings &gt; Display &amp; Brightness &gt; Auto-Lock."
601383,262669,Sun Dec 03 21:21:26 +0000 2017,*Coincidentally* it doesn't seem to work for Spotify at all. @AppleSupport please tell someone somewhere to bring this back to how it was. I use these buttons all day and now (a) nothing happens or (b) the wrong application is affected.,"@262669 Let's take a look at what's causing you not to be able to control your iTunes music from your keyboard. To begin, which Mac are you using? Also, is it an external keyboard?"
601387,262669,Sun Dec 03 22:23:25 +0000 2017,"@AppleSupport Thanks for the clarification. I’ve found a third party app that fixes this issue, but I’ll be sure to leave feedback. Thanks!",@262669 You're most welcome!
602402,262997,Sun Dec 03 21:39:38 +0000 2017,Whenever I get a Snapchat notification my music stops and doesn’t come back on unless I press play @AppleSupport .,@262997 We'd like to help. DM us if restarting your iPhone helps at all and what iOS version you have in Settings &gt; General &gt; About. We'll work with you there. https://t.co/GDrqU22YpT
603248,263303,Sun Dec 03 22:08:29 +0000 2017,"@AppleSupport serious question, how do I turn my iPhone X off?Asking for a friend",@263303 We can help you out. Take a look at the following article for how to turn off the iPhone X: https://t.co/OWRDHWSt4h
608992,264754,Wed Oct 04 04:02:41 +0000 2017,@AppleSupport my groupchat ain’t working,@264754 We can definitely look into this with you. Which device and app are you using for group chats? What's happening specifically?
610299,265100,Tue Oct 03 21:17:45 +0000 2017,"@AppleSupport With the new iOS update, some app show up like this. Tried: resetting &amp; restarting :-/ https://t.co/pghcNBaUqi",@265100 Thanks for reaching out. Are there any updates available for your apps? You can check in App Store &gt; Updates.
611269,265336,Wed Nov 22 18:55:50 +0000 2017,"@AppleSupport While transferring files, my Mac doesn’t show up in AirDrop. I wasted almost 2 hrs dealing with the issue. There were 2 instances when my Mac showed up but disappeared again when I tried to use it the second time. Not sure what can be done to fix the issue.","@265336 Thank you for those details. Let's have you take a look at this article with some steps to help with this issue with AirDrop: https://t.co/1sfjYKb68x

Take a look at the section titled ""If you can’t see the other device in AirDrop""."
612803,265745,Wed Nov 22 23:21:57 +0000 2017,"@AppleSupport Sorry nope, Also tried the home+PWR button to reset.  To reproduce: 1. Upgrade iPh6+ to ios11.1.1 or 11.1.2 (from ios10.3.3).  2. Disable: Bt,WFC 3. Phone cancellation set ANY 4. make MO call(VoLTE/CS/VoIP app) 5. talk directly into mic of ios11.1.2  6. Observe MT side no voice","@265745 Thanks for trying all those steps. Does the issue only happen when using 3rd party apps, or do have the same issue when using FaceTime or making a Cellular call? Please DM us and we will go from there. https://t.co/GDrqU22YpT"
612888,646720,Fri Nov 10 03:43:57 +0000 2017,"@AppleSupport Hello , I Updated It And It Still Show The Box🙄 Please Help.",@646720 We appreciate you coming back with some feedback. Confirm for us in DM whether you're referring to iOS 11.1.1 See you there! https://t.co/GDrqU22YpT
612900,229934,Fri Nov 10 10:03:48 +0000 2017,@AppleSupport Apple Music lags a lot on my iPhone 7 running iOS 11.1.1. Already did a factory reset but the issue still persists. I have around 1600 songs in my playlist.,@229934 That's not the ideal experience when you're trying to listen to music. Let's chat over in Direct Message and we'll see what's causing it to lag. https://t.co/GDrqU22YpT
612906,779927,Fri Nov 10 19:12:57 +0000 2017,"@AppleSupport I've done the update but I still have an issue where if I'm reading something on my phone (eg, a tweet), ""I"" will be replaced with ""!  [?]"". This only happens on my phon, the same tweet looks normal on a computer.","@779927 We certainly want to help to get this resolved. Go ahead and reach out to us in DM and tell us exactly what version of iOS you're currently running. Also, to narrow this down, let us know if this happens when you type something or just reading others. https://t.co/GDrqU22YpT"
612937,347397,Fri Nov 10 18:08:50 +0000 2017,@AppleSupport Gold star for fixing your glitch ... now how about fixing this battery life issue. That’d be great,"@347397 We'd be happy to address any battery issues you're seeing. Can you start by confirming you're updated to iOS 11.1.1? If not, try our steps to back up and update here: https://t.co/6p9Tcj51N4"
612960,667605,Sun Nov 12 10:41:26 +0000 2017,"@AppleSupport Im using iphone 6s..after update iOS 11.11.1 my phone auto pop pup n auto touch, auto type, auto col, n wen i scroll up or down my screen vibrat.. N fon become slow.. Pls assist me..",@667605 We'd love to help you with this. DM us and we'll go from there. https://t.co/GDrqU22YpT
612987,679106,Mon Nov 13 16:21:36 +0000 2017,@AppleSupport Does it fix all the other f- ed problems too?,"@679106 To confirm, have you had a chance to install iOS version 11.1.1? If you have, and are still noticing an issue, DM us. We’ll take it from there. https://t.co/GDrqU22YpT"
613015,733734,Fri Nov 17 00:44:04 +0000 2017,"@AppleSupport I’m only seeing this bug over social media instead of messages/autocorrect. not sure if it’s from iPhone or Android users, but it did not resolve with the update.",@733734  Are you seeing this issue when you send a message or when reading messages? Let us know in DM; we'll continue from there. https://t.co/GDrqU22YpT
613015,733734,Fri Nov 17 00:44:04 +0000 2017,"@AppleSupport I’m only seeing this bug over social media instead of messages/autocorrect. not sure if it’s from iPhone or Android users, but it did not resolve with the update.",@733734  Are you seeing this issue when you send a message or when reading messages? Let us know in DM; we'll continue from there. https://t.co/GDrqU22YpT
613062,265772,Wed Nov 22 05:44:50 +0000 2017,@265773 @265774 @AppleSupport I updated mine and it’s still a problem,@265772 We’d like to look into this. Send us a Direct Message and we'll check into what's happening on your device. https://t.co/GDrqU22YpT
613132,265795,Wed Nov 22 05:05:53 +0000 2017,.@1313 are you aware of a bug that would cause your app to not retain third party keyboards? Can't get G-Board to stick. Your app continually reverts to Apple stock keyboard. Maybe @AppleSupport knows what's up? iOS 11.1.2 is where I'm at. Issue was not present in iOS 10.3.3.,@265795 We’d like to look into this. Does the issue persist after adding the keyboard and restarting? Have you experienced the same issue in all apps?
616312,266257,Wed Oct 04 14:58:31 +0000 2017,"Errrr, @126 works really bad and laggy on iOS 11 😑 cc: @115858 @AppleSupport","@266257 Thanks for bringing this to our attention. Is there an update available for Instagram? If so, let's complete it."
617269,266446,Wed Nov 22 17:01:21 +0000 2017,@AppleSupport With the latest iOS update,"@266446 Thank you! When you restart, does that resolve the problem? Are you connected to Wi-Fi, or using Cellular data?"
617272,266446,Wed Nov 22 07:45:15 +0000 2017,"Why is my Apple Music not loading? Not working at all @AppleSupport. Can’t see anything in the app, search or nothing. It shuts down everytime I try to open it. Fix it.",@266446 Thank you for that info. Let's dig a little deeper into this issue together. Which device and software version are you using Apple Music with?
619358,266970,Wed Nov 22 11:38:06 +0000 2017,"I can't seem to send a message to a phone number after the latest ios update, @AppleSupport? As I insert the phone number, the digits just disappear?!",@266970 We'd be happy to look into this with you more in detail.  Please reach out to us via DM and we'll get started. https://t.co/GDrqU22YpT
619549,267029,Wed Nov 22 09:27:21 +0000 2017,"@AppleSupport , what I should do?! https://t.co/nRUqh6X9LC","@267029 We've got your back to get macOS working for you. How long has your Mac been showing that screen? If you restart it, will it go past that to the desktop? If not, what happens with Safe Mode: https://t.co/PQ4LSYhUTY"
620038,267164,Wed Nov 22 18:16:33 +0000 2017,@AppleSupport I know there is a recovery set of buttons but I don’t recall them,"@267164 Thanks for sending the screenshot over. Let’s start by attempting to boot to safe mode: https://t.co/PQ4LSYhUTY

If your Mac successfully starts up in safe mode, choose Apple menu &gt; App Store, click Updates, then install any available updates."
620140,214457,Wed Nov 22 17:02:58 +0000 2017,"After updating to #iOS11 my #iphone 6s is so fucking slow and messed up I want to throw it out the window...WTF. The lastest version was supposed to ""fix"" all these fuckups....nope. @115858 @AppleSupport",@214457 We are here to help whenever possible. DM the specific iOS version you are using to get started. https://t.co/GDrqU22YpT
620225,267204,Wed Nov 22 16:45:37 +0000 2017,.@AppleSupport why won’t the website let me schedule an appointment????,"@267204 That's not what we like to hear! Meet up with us in DM with info on what's happening, and we'll try to save you a trip. If needed, we can even help create a reservation. https://t.co/GDrqU22YpT"
621730,267542,Wed Oct 04 12:24:12 +0000 2017,"I don’t know what @AppleSupport did in the last iPhone update, but whatever you did has slowed phone to a crawl. Thanks 😡👎",@267542 Thanks for reaching out.  We want to help.  Are you updated to iOS 11.0.2?
628023,159328,Wed Nov 22 12:23:48 +0000 2017,@AppleSupport I got cd stuck on my Macbook pro. It doesn’t respond to Eject-button. Help please.,@159328 Thank you for reaching out to us. We'd be happy to help. Take a look at this article with some steps to try to help get that CD ejected from your MacBook Pro: https://t.co/0Dvykzp1hw
629728,269183,Wed Nov 22 20:58:57 +0000 2017,"@AppleSupport I’m not getting anywhere with that. I’ve ordered my iPhone X on the upgrade program, and it says it will arrive around 1st Dec. People have been able to reserve and pick up on the same day, so why am I having to wait so long? I reserved it on the release date",@269183 Our Online Sales team is really best suited for this question. Please reach out to them for information: https://t.co/8yjRd1Xo0i
629788,269203,Wed Nov 22 14:03:22 +0000 2017,@AppleSupport I’m having problem woth personal hotspot since updating to ios 11. Help!,@269203 We'd be happy to look into this with you more in detail.  Please reach out to us via DM and we'll get started. https://t.co/GDrqU22YpT
631761,269716,Wed Oct 04 19:22:53 +0000 2017,My iphone 7 keeps crashing. Ios 11 os bad. @115858 @AppleSupport,@269716 We're here to help. Let's take this to DM so we can better assist you. https://t.co/GDrqU22YpT
633787,270232,Wed Nov 22 16:37:26 +0000 2017,@115858 @AppleSupport is this legit? Looks very suspicious?? https://t.co/TrU1N0Gg2E,"@270232 Great question! It's always better to stay on the safe side, when it comes to providing your personal information. This email is not legitimate. Check out https://t.co/sayPykspsk for more information on identifying legitimate emails coming from Apple. https://t.co/GDrqU22YpT"
633836,270238,Wed Nov 22 16:15:16 +0000 2017,Hey @AppleSupport why is wifi really slow on one network on my iPhone X? All other networks and cellular work fine and the slow network is fast on other Apple devices. Also seems to get slightly faster when mobile data and Bluetooth are off.,@270238 Congrats on your new iPhone X.  We want to help.  Send us a DM letting us know what version of iOS is on this device. https://t.co/GDrqU22YpT
633955,270280,Wed Oct 04 18:49:28 +0000 2017,"@115858 @AppleSupport atualização lixo, bateria acabado rápido dms","@270280 Since our Twitter support is available in English, get help at https://t.co/IBIY3vMgPj or join https://t.co/pvaOFfPbjt"
637478,271152,Wed Nov 22 19:17:57 +0000 2017,This dumb IPhone still spelling my words wrong. Please fix the Problem @AppleSupport folks pay to much money for the I to be A 😞👌🏽😩,"@271152 You've come to the right place! So we can provide you with the best support, please tell us which iPhone you have and the iOS version its running. You can locate the version by going to Settings &gt; General &gt; About &gt; Version."
639378,271670,Thu Oct 05 00:25:57 +0000 2017,@AppleSupport My music player is completely broken and unresponsive through the lockscreen. Why? https://t.co/6lhPa8tT4l,"@271670 Let's help get things playing. To get started, what version of iOS are you currently using?"
639681,432972,Fri Nov 17 22:18:39 +0000 2017,@AppleSupport My IPhone X is still in the box until after Xmas. Is that a problem?,@432972 Congratulations on your new iPhone X! There shouldn't be anything to worry about with waiting to unbox it. Check out the following page for new features and information on your iPhone X for when you unbox it: https://t.co/pQLZCcEAcu
644139,272897,Thu Oct 26 17:01:53 +0000 2017,Someone added me to a group chat with 20+ people. I have asked repeatedly to be removed. This is insane @AppleSupport,"@272897 Let's see what we can find out. Have you tried to ""Leave this Conversation"" from the message details?"
647361,273772,Thu Oct 05 03:04:00 +0000 2017,"ios 11 has screwed up my phone so bad so like, @AppleSupport fix it maybe",@273772 That's not the experience we want you to have. What kind of issues are you having? Tell us more in DM. https://t.co/GDrqU22YpT
649351,202724,Sat Nov 18 16:45:23 +0000 2017,@AppleSupport why do I have a crackling noise sometimes while watching YouTube only?,@202724 We want to check this out with you. Can you tell us which steps you've tried so far? This way we won't have you do any steps over again.
649772,274457,Wed Nov 22 21:22:10 +0000 2017,@AppleSupport Most recent version of iOS. Only app that needs updating is Netflix.,@274457 Thanks for confirming. We'd like to take a look at some additional information on your device. Send us a DM using the link below and we'll continue. https://t.co/GDrqU22YpT
649778,274459,Wed Nov 22 21:16:25 +0000 2017,@AppleSupport Unable to open your link https://t.co/9qYwI0f6bv,"@274459 Got it, thanks! So we can provide you with the next best steps, DM us where you're currently located and we'll continue from there. https://t.co/GDrqU22YpT"
652194,275087,Tue Oct 10 17:39:17 +0000 2017,@AppleSupport It’s jumping from screen to screen. App to app,@275087 has your iPhone suffered any damage or fallen recently? Let us know via DM. https://t.co/GDrqU22YpT
657204,276438,Thu Oct 05 07:26:30 +0000 2017,@AppleSupport why is my order still “Preparing for Shipment” and I’m supposed to get it today??,"@276438 For all sales related inquiries, please visit: https://t.co/8yjRd1Xo0i"
657699,276578,Thu Oct 05 08:15:52 +0000 2017,@AppleSupport iOS 11 keeps trying to disable my phone when I’m on the underground because it thinks I’m driving. This is REALLY irritating.,@276578 We want to help with this. Have you tried disabling the feature as shown here: https://t.co/BdISLrN866
658306,276726,Thu Oct 05 09:24:30 +0000 2017,Hi @AppleSupport are you planning to address the bad battery performance issue with iOS 11? I’m on 11.0.2 and need recharge 3 times a day!,@276726 About how long ago did you update to iOS 11.0.2? Let us know in DM and we’ll go from there. https://t.co/GDrqU22YpT
660497,277334,Wed Nov 22 23:47:44 +0000 2017,@AppleSupport Hello I have a doubt if once i subscribed to Apple Music and i took no longer can I retrieve my playlist that I had because I subscribe,"@277334 We want to be sure we understand your question, so that we provide the correct information. Are you asking if you'll have access to music downloaded during an Apple Music subscription, after you cancel the subscription? Clarify with us in DM, and we'll go from there: https://t.co/GDrqU22YpT"
661680,569775,Fri Nov 17 11:39:13 +0000 2017,"@AppleSupport Why you forcing me to have music control where i don't want music 
I don't have a song at all!",@569775 We'd be happy to look into where that music control is displaying for you. Can you tell us a bit more about what you're seeing?
662824,183431,Thu Nov 23 01:30:02 +0000 2017,@115948 i am going crazy trying to simply navigate from the song playing on my phone to that artist’s page or album. What am i missing? This used to be so easy. @AppleSupport,@183431 We're happy to assist. Which iOS version are you currently running? Go to Settings &gt; General &gt; About for the version.
663871,278213,Thu Nov 23 03:54:19 +0000 2017,@278212 @AppleSupport 🆘 same,"@278213 Let us know the type of iPhone you have via DM, and we can help out. https://t.co/GDrqU22YpT"
665770,278589,Sat Nov 11 17:45:08 +0000 2017,"@AppleSupport hi just got this email through, haven’t made any purchase and assume it’s a scam can you confirm? https://t.co/KcbNCHAovC",@278589 We understand wanting to verify if this is really from us. This email is a phishing email and is not from us. Check out these tips to identify if an email is legitimate or not: https://t.co/LNMCdqt6fD
667047,278954,Thu Nov 23 03:12:13 +0000 2017,@AppleSupport I️ haven’t upgraded my software as I️ hear this is the wrong thing to do and I’ll have to get a new phone. I’m happy with my iPhone 6. No software update and I still can’t write the letter I️ thanks you guys suck. Who needs an I️ anyway?,"@278954 An update has been released to assist with this issue. If you haven’t yet, please back up your device and update it to the latest version of iOS 11. For more info, check out: https://t.co/4f8hwT5to6"
670607,279972,Thu Oct 05 12:20:08 +0000 2017,"@AppleSupport with new updates why is it asking for your Appleid more than one time, with new breaches how do we know these are legitimate","@279972 Let's look into this together. Send us a DM with more information, and we'll go from there. https://t.co/GDrqU22YpT"
671312,280156,Thu Nov 23 00:21:38 +0000 2017,Alright WHY DID MY PHONE JUST DO THIS ? @115858 @AppleSupport https://t.co/Hxiy0qqhUz,"@280156 We've got you covered!  This notification is to help update your device to the carrier network and helps ensure a stable connection.  We'd recommend updating whenever you see this message, if you're not on a call."
676788,281444,Thu Oct 05 15:09:24 +0000 2017,@AppleSupport Thanks! I've sent you a DM,@281444 Great! We've received your DMs and will continue with you there.
681998,282753,Tue Nov 07 11:21:25 +0000 2017,@AppleSupport after iOS 11 upgrade frequently iPhone SE getting hang,@282753 We want to help get your iPhone working properly. Which exact iOS version are you using?  Any particular apps that are hanging?
682092,282788,Wed Nov 08 04:29:47 +0000 2017,@AppleSupport what’s the deal with ? In a box glitch it’s crazy annoying plz fix this mess,"@282788 Hi there! Please let us know where you're seeing this question mark in a box. Also, what type of device are we working with?"
684378,283333,Thu Oct 05 18:04:29 +0000 2017,"@AppleSupport Hi I have a question about purchasing a MacBook, could I DM you?",@283333 Hi! Our Apple Online Store is better able to answer Mac purchasing questions. You can contact them here: https://t.co/8yjRd1Xo0i
689308,284709,Thu Nov 23 08:55:55 +0000 2017,"@AppleSupport I got a weird issue, on iPhone 7 I'm getting heating problem but today I got issues with camera flash, in control panel brightness indicator is saying full brightness but the screen light is very dim...unable to connect support as well. https://t.co/529CJU5SxU","@284709 We want to make sure your iPhone is running in top shape. How long have you been seeing this with your iPhone? Has anything recently changed, like an update? Let us know in DM and we'll get started. https://t.co/GDrqU22YpT"
690739,285039,Thu Oct 05 20:27:49 +0000 2017,@115858 @AppleSupport I wish the phone would return to the keyboard mode after I am done with dictation.,@285039 We welcome feedback about our products and services here:  https://t.co/eTPVYVFyd8
694455,285592,Thu Nov 23 11:29:30 +0000 2017,@AppleSupport I can’t find anywhere on there that’s going to help me!!,@285592 You'll want to follow that link to set up a call and speak with someone from our Photos team.
694459,285592,Tue Nov 21 18:28:43 +0000 2017,@AppleSupport trying to edit picture on my iPhone6 and it’s saying they won’t download from iCloud? It’s been like it all day?,"@285592 We'd be happy to point you in the right direction. Our Apps team can help you resolve this issue. To reach them, look here: https://t.co/IBIY3vMgPj"
694465,285595,Thu Nov 23 11:23:13 +0000 2017,@AppleSupport why is the Apple store down? Black Friday deals update?,"@285595 Hey there. Are you still having issues loading our website? If so, have you tried a different browser?"
695265,285818,Thu Nov 23 12:05:27 +0000 2017,"@AppleSupport I was just telling you that iOS 11 ""kill"" my iPhone 6. Very very very slow and the battery it’s crazy. Before iOS 11 everything was perfect.",@285818 Battery life is important for our devices. Let's look into this together. Can you provide us which version of iOS 11 you're using?
695339,285844,Thu Nov 23 15:53:28 +0000 2017,@AppleSupport What would happen if I do the same with IMessage (uses email instead of number) would it just not send? Or,"@285844 If you are signed into iMessage with your email, the messages will come through. When you respond, you will respond from your email address. Here’s a link that will tell you more about what happens when you remove your number: https://t.co/R5zxAawOzV"
695340,285844,Thu Nov 23 13:00:25 +0000 2017,@AppleSupport They don’t know my number though. So what’ll happen plz,"@285844 That’s a great question. If you turn FaceTime off, when someone calls, it will ring like normal but will not come through to your device. It will appear that you are not available to answer the call.  It does not automatically forward to your phone number."
695350,196304,Thu Nov 23 17:07:59 +0000 2017,@AppleSupport Nope https://t.co/GIufTWUcsa,@196304 Let's discuss the support options we have in your region. Please DM us with the country where you're located to continue. https://t.co/GDrqU22YpT
695915,286033,Thu Oct 05 21:40:48 +0000 2017,@AppleSupport :( i can’t watch what time is it in my iPhone :( iOS 11.0.2 this is the main screen https://t.co/c1qG3SZOXl,"@286033 We’d like to explore your options. DM us the country in which you’re located, and we’ll go from there. https://t.co/GDrqU22YpT"
699082,286750,Sun Oct 15 13:46:08 +0000 2017,"@AppleSupport You need a system to tell people when the ""Genius"" Bar is running late. A half hour past appt and still waiting. 4th time.",@286750 That's not the experience we want you to have. DM us details on and we'll look into this further with you there. https://t.co/GDrqU22YpT
699575,286893,Thu Nov 23 16:58:37 +0000 2017,@AppleSupport @286892 Same thing for me too.  Usually all other achievements unlock immediately.,"@286893 That would bother us too, so we'll be more than happy to help out. To start, can you DM us some more details using this link: https://t.co/GDrqU22YpT"
700045,287030,Thu Nov 23 13:35:35 +0000 2017,@AppleSupport No Just if it logs steps without having to log a workout,"@287030 Understood! The data is shared between the two at any point, so you don't have to have a workout active in order for it to log."
701601,287489,Thu Nov 23 16:10:51 +0000 2017,@AppleSupport please explain to me how an iPhone dies on 50%🙄,@287489 We'd like to look into this with you. Which iPhone and software version are you using. Join us in DM here: https://t.co/GDrqU22YpT
704544,288364,Sat Nov 25 23:51:27 +0000 2017,@AppleSupport As far that I’ve noticed? Yes.,@288364 DM us what country or region you're located in. https://t.co/GDrqU22YpT
704580,288378,Thu Nov 23 17:24:53 +0000 2017,"@AppleSupport Ho ancora problemi malgrado l'ultimo aggiornamento a 11.1.2, adesso la fotocamera funziona quasi instantaneamente ma la batteria si scarica rapidamente ho un iphone5s. Ho anche fatto un ripristino delle impostazioni. Grazie",@288378 We offer support via Twitter in English. Contact us for help in your preferred language here: https://t.co/IBIY3vMgPj
706919,275893,Tue Oct 10 19:39:12 +0000 2017,@AppleSupport Yeah it’s been happening ever since I updated to iOS 11 I’ve noticed a lot of bugs and glitches on my phone,@275893 Does the issue occur when switching between particular apps or does it happen regardless? Let us know in DM. https://t.co/GDrqU22YpT
707431,289124,Tue Oct 10 18:58:17 +0000 2017,"@AppleSupport Yes, in the contacts app the names show up as they should.","@289124 So that we can take a deeper look, feel free to DM us which iOS version you're currently on: https://t.co/GDrqU22YpT"
709481,289645,Tue Oct 10 20:19:45 +0000 2017,@AppleSupport hi would you be able to check if I got the Apple Music trial for three months please?,@289645 Thanks for reaching out. We're here to help. DM us so we can look into this further with you. https://t.co/GDrqU22YpT
709539,289657,Tue Oct 10 19:07:33 +0000 2017,@AppleSupport been doing this for the last 15 mins 👍🏼 https://t.co/jpSqigeaBy,@289657 Let's pair up and see what we can do. What was your iPhone doing before this screen appeared? Which iOS version are you running?
710067,289787,Tue Oct 10 20:37:46 +0000 2017,@AppleSupport thanks for turning my fully functioning phone into a useless piece of crap with your new update 👍🏼,"@289787 We'd be happy to help look into any issues you're experiencing. Send us a DM, and we'll get started there. https://t.co/GDrqU22YpT"
710088,289794,Tue Oct 10 20:21:26 +0000 2017,@AppleSupport should get ready for a class action suit as people realize iOS 11 is destroying their work.,@289794 We'd like to look into this with you. Please DM us more about the issue. https://t.co/GDrqU22YpT
710102,289798,Wed Oct 11 11:55:33 +0000 2017,@AppleSupport It's not showing across all devices - the amount is already pending on my bank card  - get this message even after paying for extra GB. https://t.co/TFeJjFKWh0,@289798 Thanks for this. Let's continue in DM.
710660,289937,Wed Oct 11 03:12:10 +0000 2017,@AppleSupport It was getting stuck signing into my account. Left it alone for a few hours and it finally worked,"@289937 We're glad to hear you were able to resolve the issue. If you have any further questions or concerns, feel free to DM us. https://t.co/GDrqU22YpT"
718484,292027,Fri Oct 06 07:43:03 +0000 2017,@AppleSupport Why after iOS11 do I keep getting No Serice problems and Wifi turns itself on. Mobile data stops working a few times a day.,"@292027 Hey, we can look into these things with you. Send us a DM and we'll work together from there. https://t.co/GDrqU22YpT"
724008,293380,Fri Oct 06 14:22:23 +0000 2017,@AppleSupport please help https://t.co/8HiM2LRPDR,@293380 Help is here! You'll find the solution for Error 4013 here: https://t.co/lMMVPdjGNN Let us know if that does the trick for you.
729741,291366,Fri Oct 06 16:11:22 +0000 2017,@294780 @AppleSupport Lol 😂 that’s gonna be impossible,@291366 We want to check into these battery issues you are having. Could you join us in DM with more info? https://t.co/GDrqU22YpT
737272,296337,Wed Oct 11 03:35:56 +0000 2017,"la  bateria dura poco, teclado lento, movil ralentizado en general, que actualizacion hicistes? ios 11...👎👎!! @AppleSupport @115858",@296337 We offer support via Twitter in English. Get help in Spanish here: https://t.co/IBIY3vMgPj or join https://t.co/OczyRx7IOs
743459,297763,Wed Oct 11 14:32:30 +0000 2017,"@AppleSupport iOS11.1 beta1 to beta2 is full of lags.
When I use Apple Pay Suica it infinite reboots my phone.
Also very slow when I flick to widget menu.",@297763 Let's continue the conversation in DM. https://t.co/GDrqU22YpT
744244,297945,Wed Oct 11 16:12:17 +0000 2017,"@AppleSupport Thanks, but it seems vague. Can I physically take my laptop in for immediate store credit?",@297945 We suggest reaching out to the store to confirm the details of credit.
745119,298124,Wed Oct 11 15:25:38 +0000 2017,"@AppleSupport Hi, I'm trying to get help with my phone as I can't make or receive calls but the only option I have is to call, help!",@298124 We're here for you. What happens when you try to make a call?
745818,298305,Fri Oct 06 22:02:03 +0000 2017,why have I lost all my photos now @AppleSupport ??? U guys are dodgy man,"@298305 Your photos are important. Let's get you to the right spot. To confirm, was this within the Photos app or another app?"
749766,299219,Wed Oct 11 17:42:20 +0000 2017,@AppleSupport 11.0.3 exact same problems just like iOs 11.0.1. My phones takes hours to respnd to even typing the password,@299219 We want to dive deeper into this issue with you. Send us a DM and let's get started. https://t.co/GDrqU22YpT
749784,299222,Wed Oct 11 19:23:17 +0000 2017,@AppleSupport IPhone 7 Plus And iOS 11.0.3,@299222 Let's look into this further in DM.
753028,299974,Wed Oct 11 12:01:58 +0000 2017,Please Fix iOS11 and it’s battery life @116333 @AppleSupport.,"@299974 If you're having issues with battery life, let's meet up in Direct Message so we can help. https://t.co/GDrqU22YpT"
753045,299980,Wed Oct 11 21:22:38 +0000 2017,@AppleSupport Yes ☹️ https://t.co/nkoWk1PRPU,"@299980 Okay, so that we can take a deeper look, feel free to DM us and we'll go from there: https://t.co/GDrqU22YpT"
754632,300391,Wed Oct 11 14:10:27 +0000 2017,"@AppleSupport I need to delete pictures that only show up on Apple TV but were taken on my iPhone, but when I go into icloud it doesn't show them ?",@300391 We'll help get you pointed in the right direction. Please reach out here for support with Apple TV: https://t.co/IBIY3vMgPj
755785,124883,Thu Oct 12 02:31:34 +0000 2017,@AppleSupport Yes. On 2 different wifi,@124883 Got it. Let's meet up in DM to continue looking into this further. https://t.co/GDrqU22YpT
756434,300791,Wed Oct 11 18:49:04 +0000 2017,@AppleSupport Yes. I have a time machine back up.,@300791 Perfect. Thanks for clarifying this for us. Go ahead and send us a DM and we'll look into this further together. https://t.co/GDrqU22YpT
757850,301101,Wed Oct 11 19:14:52 +0000 2017,"@AppleSupport App crashes,  hiccups in the UI, battery drain and bugs throughout the OS. It feels like it is still in beta","@301101 Thanks for getting us this information. If you go into Settings &gt; General &gt; About, what does it show there for the Version?"
761918,302038,Wed Oct 11 20:44:00 +0000 2017,"@AppleSupport IPhone 7 
It’s grayed out…I tried to rest network settings but it didn’t work https://t.co/8Xhhu4hZVQ",@302038 We see what you mean. Can you enable Wi-Fi from the Control Center? Swipe up on any screen to open the Control Center.
761921,302038,Wed Oct 11 20:59:06 +0000 2017,@AppleSupport same problem https://t.co/HJTyry76ZU,@302038 Thanks for trying the Control Center. Send us a DM next and we'll look into this Wi-Fi issue a bit more. https://t.co/GDrqU22YpT
761942,198423,Wed Oct 11 20:08:54 +0000 2017,@302044 Springboard issues as if it's jail broken known issue .... @AppleSupport when are yall fixing it.,"@198423 There's a new update that was released today, iOS 11.0.3. Follow the steps in this article: https://t.co/80YRnjDFDk"
764214,302637,Wed Oct 11 21:37:37 +0000 2017,@AppleSupport Yeah happening at home now was happening in work today even when the phone on home screen with all apps closed down still whizzing around,@302637 Thanks for the update. Have you tried restarting your iPhone? Do you get the same results after a restart?
765459,220586,Wed Oct 11 22:04:10 +0000 2017,.@115948 @AppleSupport I still don’t have my New Music playlist and its been 2 weeks since the update…..,@220586 Let's take a look at this for you. Reach out to us in DM. https://t.co/GDrqU22YpT
766230,303122,Sat Oct 07 06:27:37 +0000 2017,"Hating #iphone6 after OS update. Hangs, shivers, gulps battery, troublin internet. @AppleSupport help? Or u want to sell #iPhone8 only!",@303122 We’re here to help. Let’s team up in DM and we’ll do our best to assist you. https://t.co/GDrqU22YpT
766241,303125,Wed Oct 11 22:34:57 +0000 2017,@AppleSupport Desktop!,@303125 What type of Desktop are you using? Which OS or macOS is currently installed?
766813,303258,Sat Oct 07 08:51:15 +0000 2017,@AppleSupport I bought my iPhone 8 plus on 29th Sep n am already regretting. Bluetooth n wifi connectivity is terrible. Even wid iOS 11.0.2.,@303258 Let's help you with your new iPhone 8 Plus. We want it working as expected for you. Provide us more details in DM below.
766838,303266,Sat Oct 07 09:16:20 +0000 2017,@AppleSupport   Look the isso using the new sustém https://t.co/JHCPlgdHTu,@303266 We are here to help. DM us your current iOS version and we can take a look at this for you. https://t.co/GDrqU22YpT
766962,303302,Wed Oct 11 22:20:43 +0000 2017,@AppleSupport wifi which is irrelevant because the songs are downloaded.,@303302 Is the music purchased from iTunes or from Apple Music catalog?
770942,304123,Wed Oct 11 23:33:10 +0000 2017,@AppleSupport hi. Please check DM's.,@304123 Thanks for reaching out! We have your DM and will respond to you there. Be watching your inbox for our reply. Thanks!
771737,304324,Thu Oct 12 00:19:54 +0000 2017,Just downloaded iOS 11.0.3 and I've had to soft reset twice in 5 minutes. Phone keeps freezing in Whatsapp. @AppleSupport,@304324 Got it. Let's continue in DM using the link below. https://t.co/GDrqU22YpT
783012,306905,Sat Oct 07 21:49:40 +0000 2017,"@AppleSupport Sure, I did but still keeps happening",@306905 Thanks for that info. Go ahead and reach out to us in DM and we'll be glad to continue with you there. https://t.co/GDrqU22YpT
789968,308382,Sat Oct 07 23:24:06 +0000 2017,@AppleSupport and that was me asking them what’s the fastest? Mail or store?,@308382 Let's help take a look into any available options. Please reach out to us in DM and we can go from there. https://t.co/GDrqU22YpT
790678,308541,Thu Oct 12 03:27:16 +0000 2017,@AppleSupport Battery is draining like 2% every minute even when it is in charging in IOS11. Iphone 6 here. Need immediate action on this.,@308541 We'd be happy to help you out with this. Send us a DM letting us know which iOS version you have. https://t.co/GDrqU22YpT
791611,308755,Thu Oct 12 17:50:18 +0000 2017,@AppleSupport 6 &amp; the new update,@308755 Can you tell us a bit more about what's going on with your Wi-Fi connection?
793971,309309,Thu Oct 12 08:32:17 +0000 2017,@AppleSupport My iPhone 6 Plus was perfectly fine until iOS 11 came out and now it’s a useless phone without a charger nearby.,@309309 Let's follow up via DM. We'll continue the conversation there. https://t.co/GDrqU22YpT
793988,309315,Thu Oct 12 14:14:58 +0000 2017,@AppleSupport iOS 11. ever since I updated I’m connecting to WiFi and the brightness just has a mind of its own and I can’t find where to disable.,"@309315 In iOS 11, you can find Auto brightness in Settings &gt; General &gt; Accessibility &gt; Display Accommodations &gt; Auto-Brightness."
795859,309760,Thu Oct 12 12:40:37 +0000 2017,"@AppleSupport It seems to be a sensitivity issue, not a lag in performance. Very hard to get a specific part of the screen, like an “X,” to respond.","@309760 Understandable. We love helping many at once. For your privacy, if the newest iOS 11.0.3 doesn't resolve, we will need to meet in DM. https://t.co/GDrqU22YpT"
799394,310544,Mon Oct 16 15:57:22 +0000 2017,"@AppleSupport since updating to #iOS11 on my #ipadpro some app icons are gone
See examples attached. Do you‘ve any idea how to fix this? https://t.co/ZwxixTP5kk",@310544 We'd be happy to help out with this. What version of iOS 11 do you have? Do you see any app updates in the App Store?
803120,311373,Thu Oct 12 16:59:26 +0000 2017,@AppleSupport These are iOS apps,"@311373 Got it, thanks! So we can look further into this, send us a DM and let us know which iPhone and iOS version you're using. https://t.co/GDrqU22YpT"
804343,311675,Sun Oct 08 03:10:10 +0000 2017,@AppleSupport Help!!! My phone is getting too hot to hold! #LavaiPhone,@311675 We're here to help!  Please DM us and let us know where you are located. https://t.co/GDrqU22YpT
804886,311812,Thu Oct 12 20:37:44 +0000 2017,@AppleSupport Hi! It is the Iphone 7. It it was just updated to iOS 11.0.2. I know a newer update is out. Just not near wifi,"@311812 Thanks. Updating to iOS 11.0.3 would be the next best step to take as it may resolve the issue. If it doesn't, let us know."
805771,312018,Sun Oct 08 04:17:36 +0000 2017,"@AppleSupport 
@16937 
Opening pictures in messenger is buggy. When you click to open then zoom and pan around- it crashes.",@312018 We're happy to assist. Which iOS 11 version are you currently running? Go to Settings &gt; General &gt; About for the version.
806459,312176,Thu Oct 12 17:20:59 +0000 2017,"@AppleSupport No, after I try to sign in the page reloads and keeps the same way as it was. 👨🏻‍💻 https://t.co/2VISxh0ZSL",@312176 Let's work on this together. Please DM us with the country where you're located to continue. https://t.co/GDrqU22YpT
808231,312580,Thu Oct 12 18:06:52 +0000 2017,Thanks #apple @AppleSupport for giving me only 4hrs of battery life w/ iOS 11.0.3 I now have to charge my iPhone 6s 3xs a day. Pls Fix it!! https://t.co/0cpsPNZGJW,@312580 We want to look into this issue with you. We've received your DM &amp; will continue with you there. https://t.co/GDrqU22YpT
810340,345027,Sat Oct 14 00:49:16 +0000 2017,"@AppleSupport That's if I could get it to work, iPad doesn't respond to touch, then responds as if i pressed the button 5 times.",@345027 We'd like to help. Send us a DM with the details of what's happening. We can work from there. https://t.co/GDrqU22YpT
810349,371647,Mon Oct 23 12:42:26 +0000 2017,@AppleSupport With the new ios my phone run out of battery in just a couple hours,@371647 We can offer some suggestions for the battery life. Try these steps here and let us know: https://t.co/bivpdfBNJ6
810847,313201,Thu Oct 12 19:06:25 +0000 2017,@AppleSupport The same thing that's happening with every iPhone charger https://t.co/NypuiDwvU5,@313201 Thanks for the picture. Please join us in DM and we can offer some suggestions. https://t.co/GDrqU22YpT
813336,313810,Thu Oct 12 20:01:43 +0000 2017,@AppleSupport 7,@313810 Are you seeing that behavior in certain apps? DM us and let us know. https://t.co/GDrqU22YpT
816401,314418,Thu Oct 12 16:15:34 +0000 2017,@AppleSupport if one of my devices won't turn on like it's just sitting on the apple what are some ways to get it to turn on?,"@314418 We're happy to help out. Are you using a Mac, or an iOS device? Which model?"
817675,314753,Thu Oct 12 20:49:54 +0000 2017,@36061 It's broken. 😕My @115858 iPhone 7 plus lasted about an hour.  @AppleSupport  So I'll apparently be without any phone tonight.,@314753 We've got your back. Please DM us with additional details and we'll get started. https://t.co/GDrqU22YpT
817684,314756,Thu Oct 12 20:51:25 +0000 2017,@AppleSupport nothing happens .. i log in to my account and nothing happens.. like it doesnt download,@314756 We've received your DM and will continue to work with you there.
819851,315298,Sun Oct 08 17:28:06 +0000 2017,"@AppleSupport IOS 11.0.2 apesta, actualice y tengo falla de apagado, reinicio, batería y sobrecalentamiento.",@315298 We offer support via Twitter in English. Get help in Spanish here: https://t.co/IBIY3vMgPj or join https://t.co/OczyRx7IOs
820156,315370,Thu Oct 12 21:49:14 +0000 2017,@AppleSupport wtf. i've never had to reboot my iPhone. with iOS 11 i've been pushing all buttons at least 10 times now... WTF!!!,@315370 Thanks for reaching out to us for support. We would love to help you. Can you please tell us the model of your device?
820178,315376,Thu Oct 12 21:42:13 +0000 2017,Chi ha problemi con la fotocamera con #ios11 (aggiornamenti anche successive)? #apple #iphone #iphone7plus @AppleSupport @115858,@315376 We offer support via Twitter in English. Contact us for help in your preferred language here: https://t.co/IBIY3vMgPj
820695,315483,Fri Oct 13 00:21:28 +0000 2017,@AppleSupport Waited a very few minutes than restarted.  Can wait if it locks again and report.,@315483 We want to do everything we can to assist. DM us and we'll proceed from there. https://t.co/GDrqU22YpT
822215,315843,Thu Oct 12 23:44:44 +0000 2017,@AppleSupport A lot like my phone is so slow since i updated and the battery dies in less than an hour and the apps stop working every five minutes,@315843 Approximately how long ago did you update to 11.0.3? Please let us know in DM to continue. https://t.co/GDrqU22YpT
824740,316422,Fri Oct 13 00:32:03 +0000 2017,@AppleSupport iPhone 7 newest iOS 11.whatever. Screen is completely frozen and the hard reset won't work. Tweeting this from my laptop.,@316422 Let's move into DM and we'll take a further look. https://t.co/GDrqU22YpT
824744,316423,Fri Oct 13 00:16:34 +0000 2017,@AppleSupport Both. iPhone 6s 🙏,@316423 We are here for you. Let's take a look at this further for you. Reach out to us in DM. https://t.co/GDrqU22YpT
828357,317334,Sun Oct 08 22:27:07 +0000 2017,@AppleSupport my phone won't update...,@317334 You have come to the right place for help! May we get a little more information on what happens when trying to update?
831302,317959,Mon Oct 09 00:30:35 +0000 2017,“I’d argue that iOS 11.0.2 is even worse on battery life. Crazy battery life for 11.0.2!!! Hello  @115858 @AppleSupport,@317959 We want to help! What model of device is it that you are having trouble with? https://t.co/GDrqU22YpT
835102,318837,Fri Oct 13 08:13:31 +0000 2017,@AppleSupport ✔️ changed WiFi and now I’m happy,@318837 Thanks for updating us. We're glad this took care of it and we hope you have a great day!
842519,320390,Fri Oct 20 14:12:33 +0000 2017,@AppleSupport Not sure what to do in the given link.. any customer care number available?,"@320390 Click on Purchases, then go for Topic Not Listed and type in the issue. It'll give you all of the available contact options."
842534,320393,Fri Oct 20 07:24:48 +0000 2017,@AppleSupport @115858 when are you gonna sort this update out??? Keyboard don’t work properly nor does music or speakerphone your useless,@320393 We'd be happy to look into the issues you're experiencing. Can you provide us which iOS version you're using?
845566,320989,Fri Oct 13 04:38:04 +0000 2017,Is that for the X ONLY Or 8 plus to the wireless chargers @AppleSupport,"@320989 The wireless charging pads are compatible with the iPhone 8, iPhone 8 Plus, and iPhone X. Learn more: https://t.co/Gd6MfrsuKP"
845892,321056,Fri Oct 20 14:22:44 +0000 2017,@AppleSupport Powering the phone off/on resolves the issue temporarily,"@321056 
We'd like to gather some more information for better troubleshooting. Can you DM us the country you are located in? https://t.co/GDrqU22YpT"
845894,321056,Fri Oct 20 09:39:18 +0000 2017,Power problems persist even after installing @applesupport @115858 IOS 11.0.3. Stops charging after a few minutes. IOS update a disaster.,@321056 We're here to help. Which model device are you using? Are you using the Apple branded charging cord and adapter?
847023,553127,Fri Oct 20 01:46:04 +0000 2017,@AppleSupport What happened to the ‘night time light’ on the new ios?,"@553127 Are you meaning Night Shift? If so, this article may help: https://t.co/NBE76DOiEM"
847093,321320,Mon Oct 09 03:06:55 +0000 2017,Why does my phone die at 50% @AppleSupport,"@321320 We'd love to lend a hand!  Which iPhone are you using, what iOS version is on it and when did this issue begin?"
848086,321559,Fri Oct 13 22:06:40 +0000 2017,"@AppleSupport Thx. When I connect my Nikon D800 to xfer images it crashes as soon as I press import &amp; when emailing, the text just deletes. No probs b4.","@321559 Are you connecting the camera directly, or are you using the camera adapter?"
848288,308070,Fri Oct 20 15:49:03 +0000 2017,@AppleSupport In fact apps applications developed by Apple for the iPhone users ar very less,"@308070 Are you able to send a DM using Twitter's website? If not, connect with us via phone or chat here: https://t.co/IBIY3vMgPj"
848305,321596,Fri Oct 20 12:23:06 +0000 2017,"I don’t get UX on iOS 11 podcast app, @AppleSupport. Why do I see old / stale episodes instead of new ones? What am I missing?",@321596 We're happy to assist. Which iOS 11 version are you currently running? Go to Settings &gt; General &gt; About for the version.
849905,321943,Fri Oct 20 13:15:26 +0000 2017,Is there no night mode in iOS 11.0.3? I loved it 😒@115858 @AppleSupport,@321943 We're here for you. Find instructions for turning on Night Shift here: https://t.co/NBE76DOiEM
849915,321946,Fri Oct 20 13:18:29 +0000 2017,@AppleSupport hey apple i have been having this problem since yesterday please help https://t.co/YvSMUpxiFR,@321946 We'd be happy to look into this with you. Which iPhone are you using?
849982,321962,Fri Oct 20 12:54:15 +0000 2017,@AppleSupport Need your help about my Apple ID!,@321962 We’d like to see how we can help. Can you DM us some more details about the issue you're having? https://t.co/GDrqU22YpT
851233,322213,Wed Oct 18 18:47:01 +0000 2017,@115858 @AppleSupport The iPhone 8 plus front camera is so mediocre. Try taking a selfie in Times Square and all billboards come across white. Its a below par camera!Have noticed even rear camera is bad for bright neon lights.,@322213 We want to be sure you can take great photos with your new iPhone. Let us know if this helps: https://t.co/Hrf4wQrDSw
851264,322223,Mon Oct 09 06:46:39 +0000 2017,"@115858 @AppleSupport now allow stupid Apps to charge my acc without my permission, Wat kind of world class security are you providing ?",@322223 We're here to help and recommend that you contact our iTunes Store team directly: https://t.co/SDIe7UiyJN
851741,322322,Fri Oct 20 13:37:58 +0000 2017,"Amigos quiero contarles que por medio de un correo falso (muy similar a los originales) de @115858 intentaron estafarme solicitando información personal y de tarjeta de crédito, dejo las imágenes entre el link falso y el oficial de @AppleSupport  MUCHO OJO! https://t.co/lSYvymDQHk",@322322 We offer support via Twitter in English. Get help in Spanish here: https://t.co/IBIY3vMgPj or join https://t.co/OczyRx7IOs
852578,322541,Mon Oct 09 09:34:20 +0000 2017,"Top iOS update, erased all my @115948 downloads! 😡 @AppleSupport any help?","@322541 Hey, we'll help you get your music back. Send us a DM and we'll take a look into this together. https://t.co/GDrqU22YpT"
852922,322617,Fri Oct 20 15:52:18 +0000 2017,@AppleSupport Something worked. I cancelled the pre-order from my account. Then I had an option to complete the album. This worked. Thanks!,@322617 We’re glad to hear that you were able to get your content to work. Enjoy the rest of your day!
856156,323313,Fri Oct 20 16:56:03 +0000 2017,@AppleSupport My phone,@323313 Are you able to download the content if connected to a different Wi-Fi network or cellular data?
856671,323443,Fri Oct 20 16:37:57 +0000 2017,@AppleSupport It was purchased from Argos,@323443 We’re here to address your concerns. Let's team up in Direct Message using the link below. https://t.co/GDrqU22YpT
859187,324003,Mon Oct 09 14:54:05 +0000 2017,Ho installato aggiornamenti 11.0.1 11.0.2. Ho problemi con chiamate verso il mio cellulare. E batteria che si scarica @applesupport 11.0.1,@324003 We offer support via Twitter in English. Contact us for help in your preferred language here: https://t.co/IBIY3vMgPj
862175,324727,Mon Oct 09 15:48:55 +0000 2017,@AppleSupport Thanks for responding! I’ve updated and turned my iCloud Photo Library off then back on that seemed to help. 😁,@324727 Wonderful! Please let us know if we can be of any other assistance.
862184,324730,Mon Oct 09 15:52:58 +0000 2017,@AppleSupport I spoke to apple care yesterday and was told an email will be sent within 24 hours and it hasn't? #applehelp,@324730 Thanks for reaching out to us. We'd like to look into this with you. Send us a DM to get started. https://t.co/GDrqU22YpT
862711,324850,Fri Oct 13 13:25:05 +0000 2017,@AppleSupport Was refused collection in one of your stores today because I'm not the card-owner. How am I supposed to order for my employer?,@324850 We'd like to get you in touch with our Sales team to look into options. Reach them here:  https://t.co/8yjRd1Xo0i
862785,324867,Fri Oct 13 12:21:01 +0000 2017,@AppleSupport I want to be able to easily turn off wifi and bluetooth,"@324867 We can help out. Tell us, which device are you using?"
864430,325302,Fri Oct 20 21:45:47 +0000 2017,"@AppleSupport yes, is alright.",@325302 That's great! It was our pleasure to assist you. Please feel free to reach out any time you have questions or concerns.
867488,325987,Fri Oct 20 19:14:25 +0000 2017,@AppleSupport Ugh. The newest one! I have no fresh updates!,@325987 Let's take a closer look. Let us know the behaviors you're experiencing and we can go from there.
869481,123833,Mon Oct 09 18:45:25 +0000 2017,@AppleSupport 😠ios11 I'm always charging the battery. Fix this urgently,@123833 We want to look into your battery life issue with you. DM us details using the link below. https://t.co/GDrqU22YpT
869926,326565,Fri Oct 20 15:00:45 +0000 2017,@AppleSupport help i forgot my restrictions passcode,@326565 We've got some great steps to help with this issue. You can find these at the bottom of this article: https://t.co/ZOXnGWrbMf
869934,326568,Fri Oct 20 21:09:52 +0000 2017,@AppleSupport Yes. And I can’t download apps from the App Store either.,@326568 Good to know. Does this happen on multiple Wi-Fi networks?
872070,327045,Mon Oct 09 19:52:28 +0000 2017,@AppleSupport my Apple Watch says it's paired with my phone but my phone won't make noise when I press 'pinging iphone' and the app says: https://t.co/TtmBDI18PH,@327045 We'd be happy to help out. How long has this been happening?
872440,327125,Fri Oct 13 15:14:17 +0000 2017,The new IOS 11.0.3 is fucking bullshit. @115858 @AppleSupport everything works worst than ever.,@327125 We'd love to help. Please DM us with what you're experiencing. https://t.co/GDrqU22YpT
873942,249389,Fri Oct 20 18:23:42 +0000 2017,@AppleSupport No,"@249389 Thanks for trying that step. Next, does this happen in multiple locations (e.g. home, work, etc.)?"
877138,328228,Fri Oct 13 11:42:41 +0000 2017,Phones been so buggy since the updates :( @AppleSupport help,@328228 We'd be happy to see how we can help. What's going on?
882612,329578,Wed Oct 18 10:16:43 +0000 2017,"@AppleSupport Facing LOTS of frequent crashes in new Safari 11 (El Capitan, MBP Late 2011). Plz fix it asap.",@329578 Thanks for contacting us. Are you experiencing this when you go to a specific website? Have you tried restarting your Mac?
884968,330141,Fri Oct 20 21:15:43 +0000 2017,@AppleSupport WHAT?! Oh man!,@330141 Did you use Apple Music to add songs to your phone or iTunes?
884981,131497,Fri Oct 20 21:14:18 +0000 2017,"@AppleSupport hello, am I able to hand in another iPhone and pay money on top for a new model?",@131497 We'd be happy to look into that with you. DM us with which country you're located in. https://t.co/GDrqU22YpT
886208,330428,Fri Oct 20 23:06:48 +0000 2017,@AppleSupport Correct,@330428 That's great. Do you still need our help with updating?
886265,563368,Sun Oct 22 07:48:46 +0000 2017,@AppleSupport U guys feel like getting me a new phone since ur update wrecked my shit?,@563368 We want to help with your iPhone. DM us details on the issues you're having with your iPhone and we'll work with you there. https://t.co/GDrqU22YpT
889060,331072,Sat Nov 25 16:09:10 +0000 2017,@AppleSupport I have bought an iPhone 7 exactly a month ago and my usage is not much as compared to my friends iPhone still I face a lot of problems 1. Battery drains 2. Mobile heating 3. Hangs while using basic app 4. Charge doesnot works sometimes,@331072 Let's look into this together. Could you tell us the exact iOS version your iPhone is running? You can find this by going to Settings &gt; General &gt; About
892817,331998,Fri Oct 13 18:10:29 +0000 2017,@AppleSupport i have an IPhone 6S ans ios 11.0.3,@331998 Thanks for that info. Check out this article to ensure your notifications are set up correctly: https://t.co/2txgOv5s2M
895987,121579,Fri Oct 20 23:15:56 +0000 2017,"@AppleSupport Thanks! :) also, I can’t send gifs in iMessage. It says it’s offline / no internet connection. But I have internet connection lol.",@121579 Are you using the built-in #images within iMessage using these steps: https://t.co/z23vd8gZl5
897711,333194,Sat Oct 21 01:39:36 +0000 2017,@AppleSupport can customers new to iPhone Upgrade Program get pre-approved prior to X preorders? Or is that just being offered to current?,@333194 Great question. Our Sales team can provide additional information on this. Please reach out to them here: https://t.co/8yjRd1Xo0i
898802,333414,Sat Oct 21 02:43:17 +0000 2017,"@AppleSupport 6s plus, only a few hours. Used to last over a day.","@333414 Alright, understood. Send us a DM next and we'll look into this with you more. https://t.co/GDrqU22YpT"
898806,333415,Sat Oct 21 02:52:26 +0000 2017,@AppleSupport Suggestion please?,@333415 We'd love to discuss it with you. Please meet us in DM. https://t.co/GDrqU22YpT
902817,334320,Tue Oct 10 13:30:52 +0000 2017,@AppleSupport  https://t.co/2k05Ur62rm,@334320 Thanks for the screenshots. Let us know your iOS version in DM. We’ll continue troubleshooting this there. https://t.co/GDrqU22YpT
902829,239496,Tue Oct 10 03:16:40 +0000 2017,"@115858 @AppleSupport why is my iPhone turning on its WiFi all by itself CONSTANTLY, like every 30 mins at least, after I upgraded my iOS?",@239496 Great question!  This article explains more about the changes to Bluetooth &amp; Wi-Fi in iOS 11: https://t.co/G7BHuQnDS6
903286,334442,Sun Oct 22 22:35:46 +0000 2017,@AppleSupport any answer to this internally combusting 5C battery which has led to me having to buy a new one as screen exploded?! #uk https://t.co/2omM95NDJR,@334442 We’d like to understand more about this situation. Please DM us some details and we’ll take it from there. https://t.co/GDrqU22YpT
904098,246874,Tue Oct 10 04:41:48 +0000 2017,@AppleSupport iOS 11.0.2 is a nightmare on iPhone 7 Plus.Freeze several times a day+ volume buttons freeze sometimes. When is next update?,@246874 This should not be happening. We want to help. Send us a DM with more details. https://t.co/GDrqU22YpT
905933,335076,Sat Oct 21 01:43:05 +0000 2017,@AppleSupport 11.0.3,"@335076 So that we can avoid having you repeat anything, have you completed any troubleshooting steps on your own so far? DM us. https://t.co/GDrqU22YpT"
906821,335321,Tue Oct 10 10:02:44 +0000 2017,@AppleSupport how can I use my AppleWatch as an alarm clock when it’s charging and locked?,@335321 Check out this article to get that set up: https://t.co/0pM9QoGYX9
908492,276491,Sat Oct 21 06:52:15 +0000 2017,"@AppleSupport 6, it lasts about 2 hours after the update.",@276491 Thanks for clarifying. Send us a DM so we can continue to work with you there. https://t.co/GDrqU22YpT
908631,335802,Tue Oct 10 15:06:21 +0000 2017,@AppleSupport I press the home button and  right side button together while it is connected to the charger.,@335802 Got it. How often is this screen showing up? Reply in DM so we can look at our options to get this resolved. https://t.co/GDrqU22YpT
910685,336293,Tue Oct 10 14:20:31 +0000 2017,"After upgrading my phone my batteries are going down to an alarming rate, can @AppleSupport tell me why?","@336293 We're here for you! Send us a DM, and we'll take a closer look at your battery life together. https://t.co/GDrqU22YpT"
915188,337310,Fri Oct 13 20:05:03 +0000 2017,@AppleSupport Just updated to IOS11.3 and my Apple Music library has gone 😐,"@337310 Let's work on getting your music back! To begin, were these the songs you have downloaded or the entire Library?"
915213,337314,Fri Oct 13 20:20:40 +0000 2017,@337315 @AppleSupport Same soo annoying x,"@337314 We’d love to help. To start, send us a DM with more details on the behavior you’re experiencing. https://t.co/GDrqU22YpT"
917918,337919,Tue Oct 10 17:26:48 +0000 2017,"Hey @AppleSupport I want to remove mirroring, music, and volume from control center on ios 11!!!",@337919 We value feedback and suggestions on what we can change. Tell us more here: https://t.co/eTPVYVFyd8
921054,338648,Fri Oct 13 20:49:25 +0000 2017,"@AppleSupport iTunes wants me to sign in 3 times and says my ""session has expired"" is there any solution to this.. I've tried a re-install..",@338648 Let’s work together to find a resolution. Which computer and version of OS are you using?
922313,338949,Fri Oct 13 21:30:06 +0000 2017,@AppleSupport My lock screen and clock just basically disappear. Don’t get notifications on my lock screen either. iPhone 7 running iOS11.0.3,@338949 We certainly want the device to work for you! We're here to help! Have you tried any restarts yet?
922329,221219,Fri Oct 13 21:11:29 +0000 2017,@AppleSupport @115858 So. I'm now updated to iOS 11.0.3 and still having battery issues. Hope you plan on rectifying this sometime soon!,"@221219 Let us know via DM the type of device you have, then we can work together on resolving this. https://t.co/GDrqU22YpT"
922797,339056,Tue Oct 10 19:33:36 +0000 2017,@AppleSupport had my Apple Watch series 3 since Thursday. Reboots itself a minimum of once a day. What’s going on!?!,"@339056 Thanks for reaching out! If it's misbehaving, then we'd want to unpair and pair it to test: https://t.co/09tmX2l5D3"
924568,339410,Fri Oct 13 21:23:15 +0000 2017,"@AppleSupport Hey Apple, it is very urgent to recover my account, I need help please !!!",@339410 We’ve received your DM and will continue there shortly. Thank you for your patience.
924570,163969,Fri Oct 13 21:43:29 +0000 2017,@AppleSupport Well she doesn’t respond to “hey Siri.” I’ve turned her off multiple times. And when I set her up it’s like my microphone doesn’t pick it up,@163969 Do you have Low Power Mode enabled right now?
924618,339425,Fri Oct 13 21:20:17 +0000 2017,@AppleSupport iphone7 (11.0.2 )screen unresponsive for up to 1min. Pressing home/side/volume buttons has no affect. happening since ios10,@339425 Let’s get this sorted out together. Send us a DM with more details and we'll go from there. https://t.co/GDrqU22YpT
925588,374387,Sun Oct 15 00:50:00 +0000 2017,"@AppleSupport I updated my phone, I can’t shop now. Can’t items to the shopping cart. What is wrong?",@374387 We want you to be able to shop with ease. Where are you having difficulty shopping? A specific app or website?
925599,345912,Sat Oct 14 01:05:47 +0000 2017,@AppleSupport How come I can't download any new apps without going through the Two-factor authentication?  I don't want to do the two-factor authentic,@345912 We're here to help. Was your Apple ID created before iOS 10.3 or macOS 10.12.4?
926393,339809,Fri Oct 13 21:47:16 +0000 2017,@AppleSupport no genius bar option available?  Why not?  I called your call center twice and they can't help.  &gt; 45 minutes on phone https://t.co/SQijX3gpl5,@339809 Let’s take a closer look into this with you. Send us a DM with your current country to get started. https://t.co/GDrqU22YpT
928052,340199,Fri Oct 13 22:07:12 +0000 2017,@AppleSupport Nope it’s just that when I click on the album I want to play without shuffle and I’ve restarted my phone it’s still like that,@340199 Does this happen with every album you have? Do you subscribe to Apple Music?
928770,212460,Tue Oct 10 21:47:13 +0000 2017,After a phone call from @AppleSupport at 1pm my phone was back on at 8:30pm still the same issues and nothing fixed!,@212460 Thanks for reaching out. Let's meet up in DM to discuss. https://t.co/GDrqU22YpT
932326,341151,Sat Oct 21 03:14:58 +0000 2017,@AppleSupport #AppleTv keeps switching to 4K SDR from HDR after waking from sleep. I have #Samsung 6 Series and HDMI cable from Apple Store,@341151 We’d like to get you in touch with an expert from our Apple TV team. Use this link to reach them: https://t.co/IBIY3vMgPj
938199,342401,Sun Oct 22 13:22:54 +0000 2017,"@AppleSupport @325308 My new iPad Pro is glitching from simple stuff like multiple app drag and drop function, to orientation issues.",@342401 We can figure this out together. What iOS version are you using? Here's how to find it: https://t.co/ZTw54HL4Rm
939187,257653,Sat Nov 25 13:58:51 +0000 2017,"@AppleSupport Yes, the screenshots remain at the bottom no matter whichever app I get into, &amp; no matter how many screenshots I take. It is just there. I would have to switch off the display and unlock to make it go away. It happens with screenshots, no matter which app it is of.","@257653 Are the screenshots saving to the Photos app? If you tap the screenshot or press and hold it, does it respond?"
939597,342730,Sat Oct 21 14:55:49 +0000 2017,"@342731 @AppleSupport @115858 My 6 as well. Better with the latest patch, but after that last big update. Ugh.",@342730 That's not the experience we expect you to have. We'll be happy to see how we can help. Which iOS version are you using?
939661,342750,Sat Oct 21 14:48:42 +0000 2017,@AppleSupport since I’ve updated my phone my photos keep being blurred - with a little ! In the corner. Help!,@342750 We'd like to help. Which version of iOS 11 are you using? Can you please message us in DM? https://t.co/GDrqU22YpT
940956,324847,Fri Oct 13 23:25:09 +0000 2017,"@2531 @AppleSupport iPhone 5 won't start. See images; loops 4or5secs each screen. 
was running out of storage https://t.co/QqgYQYHtSY",@324847 Let us look into this with you. Join us in DM so we may better assist you: https://t.co/GDrqU22YpT
941504,343199,Sat Oct 21 05:53:41 +0000 2017,@AppleSupport hi .. is it really advisable to update files via OTA? because I do not have nearest computer right now,@343199 We've received your DM and we'll continue working with you there.
942242,168358,Sat Oct 21 17:07:27 +0000 2017,@AppleSupport No. Forced restart didn’t work. Normal shutdown didn’t work.,@168358 Thank you. Are you experiencing similar issues with any other apps? Reply in DM and we'll continue there. https://t.co/GDrqU22YpT
942752,129079,Sat Oct 21 07:40:02 +0000 2017,"I am simply baffled by how badly @115858 @AppleSupport can mess up an order. Wrong keyboard, wrong name on AppleCare. #makeitright 🤦🏻‍♂️",@129079 Let’s make this right. To begin let’s have our Apple Online Sales Support partner with you here: https://t.co/8yjRd1Xo0i
945694,344248,Sat Oct 21 08:36:07 +0000 2017,"@AppleSupport @115858 this is the reply i got from customer care . As it is very serious issue plz help me
Or plz exchange my phone https://t.co/WVSFbjthga",@344248 We're here to help. We recommend following the suggestions here: https://t.co/bivpdfBNJ6 and then testing the device as normal.
950990,345578,Sat Oct 21 17:41:30 +0000 2017,@345579 @AppleSupport @115858 I would love to be able to just make a stupid phone call without restarting my phone,@345578 Let's team up and sort this out. What happens when you attempt to make a call? Are there any error messages received?
955019,346591,Sun Oct 22 00:29:40 +0000 2017,"@AppleSupport I have the iPhone 7 Plus, and yes, I’m on 11.0.3",@346591 Let's look into this further. DM us any error you may be getting and we'll get started. https://t.co/GDrqU22YpT
955707,346749,Sat Oct 21 19:46:14 +0000 2017,"Is that the actual beats 189 !? 😳 

@AppleSupport https://t.co/hsHLx2PRd4",@346749 We'd like to dig into this a bit more to see how we can help. DM us with more details. https://t.co/GDrqU22YpT
956370,346919,Sat Oct 21 21:58:00 +0000 2017,@AppleSupport It happens whenever I send a normal text message to a someone without an iPhone. The ‘ makes the character limit drop to 70.,@346919 Let's look into that further. Send us a DM and we'll go from there. https://t.co/GDrqU22YpT
956380,346922,Wed Oct 11 15:27:31 +0000 2017,"@AppleSupport No it also occurs when swiping in between home screens
Buttons become unresponsive too
It’ll stay frozen for around 5mins and then restart","@346922 Thanks for those details. Let's take a closer look at this in DM. Send us a message using the link below, please. https://t.co/GDrqU22YpT"
957788,211918,Wed Oct 11 06:25:51 +0000 2017,MacOS'da 3-4 sürümdür cihazı kapatıp açtığımda ses dengesinin ortadan sağ hoparlöre geçtiğini görüyorum. 2 yıldır falan böyle @AppleSupport,@211918 We offer support via Twitter in English. Contact us for help in your preferred language here: https://t.co/IBIY3vMgPj
960647,275572,Wed Oct 11 11:09:48 +0000 2017,@AppleSupport keep getting emails from this address __email__ assuming it’s a scam. Please advise.,@275572 Let's get this figured out. Send us a DM. https://t.co/GDrqU22YpT
962178,348314,Wed Oct 11 22:25:04 +0000 2017,@AppleSupport WILL DOWNGRADING BACK TO IOS 10 GET RID OF THE SCREEN BUG?,@348314 Let's look into what you're experiencing on you 5s a bit closer. Join us in DM with more detail about what you're seeing. https://t.co/GDrqU22YpT
962608,348421,Fri Oct 13 05:09:35 +0000 2017,"It's proving impossible to do the simplest things on my iPhone 7P since I've ""upgraded"" (downgraded) from 10.3.3 to IOS 11. @AppleSupport","@348421 Let's work on it together. Which iOS 11 version is installed currently? Also, what issues are you experiencing?"
963456,348655,Wed Oct 11 14:01:48 +0000 2017,Don’t download #ios11.2 @AppleSupport it’s awful &amp; so many bugs. My phone keeps getting hot and won’t let me make calls.@115858 #disappointed,@348655 We want to help with the issues you're experiencing. Send us a DM and we'll go from there. https://t.co/GDrqU22YpT
964864,349011,Wed Oct 11 14:36:13 +0000 2017,@applesupport I would really appreciate it if iCloud photo sharing actually shared the full resolution images with no further compression.,@349011 We appreciate your suggestions and feedback. Please provide it here as well:  https://t.co/eTPVYVFyd8
967324,349594,Sat Oct 21 22:21:30 +0000 2017,"@AppleSupport I keep using 3D Touch to multitask wasting at least 5 mins of my life everyday realising that this was killed off, any help?",@349594 Let us know if you find this article helpful: https://t.co/U6OBqymdb1 Questions? Send us a DM. https://t.co/GDrqU22YpT
967804,349722,Sat Oct 21 22:38:33 +0000 2017,"@AppleSupport ios11 freezes all the time, apps are slow, can't even make a call. Really disappointing",@349722 We want to help. DM us the country you're located in and we'll go from there. https://t.co/GDrqU22YpT
975782,351407,Sun Oct 22 02:52:12 +0000 2017,@AppleSupport every time I try to delete email in mail app on iOS 11.0.3 on 7+ it freezes. Help?!,@351407 We'd like to take a look into this with you. Could you please send us a DM so we can gather some info? https://t.co/GDrqU22YpT
981240,352657,Sun Oct 22 07:42:51 +0000 2017,@AppleSupport hey guys please fix this asap. Terribly annoying bug ! https://t.co/OP4BbZwoS4,@352657 We're here to help. Let's take this to DM so we can better assist you. https://t.co/GDrqU22YpT
981636,352748,Wed Oct 11 20:55:19 +0000 2017,@AppleSupport @115858  My wonderful iPhone 6 Plus is now a useless piece of junk.  IOS 11.0.2 is a real disaster!,@352748 We're here to help. Let's take this to DM so we can better assist you. https://t.co/GDrqU22YpT
988383,354173,Sun Oct 22 18:09:11 +0000 2017,@AppleSupport iPhone 6s and iPad Air 2. I would like books to be on iTunes though because it already shows on the devices.,@354173 We definitely want to provide support for you! Let us know if the steps in this article help: https://t.co/Yh98IoqeIE
990406,309164,Sun Oct 22 04:54:05 +0000 2017,Malgré les #MAJIOS11 @AppleSupport le bouton #wifi continue de s’activer tout seul  sur panneau de #contrôle et pas dans le menu général 🤔😡,@309164 We offer support via Twitter in English. Contact us for help in your preferred language here: https://t.co/IBIY3vMgPj
990439,354612,Sun Oct 22 14:51:46 +0000 2017,@AppleSupport I fixed it :),@354612 Glad to hear that things are working as expected again. Feel free to reach out if any questions come up.
991104,354766,Thu Oct 12 00:33:50 +0000 2017,@AppleSupport I rented LIFE and i have 21 hours to watch but my apple tv is having a hard time loading the movie. please help,@354766 We want to help you. Click here to reach our Apple TV experts: https://t.co/IBIY3vMgPj
993336,355313,Sun Oct 22 13:54:09 +0000 2017,@AppleSupport Hi. update 11.0.3 doesnt work well on the notifs. It’s gone.,@355313 We can work together on this. Can you give us more information about what's not working properly?
994510,355566,Sun Oct 22 14:14:17 +0000 2017,@AppleSupport hi apple I keep getting an error message saying something about the imap when I try to go to emails can you help?,@355566 We can definitely help out. Could you Direct Message us so we can get more information? https://t.co/GDrqU22YpT
996573,355979,Sun Nov 12 11:08:53 +0000 2017,@AppleSupport This is what happens when i try to view or export my #iphonex 4k 60fps video files - I really need help!!! https://t.co/1AeVJgwoW3,@355979 Our Photos team would be happy to help you with this issue. You can reach them through this link:  https://t.co/IBIY3vMgPj
996600,355986,Fri Nov 10 08:44:30 +0000 2017,Fix the mail app @115858 @AppleSupport it has a lot of bugs!!,@355986 We're here for you. Let us know what issues you're experiencing with the Mail app. We'll also want to verify the device you're using. Feel free to reach out via DM using the link below. https://t.co/GDrqU22YpT
997759,356263,Tue Oct 31 21:52:35 +0000 2017,@AppleSupport my phone is muting itself all of the time.,@356263 We are here to help. Please send us a DM so we can gather more details and go from there. https://t.co/GDrqU22YpT
998069,356331,Sun Oct 22 19:59:11 +0000 2017,@AppleSupport 11.0.3,"@356331 Go to Settings &gt; Messages &gt; Text Message Forwarding, then try to turn that off. Let us know if that helps via DM. https://t.co/GDrqU22YpT"
998103,356339,Sun Oct 22 11:56:30 +0000 2017,@AppleSupport new update for the iPhone isn't working properly have to keep resetting my phone to make a phone call,"@356339 Which specific iOS version are you using currently?  Also, what happens when you try to make a call?"
998969,356537,Sat Nov 04 23:23:34 +0000 2017,@AppleSupport we’re gonna need a fix to that letter I bug. I️ phone,@356537 Let's see how we can help. Try the steps here: https://t.co/xXaXeeSRt9 DM if you still need help. https://t.co/GDrqU22YpT
999931,485367,Sat Nov 04 05:11:59 +0000 2017,@AppleSupport Do you need to have two different SIM card in the iPhone’s to do this?,"@485367 We'd be happy to provide some clarity for you. Check out the following resource under ""Use Quick Start"": https://t.co/Eagu0bQatm"
1000152,356787,Fri Nov 03 18:47:37 +0000 2017,I have the same question Kristi for AT&amp;T. It sounds like it might be an Apple issue. @117735 @AppleSupport https://t.co/UHM3RWZvFK,"@356787 Hi Martin! Plry activating your device again. If the issue persist, try these steps and DM the result: https://t.co/ywHIZGN4Ac https://t.co/GDrqU22YpT"
1001223,357036,Sat Oct 14 12:39:07 +0000 2017,@AppleSupport And it is only one week old phone,"@357036 When this occurs, is Bluetooth completely turning off on either device or is it just disconnecting?"
1005032,357878,Sat Nov 25 16:58:52 +0000 2017,"Experienced the worst #iOS bug ever last night, an app displayed two dialog alerts for new permissions, I locked the phone, unlock and everything was unresponsive. Couldn't even reset the phone because the dialog alerts were covering the swipe to shut down. Help @AppleSupport?",@357878 We'd like to look into this with you. Is your iPhone still exhibiting this behavior? Join us in DM with your iPhone model and the version of iOS currently installed. https://t.co/GDrqU22YpT
1010516,359113,Sat Oct 14 12:04:15 +0000 2017,I don't know what happened？🌚🐶@116333 @AppleSupport #ios11 https://t.co/SmYklMAaQI,@359113 Thanks for reaching out. How long has this been happening? Does that persist after a restart? https://t.co/OWRDHWSt4h
1010566,359130,Sat Oct 14 11:20:43 +0000 2017,"Never had such a bad software update for my iPhone 5s,nothing works anymore #worseupdate #appsstuck #apple #just anotherphone @AppleSupport",@359130 Certainly not the behavior we want you to experience. We want to help. Could you tell us which iOS version you're using?
1012344,359543,Sun Oct 22 18:05:45 +0000 2017,"@AppleSupport iPhone 8, iOS 11.0.3",@359543 Thanks. Have you tried restarting your device following the steps from here? https://t.co/OWRDHWSt4h
1012693,359628,Thu Oct 12 03:53:16 +0000 2017,"I can't use the media bottoms on my mac with high sierra, why @AppleSupport @115858??? I just want to change music, no use the media for face",@359628 We're happy to help. Send us a DM and let us know what you're experiencing. We'll go from there. https://t.co/GDrqU22YpT
1012988,359704,Sat Oct 14 14:57:43 +0000 2017,"@AppleSupport I phone 5 s &amp; 11.0.3 😡 yeah, i m sure you re happy for turning my i phone in to a trash with your new ios update 😡",@359704 Is it a specific app that's slow? Can you give us some more details so we can try to resolve this? Send us a DM. https://t.co/GDrqU22YpT
1013084,359719,Sun Oct 22 17:45:13 +0000 2017,@AppleSupport ça vous sert à quoi de faire des mises à jour logiciel qui font planter les iPhoneo ? J’ai jamais compris !,@359719 We offer support via Twitter in English. Contact us for help in your preferred language here: https://t.co/IBIY3vMgPj
1013178,359745,Thu Oct 12 05:11:26 +0000 2017,Is iOS 11.0.3 updates applicable for iPhone SE too? @AppleSupport,@359745 Correct! You can check for a new update in Settings &gt; General &gt; About or by connecting to iTunes.
1013815,359889,Sun Oct 22 18:38:13 +0000 2017,"@AppleSupport I have sent the DM but I’m not very sure on how are you guys gonna help. Feel, I have wasted my money. Don’t force me to go to @122609",@359889 We've received your DM. Please look for our response shortly.
1020858,348662,Thu Oct 12 14:43:55 +0000 2017,@AppleSupport is the warranty international? If I buy an iPhone in the USA it will be covered in Brazil? Thx,@348662 We can help. Let's get to DM for more information. https://t.co/GDrqU22YpT
1020948,361592,Sun Oct 22 22:25:18 +0000 2017,@AppleSupport - even let me load the lock screen after it does. It also keeps freezing when I type. My software is up to date.,@361592 Which device and version of iOS are you using? Check Settings &gt; General &gt; About and let us know in DM. https://t.co/GDrqU22YpT
1022353,361913,Thu Oct 12 17:06:53 +0000 2017,@AppleSupport My messages keep getting deleted 🤷🏾‍♂️,@361913 We definitely want to make sure you're not missing any messages. Join us in DM please and let us know when this started. https://t.co/GDrqU22YpT
1023848,362285,Thu Oct 12 15:55:41 +0000 2017,@AppleSupport We are already switching to android.. we already tried and done trying to solve the issue with you guys @AppleSupport,@362285 Please meet us in DM if you decide you would like us to take a further look at this with you. https://t.co/GDrqU22YpT
1027622,201003,Sat Oct 14 16:36:59 +0000 2017,@AppleSupport Nope... night shift isn’t enabled... it randomly either goes really bright or a dark screen... https://t.co/eRCzbUZc5m,"@201003 OK, thank you. Does this seems to happen when you're doing anything in particular? Let us know in DM. https://t.co/GDrqU22YpT"
1028425,363337,Sat Oct 14 18:44:13 +0000 2017,@AppleSupport Or it says could not sign in,"@363337 Are you having this issue while connected to cellular data, WiFi, or both? Click here and let us know in DM: https://t.co/GDrqU22YpT"
1028448,209196,Sat Oct 14 17:05:06 +0000 2017,"@363340 @115858 @AppleSupport You and me both man. I have the exact same problem. Happened after iOS 11.0.3. The version before, 11.0.2, was fine.",@209196 We're here to help. DM us and we can pick up from there. https://t.co/GDrqU22YpT
1035580,322951,Mon Oct 23 01:09:15 +0000 2017,"@AppleSupport I'm still having keychain issues after the recent update. Endless password requests, all passwords on all accounts have","@322951 Reach out to us via DM, then we can direct you on this from there. https://t.co/GDrqU22YpT"
1037481,301916,Thu Oct 12 21:26:50 +0000 2017,@AppleSupport 11.0.2 (15A421) Phone Model MG4X2LL/A. Takes 3-7 seconds for the phone to respond to normal commands now and batt life is horrendous.,"@301916 Thanks for the info. Let's delve into this a little deeper together in DM. Meet us there, and we'll work on some solutions. https://t.co/GDrqU22YpT"
1038164,365598,Mon Oct 23 02:13:59 +0000 2017,Is anyone else having issues with the new apple update? @AppleSupport #batterydying #havetostaypluggedup,"@365598 We'd like to help with that. Which iOS device model are you using? DM us back, we'll continue there. https://t.co/GDrqU22YpT"
1038509,365697,Mon Oct 23 02:40:44 +0000 2017,"@115858 @AppleSupport please fix the 11.3 iPhone update, or release the 10.3.3 so that I can go back. I feel like I'm using AOL dial up #fail",@365697 We'd be happy to help. Send us a DM with a few more details and we can start there. https://t.co/GDrqU22YpT
1040176,366091,Sat Oct 14 18:47:43 +0000 2017,"@AppleSupport @366092  pre-ordered new TSwift, didn’t receive code.  📞 for help and has now lost songs in @115948. Who can help?",@366091 We'd like to make things right. Have you made any recent changes to your Apple ID account?
1041267,157341,Sat Oct 28 16:38:32 +0000 2017,@AppleSupport iOS 11.0.3 / iPhone 7 128 GB,"@157341 Got it. The issues with the videos is happening in the Safari app, right? Do both these issues continue if you restart?"
1045615,367195,Fri Oct 13 04:51:13 +0000 2017,@AppleSupport I used to do iTunes but I never connect to my computer and my iCloud is full!,@367195 Please join us in DM and let us know which iOS version is installed. You can find it in: Settings &gt; General &gt; About &gt; Version https://t.co/GDrqU22YpT
1045620,367196,Thu Oct 12 23:08:40 +0000 2017,"@AppleSupport I have a question when is your next Apple work shop, at the perimeter mall Apple store location. In #DunwoodYGA",@367196 Thanks for reaching out. We're here to help. DM us so we can look into this further with you. https://t.co/GDrqU22YpT
1048078,367715,Sat Oct 14 20:30:50 +0000 2017,@AppleSupport I’ve now tried this but the problem is persisting. What does the ! icon actually mean? https://t.co/PLYEtVnwwB,@367715 Let's move to DM where we can continue to work together in more detail. Click the link when you are ready to begin. https://t.co/GDrqU22YpT
1057439,369679,Mon Oct 23 03:07:40 +0000 2017,This iOS 11.0.3 got freeze bugs b @115858 @AppleSupport,@369679 We can help with your device freezing. When do you notice this issue? Which iPhone do you own?
1058156,369834,Mon Oct 23 03:11:45 +0000 2017,@AppleSupport My keyboard keeps autocorrecting “it” to “I.T” and it’s extremely frustrating. What Can I do? https://t.co/09EvHtbybz,@369834 We'd love to help!  Which device is this happening on and which iOS version is it running?
1058165,369838,Mon Oct 23 18:17:49 +0000 2017,@AppleSupport It’s only when I receive a text msg from people. if I’m sending one out and use an emoji I can see them.,"@369838 And were these messages originating from iPhones, other devices, or both?"
1059318,370108,Sat Oct 14 21:16:47 +0000 2017,@AppleSupport do ya guys know why my google assistant won’t play songs in Apple Music? It says voice actions aren’t available for this app.,@370108 Thanks for reaching out. We can look into this with you. Which device are you using? Please reply in DM. https://t.co/GDrqU22YpT
1061470,370632,Mon Oct 23 07:30:55 +0000 2017,@AppleSupport iphone 7plus kendi kendine Bluetooth ve wifi açıyor. Batarya kullanım süresi rezalet. Oyunlarda donma ve kapanmalar var,@370632 We offer support via Twitter in English. Contact us for help in your preferred language here: https://t.co/IBIY3vMgPj
1062190,210984,Mon Oct 23 09:11:14 +0000 2017,"@AppleSupport 

I’m guessing this is not from you and is some sort of attempt to hack my phone? https://t.co/DWFiwcMmmx","@210984 Hey, we can help with that alert. Send us a DM and we'll go from there. https://t.co/GDrqU22YpT"
1062341,370836,Sat Oct 14 22:16:10 +0000 2017,"@AppleSupport iMac 5k, current High Sierra 10.13","@370836 That option should still be available. Please restart your Mac, and then DM us if the issue persists. https://t.co/GDrqU22YpT"
1062367,370842,Sat Oct 14 21:58:02 +0000 2017,@AppleSupport hey apple! I bought iphone 7+ but unfortunately its not openline in the Philippines. I cant use it. So tell me what to do?!!!,@370842 We're here to help. We'd like to look into this with you. Send us a DM to get started. https://t.co/GDrqU22YpT
1063136,371031,Mon Oct 23 10:09:19 +0000 2017,@115858 @AppleSupport  My contacts have suddenly disappeared and it’s showing some celebrity contacts now. Please explain what’s happening 😬 https://t.co/HTE8EkFoKt,"@371031 We can get to the bottom of this together. If you tap Contacts &gt; Groups, do you see hide all contacts or show all contacts?"
1064930,371428,Mon Oct 23 14:57:06 +0000 2017,"@AppleSupport The phone call goes through and connects, but I'm unable to hear them or their phone ringing.","@371428 Alright, let's get this figured out together. DM us, and we can go from there. https://t.co/GDrqU22YpT"
1069927,372464,Sat Oct 14 23:01:17 +0000 2017,@AppleSupport The biggest issue is I can hear no ringing and nobody on the other line for phone calls.,@372464 Let’s look into this for you. Send us a DM with more information and we'll continue there. https://t.co/GDrqU22YpT
1070141,372510,Mon Oct 23 15:35:47 +0000 2017,@AppleSupport by battery goes from 100% to 30% in a matter of 4 hours and my phone is mostly in my pocket ever since I got ios 11.3,@372510 We're here for you. Let us know if your current settings align with the recommendations listed here: https://t.co/bivpdfBNJ6
1071237,372794,Mon Oct 23 15:49:13 +0000 2017,@AppleSupport Not able to call or talk to people on my iPhone 7+... is this due to the iOS 11?,@372794 Let's look into this together so we can get your cellular features working again. Do you have signal bars? Have you restarted?
1072753,373129,Mon Oct 23 16:28:28 +0000 2017,@AppleSupport MacOS Sierra 10.12.6. I have 1.6ghz i5 MacBook Air - had good battery life until the past week or so but getting worse.... &amp; today terrible!,"@373129 OK, thanks. Let’s use the steps in this article to help: https://t.co/IS1pJIaZuf
If you need more assistance? Let us know."
1073197,373239,Fri Oct 13 09:19:04 +0000 2017,Updated to iOS 11.0.3!! Still UI lag is present @AppleSupport... hope it will  get fixed in next update.,@373239 We're here to help! DM us which model of iPhone you're using and we'll get started. https://t.co/GDrqU22YpT
1073416,373280,Sat Oct 14 23:35:05 +0000 2017,@115858 @AppleSupport Fam when is the next iOS update dropping? Because I am experiencing glitches with the iOS 11.0.3 on my iPhone 6,@373280 What type of behaviors are you experiencing? Please let us know in DM to begin. https://t.co/GDrqU22YpT
1073821,373367,Tue Oct 24 01:18:32 +0000 2017,"@AppleSupport Thanks. Yes, had already checked that setting, it’s activated in all devices.","@373367 If the issue persists, send us a DM so that we can take a closer look. https://t.co/GDrqU22YpT"
1074232,373453,Fri Oct 13 11:00:45 +0000 2017,#IOS11.0.3 : Third update and always the same bug with Bluetooth &amp; Wifi. Always automatic activation 😡 @AppleSupport 👎 https://t.co/yIu7FFG64A,@373453 The Bluetooth and Wi-Fi buttons in the Control Center only disconnect. This article will give more details: https://t.co/G7BHuQnDS6
1074263,373464,Fri Oct 13 11:21:09 +0000 2017,@AppleSupport: new IOS downloads app updates over mobile (roaming) network &amp; option is NOT enabled? Thanks... 200$ costs. Can you check plz?,@373464 We’d like to understand more about this. Please DM us some more details and we’ll take it from there. https://t.co/GDrqU22YpT
1075084,373660,Fri Oct 13 13:40:50 +0000 2017,@AppleSupport I was able to fix it by resetting my network settings. Crisis averted. Thank you for your time.,@373660 We're happy to hear you found a solution. Feel free to reach out to us anytime. We're always happy to help.
1075483,373746,Fri Oct 13 12:57:37 +0000 2017,@AppleSupport hey y’all for the past 12 hours my phone has said “no service” or “searching” and i would appreciate some help,@373746 We see the DM and will be replying there shortly.
1075629,373786,Sun Oct 15 00:31:20 +0000 2017,@AppleSupport Correct.  Any help is greatly appreciated.,"@373786 Got it. Try restarting your iPad as our article explains: https://t.co/OWRDHWSt4h If the issue continues, please send us a DM. https://t.co/GDrqU22YpT"
1076346,373975,Sun Oct 15 00:18:38 +0000 2017,"Absolutely fucking hate @AppleSupport updates!!!😤😤😡😡 89,000 photos gone!! Shitty fucking update nobody needed or wanted!!😡",@373975 We are here for you. Let's take a look at this further for you. Reach out to us in DM. https://t.co/GDrqU22YpT
1076395,373986,Mon Oct 23 22:31:34 +0000 2017,@AppleSupport Yes @AppleSupport  I have several times!  Not happy. I’m not the only several people are having same problems,@373986 Let's partner together in DM where we can focus on your device and getting it working like you expect. https://t.co/GDrqU22YpT
1076396,373986,Mon Oct 23 16:38:10 +0000 2017,@AppleSupport  new update sucks I get same text multiple times and my apps just close for no reason!,@373986 We want you to have a great experience with iOS 11. Have you restarted your iPhone since the update? https://t.co/OWRDHWSt4h
1076418,373992,Mon Oct 23 16:26:01 +0000 2017,@AppleSupport does this look like a genuine email? Pretty sure it’s fake. Thanks https://t.co/8GfOUrlKkg,@373992 We're happy to clarify. This would be a phishing message. Take a look here for more info: https://t.co/LNMCdqt6fD
1078308,374378,Mon Oct 23 16:44:13 +0000 2017,"@AppleSupport my iPhone 7 Plus does not work, the speaker on calls does not work, it constantly keeps turning off. What’s going on??!",@374378 We'd like to help. Check out this link to see if it resolves the issue: https://t.co/4Kux8rhhGX
1079163,374563,Mon Oct 23 19:42:59 +0000 2017,"@AppleSupport Yep, that’s the one. Logs in straight away. But still can’t log into the App Store on my Mac",@374563 DM us the exact error message that you are getting when you try to log into the App Store on your Mac. Let's take a closer look. https://t.co/GDrqU22YpT
1079174,321959,Mon Oct 23 19:20:51 +0000 2017,"Hey @AppleSupport, #ios11 is making my iphone 6S plus all but the unusable.",@321959 We're here to help. What exact issues are you experiencing with your device?
1080391,176158,Mon Oct 23 19:52:12 +0000 2017,"@AppleSupport hello, I received a virus pop up message while reading an article on facebook app. I closed out of the app then phone shut off",@176158 We'd like to help! Are you able to get your device to turn back on?
1081525,375125,Mon Oct 23 19:48:32 +0000 2017,iOS 11.0.03 is the worst I’ve ever seen. My battery literally went down 3% while typing this tweet.  Drops WiFi constantly @AppleSupport,@375125 We'd like to help. DM us what country or region you're located in. https://t.co/GDrqU22YpT
1081814,375185,Sun Oct 15 02:08:05 +0000 2017,"@AppleSupport I can watch on my phone, but I can't watch on my Apple TV. Same account. But on my Apple TV it says I'm not entitled to view the content",@375185 Our Apple TV team can help out with this. Reach out to them here:  https://t.co/IBIY3vMgPj
1082444,375329,Mon Oct 23 20:17:53 +0000 2017,". @AppleSupport, since I upgraded to iOS 11.0.3 my iPhone 7 battery life has tanked. I’ve never had an upgrade that is as poor as this.","@375329 We can take a look into the battery life with you. First, have you tried these suggestions?: https://t.co/bivpdfBNJ6"
1083977,375690,Mon Oct 23 17:52:49 +0000 2017,@AppleSupport My music won’t show up on my lock screen and that is probably the most annoying issue tbh,@375690 Which model do you have and is iOS 11.0.3 the version installed? Any steps tried so far?
1093353,378032,Mon Oct 23 22:11:32 +0000 2017,"@AppleSupport Opened fine, put in address(different addresses too) &amp; it would just load &amp; load.. Restarted, deleted, re-download &amp; still not working..",@378032 Got it. Does that behavior persist regardless of the address you input? Let us know via a DM. We’ll keep moving from there. https://t.co/GDrqU22YpT
1095920,378618,Mon Oct 23 21:29:51 +0000 2017,@AppleSupport can you check my iPhone 6s battery health?,@378618 Join us in DM with more detail about what you're experiencing with your iPhone 6s. https://t.co/GDrqU22YpT
1099671,379503,Mon Oct 23 22:32:29 +0000 2017,@AppleSupport I’m having a problem with calls. I can hear people but they cannot hear me. Currently have the most recent update. IPhone 6S.,"@379503 We can help. Let’s follow the steps in this article: https://t.co/rDJwu6CX24
If you need further assistance, let us know."
1100803,379724,Sat Nov 25 18:12:49 +0000 2017,"@AppleSupport I just cleaned it all with a damp, lint free cloth and it seems to be working alright again (it is a 13 inch Macbook pro).  Thanks for your help!!!!!  :) I think I might invest in a keyboard cover in the near future ;)",@379724 Great! We're glad you were able to take care of it. We're here if you need us. Take care.
1106634,381173,Tue Oct 24 00:27:39 +0000 2017,@AppleSupport https://t.co/STGglay2gY,"@381173 We'd like to help any way we can. Let's start with your model and if it has iOS 11.0.3 installed. Also, any steps tried so far?"
1109219,381773,Sat Oct 14 03:09:21 +0000 2017,Can we please get a freakinnnnggg dark mode for ios @115858 @116333 @115948 @AppleSupport,@381773 We appreciate your feedback. Let us know about features you'd like to see implemented or changed here: https://t.co/eTPVYVFyd8
1109541,381843,Wed Oct 25 14:04:03 +0000 2017,@AppleSupport Iget a msg&amp;it get stuck&amp;txt shows up half way&amp;I can't scroll down&amp;read the full msg. Ihave2close imsg app&amp;reopen to read msg,@381843 And this happens repeatedly where it will not show everything? Let us know in DM and we'll continue there. https://t.co/GDrqU22YpT
1109562,381848,Tue Oct 24 13:40:28 +0000 2017,@AppleSupport Correct. Using control center to turn “off”.  But just realized this does not turn it off in settings.  Why is it different? Thanks,@381848 Check out this article: https://t.co/G7BHuQnDS6
1111388,382317,Tue Oct 24 01:56:18 +0000 2017,Keep getting this error as well @115858 @AppleSupport https://t.co/hgAtRUpbR9,@382317 Thanks for reaching out. You will need to contact our Sales team for help with this. Get in touch here: https://t.co/8yjRd1Xo0i
1120540,384358,Sun Oct 15 13:12:08 +0000 2017,@AppleSupport I’m 6s plus on iOS 11.0.3,@384358 Awesome! Thank you for keeping your iPhone updated. Could you meet us in DM and we can begin from there? https://t.co/GDrqU22YpT
1120592,653801,Thu Oct 19 16:33:56 +0000 2017,@AppleSupport iOS 11 is very laggy on iPhone 5s and also battery drains very quickly. It seems Apple doesn’t care anymore about their old customers,@653801 We'd be happy to help the best we can. Please meet us in DM. https://t.co/GDrqU22YpT
1123817,385017,Sun Oct 15 07:55:10 +0000 2017,I wanna thank @115858 and @AppleSupport for creating iOS 11 to brick all iPhones made before the 8. Seriously my shit is unusable,"@385017 What kind of issues are you having with the iPhone? Let us know, we'd love to help."
1124383,385126,Sat Oct 14 09:44:52 +0000 2017,Why is the there no @116618 on my Apple TV? Wish there could be a way to fix this 🤔 @AppleSupport,@385126 We'll be happy to get you pointed in the right direction. Reach out to our Apple TV experts here: https://t.co/IBIY3vMgPj
1130480,386418,Sun Oct 15 12:43:18 +0000 2017,@AppleSupport my Apple Watch is up to date but not all graphics are coming through. For instance the twitter icon doesn’t show at all,@386418 Let's get you back to enjoying your Apple Watch. Does this happen when you open the apps or just on the Home screen?
1130502,174931,Sun Oct 15 12:46:02 +0000 2017,@AppleSupport What generation is the mini md534ll/a? I'm looking for a case and keyboard. do you have any suggestions?,"@174931 We got your DM, and we'll respond to you there."
1131390,386628,Tue Oct 24 13:59:50 +0000 2017,@AppleSupport It won’t route,@386628 Are you using the Apple Maps app? Does it show your current location when opening the Map?
1132167,386784,Tue Oct 24 03:27:15 +0000 2017,@AppleSupport for some reason if i sent an email from my icloud to my corporate email i never received,@386784 We're here to help. Are you able to send emails to other addresses?
1133160,387010,Tue Oct 24 04:40:08 +0000 2017,@AppleSupport why is this happening? Where did my App Store app go during the latest update? https://t.co/bTrm45ClEb,"@387010 We want to help. Just to confirm, the App Store does not appear on your iPhone? Have you had a chance to restart since updating?"
1134084,387219,Thu Oct 26 03:36:28 +0000 2017,"@AppleSupport No, all apps are up to date, my phone is really slow, keyboard is driving me nuts, freezes and it is slow, among other things.","@387219 We can certainly look into this further. Just to confirm, which iOS version is your device running at the moment?"
1134113,387226,Wed Oct 25 01:51:15 +0000 2017,"@AppleSupport I had to wipe the whole fucking thing, losing all my pix, apps, drawings and then it worked. Now iTunes keeps asking me to log in constantly",@387226 Let's work together to see what we can do about your data. Please DM us with the country where you're located to continue. https://t.co/GDrqU22YpT
1136052,387645,Sat Nov 25 18:27:00 +0000 2017,"Here’s what I notice right off the bat in iOS 11:

• Can’t change the ringer volume with volume buttons.
• Moving apps seem to lag for some reason.
• Still some animation glitches.

Is there a way I can report bugs to you guys? @AppleSupport",@387645 We'd be happy to take a closer look at this for you. Which iOS version do you currently have installed? We ask because we've released several updates in the past few weeks. Please let us know in DM. https://t.co/GDrqU22YpT
1137765,387990,Sat Oct 14 18:41:22 +0000 2017,"@AppleSupport Yeah, two Apple stores in less than 3 months have helped a lot. I’m just done with it. Android will be a lot better, thank you.",@387990 Feel free to reach back out to us if you change your mind and need additional assistance. We're always here to help.
1138391,157897,Thu Nov 02 00:26:43 +0000 2017,@AppleSupport @134114 @388142 My battery is bad and it's only been since the more recent iOS versions and settings don't even fix it. They need to hire better coding help,@157897 We know it's important to get the battery life you expect. Select the following link to join us in a DM and we'll go from there. https://t.co/GDrqU22YpT
1141029,386939,Tue Oct 24 14:47:28 +0000 2017,@AppleSupport You must have heard of this problem previously?,"@386939 We're glad it resolved the issue. If the issue, comes back let us know &amp; we'll continue. Restarting is always a great first step."
1143586,389163,Tue Oct 24 13:06:49 +0000 2017,@AppleSupport Thank you! I have macOS Sierra,@389163 Thanks for providing that for us. We'd like to continue working together in DM here: https://t.co/GDrqU22YpT
1144186,154652,Tue Oct 24 08:57:10 +0000 2017,@AppleSupport He’s literally in his classroom needing the app so quick solution would be appreciated,"@154652 We're happy to see if we can help with this. Send us a DM, and we'll continue from there. https://t.co/GDrqU22YpT"
1144248,389322,Tue Oct 24 08:26:24 +0000 2017,"Dear @AppleSupport you removed some paid apps from the app store, please refund me.",@389322 Our iTunes Store Support team can look into your account. Please visit this link:  https://t.co/SDIe7UiyJN
1144819,389439,Sat Oct 14 21:20:53 +0000 2017,"@AppleSupport, how I can assign shortcuts for Enter and Exit responsive design mode in Safari in macOS Hight Sierra?",@389439 This article will help with creating shortcuts for responsive design mode: https://t.co/XlXrmujhuH
1146090,389755,Tue Oct 24 09:39:50 +0000 2017,"@AppleSupport hi, I am getting text messages for UPS shipments for an Apple order I didn’t make? Please investigate",@389755 We're here to help. Please DM us via the following link and we'll help you from there. https://t.co/GDrqU22YpT
1146714,302979,Sun Oct 15 16:55:04 +0000 2017,@AppleSupport 11.2 the new one that you guys just got I already restarted t and it got worse,"@302979 Let's have you update to the most recent, 11.0.3. Be sure to create a backup first. Let us know the result."
1147075,389970,Tue Oct 24 12:08:40 +0000 2017,"@AppleSupport I can't reset the answers to the security questions because there is no ""sufficient information"" to reset them. Please advise.",@389970 It looks like you can't sign in to your Apple ID and you've forgotten the security questions. Have you tried email recovery?
1147911,390149,Tue Oct 24 12:57:40 +0000 2017,@AppleSupport My 5S has never had problems until 11.0.3 update! Battery drain crazy! Please fix!!!!,"@390149 We'd be happy to look into this issue with you. Send us a DM, and we'll continue from there. https://t.co/GDrqU22YpT"
1148856,390360,Tue Oct 24 13:04:35 +0000 2017,@AppleSupport NVM,@390360 Hey there! We just wanted to know if you needed any support? Please let us know.
1149809,390574,Tue Oct 24 13:38:50 +0000 2017,"@AppleSupport Can't complete my X pre-confirm because I'm blocked by this erroneous error. There is no way to ""continue to the next page."" https://t.co/vFNHVEBI0W",@390574 We can check it out. Does this occur after force closing the app and trying again? Have you been able to restart the device?
1149870,390589,Sun Oct 15 17:04:42 +0000 2017,@115858 @AppleSupport iOS 11.0.2 and 11.0.3 have now introduced Wi-Fi issues where I have to reconnect constantly and massive battery drain.,@390589 We're here to help. How often does the issue occur in a typical day?
1152812,391267,Tue Oct 24 16:41:40 +0000 2017,".@AppleSupport, today I recived this mail but I think it’s like a cheat or smthng ‘cause they ask me a lot of personal información #help (?) https://t.co/iwJVK85Pmb",@391267 That appears to be a phishing attempt. You can get more info on identifying and avoiding those here: https://t.co/LNMCdqt6fD
1153441,391388,Sun Oct 15 17:31:03 +0000 2017,"@116333 @AppleSupport Your online sucks,I placed an order yesterday was showing 'available today' but not received any email whole day",@391388 Thanks for reaching out. Our Apple Online Store can help take a closer look. Reach them here:  https://t.co/8yjRd1Xo0i
1153869,391475,Tue Oct 24 17:10:51 +0000 2017,@AppleSupport Will X preorders thru iPhone Upgrade Program ship to home address or require instore pickup? Thanks!,@391475 That's a great question! We're excited that you are interested in the new iPhone X. Reach out to us here: https://t.co/8yjRd1Xo0i
1155526,391829,Sun Oct 15 17:58:32 +0000 2017,"Yo @AppleSupport the weather widget doesn’t seem to update. Running iOS 11 on 8+, data and location services on, app itself ok when open","@391829 We're happy to help today. Is the iPhone in low power mode? If so, take it out. Does it auto-update then?"
1156296,123590,Tue Oct 24 19:17:12 +0000 2017,@AppleSupport This is what I see. I can choose any picture but cannot press cancel or next. Nothing happens. https://t.co/0spAPyiw6a,@123590 Thanks for that info. Go ahead and reach out to us in DM and we'll continue there with you. https://t.co/GDrqU22YpT
1156304,321608,Tue Oct 24 17:39:52 +0000 2017,@AppleSupport why can't I lock my iphone during a call? I could with the last OS....,"@321608 Hello Richard, we can look into this together. If you try to lock your iPhone during a call what happens?"
1160501,393030,Sun Oct 15 18:50:34 +0000 2017,@AppleSupport What is going on with my Mac since I've updated to Mac high Sierra??? https://t.co/0eyYWmpeDg,@393030 We want to help! What model of Mac are you using? How frequently are you seeing this happen? https://t.co/GDrqU22YpT
1161935,393370,Tue Nov 07 15:08:44 +0000 2017,@115858 @AppleSupport still nothing. i'm about to lose my shit,@393370 We're happy to help. Can you tell us if you're updating over the air or using iTunes?
1162067,268103,Tue Nov 07 03:51:45 +0000 2017,"@AppleSupport, my iphone keeps shutting down and won't charge past 1%... it only started today. It's an iphone 7 with the newest software update... I've shut it down several times but still have the same issue... can you help me? :)","@268103 Thanks for reaching out. We know how important battery-life is, and we'd like to help. What's your current iOS version?"
1167173,394532,Sun Oct 15 06:26:41 +0000 2017,"@AppleSupport when do you expect a fix for iOS 11.0.3? Apps constantly freezing, volume not working when making calls.",@394532 We'd like to help! Send us a DM with the device you are using and we will continue from there. https://t.co/GDrqU22YpT
1168455,394842,Sun Oct 15 08:40:35 +0000 2017,"@AppleSupport  i can't access to my apple id despite remember credentials, my iphone responds ""id cannot be used to unlock this phone"" HELP",@394842 We're happy to help. Do you have more than one Apple ID? DM us the answer here: https://t.co/GDrqU22YpT
1169535,395096,Sun Oct 15 12:12:01 +0000 2017,"@AppleSupport hi, need help with my Apple TV.",@395096  We'd want to get you connected with Apple TV support for help.  They can be reached here:   https://t.co/IBIY3vMgPj
1170302,395256,Sun Oct 15 20:16:25 +0000 2017,Dear @AppleSupport I kinda hate my phone now. How do I breakup with #IOS11 ? Help 😩,@395256 We'd be happy to help. What issues are you experiencing? What device are you using?
1172915,345240,Sun Oct 15 20:40:57 +0000 2017,"@AppleSupport I can only unlock my phone and viee notifications, but I can't open anything",@345240 Which iPhone model do you have? Have you tried force restarting it? This link shows you how: https://t.co/kQXBriN504
1174784,396320,Tue Oct 24 22:44:30 +0000 2017,@AppleSupport iPhone 7 Plus and iOS 11.1 Public Beta 4,@396320 Thanks for that. DM us here to continue: https://t.co/GDrqU22YpT
1174788,396321,Tue Oct 24 20:18:32 +0000 2017,@AppleSupport yeaaaaaah so I can't even use my phone as a telephone right now. Can't hear anything at all.,"@396321 We'd like to look into this with you. Send us a DM with more information, and we'll get started. https://t.co/GDrqU2kzhr"
1175528,396525,Tue Oct 24 20:34:23 +0000 2017,@AppleSupport my new MacBook is not allowing my £90 dongle to work it says this usb disabled can u help me please ? https://t.co/z7MZ1EbCAn,@396525 We'd be happy to assist with your Mac today. Send us a DM to get started. https://t.co/GDrqU22YpT
1176334,396703,Wed Oct 25 00:48:42 +0000 2017,@AppleSupport  https://t.co/5ch9cBJVN1,@396703  We suggest you restart your device and try again by using this link: https://t.co/GDrqU22YpT
1176345,264405,Wed Oct 25 03:52:43 +0000 2017,"@AppleSupport Thank you. Yes, when I search mail. Once the query runs and the results show. It freezes.",@264405 DM which iPhone and specific iOS version you are using to continue. https://t.co/GDrqU22YpT
1178975,397291,Tue Oct 24 21:20:31 +0000 2017,"@AppleSupport und @115858 es ist echt nervig, dass der Wecker nicht mehr funktioniert. Ach ja jetzt wurden ja die neuen iPhones gelauncht -.-",@397291 We offer support via Twitter in English. Contact us for help in your preferred language here: https://t.co/IBIY3vMgPj
1179737,397447,Wed Oct 25 01:16:47 +0000 2017,"@AppleSupport When I press the haptic button to activate Siri, it opens Siri but does respond to my voice","@397447 Have you tried restarting your device? If not, let's try that and DM us if this does not help. https://t.co/GDrqU2kzhr"
1179942,397493,Sun Oct 15 18:33:03 +0000 2017,@AppleSupport iPhone keeps crashing/freezing after ios11 update,@397493 We'd like to look into this. Which version number of iOS are you running? This can be found in Settings &gt; General &gt; About.
1180113,397534,Sat Nov 25 18:58:49 +0000 2017,@115858 @AppleSupport every since i updated my phone it’s been freezing and getting black screens 🤦🏽‍♂️,@397534 This is not the experience we want you to have. Which iPhone model do you own?
1180669,397679,Tue Oct 24 22:56:03 +0000 2017,"@AppleSupport My phone won't even turn on, now. It goes to the white screen with the apple on it and then goes completely black. I've tried resetting it",@397679 We can help get your iPhone started up. Follow the steps under the last section here: https://t.co/8MvHMFZ83h Questions? DM us. https://t.co/GDrqU22YpT
1182504,398083,Tue Oct 24 22:29:23 +0000 2017,@AppleSupport I cracked my iPhone 7 and can’t see the screen. I backed it up and it said it was corrupt or not compatible w my new iphone 7,@398083 We're glad to help here. DM us more information about where you're seeing this message and we'll take it from there.
1183843,398373,Sat Nov 04 13:53:07 +0000 2017,@AppleSupport That was the first thing I️ did and It didn’t work at all,@398373 Thanks for testing that out for us. We'd like to go ahead and meet up in DM. We'd like to go into more detail. https://t.co/GDrqU22YpT
1184016,398414,Tue Oct 24 22:59:37 +0000 2017,@AppleSupport Update since I that phone. İt has not enough battery's stronge. Please help me for That I said,"@398414 Battery life is important. Check out this article to see if it helps:
https://t.co/bivpdfBNJ6"
1186548,399007,Tue Oct 24 23:27:29 +0000 2017,@AppleSupport Updated to 11.0.3 &amp; battery has gone from 50% to 30% in 5 minutes! Going down quickly. Please help!!,@399007 We've received your DM and look forward to working with you there.
1192074,164026,Sun Oct 15 22:55:28 +0000 2017,@AppleSupport I can't connect or disconnect movies anywhere from my account setting because movies anywhere is nowhere to be found........,@164026 We're happy to help. Can you tell us more? What kinds of devices are you using? Thanks.
1195835,400980,Wed Oct 25 02:44:56 +0000 2017,@AppleSupport Yes- but after a while it occurs again,"@400980 Understood. So that we can look into this further, DM us the device you're using, and we'll take it from there. https://t.co/GDrqU22YpT"
1196354,401097,Wed Oct 25 02:32:07 +0000 2017,Idk what’s going on with Apple and this upd8 but i know my pics better stop randomly disappearing and my phone stop glitching @AppleSupport,@401097 We are here for you. Let's take a look at this further for you. Reach out to us in DM. https://t.co/GDrqU22YpT
1197473,401359,Sun Oct 15 22:15:56 +0000 2017,"@AppleSupport iPhone 6 iOS 10, I've been trying to upgrade to iOS 11 but it keeps on saying error installing iOS 11 https://t.co/Xn98Tp7OdV",@401359 Have you tried updating through iTunes? https://t.co/80YRnjDFDk
1201156,402237,Sun Oct 15 23:10:33 +0000 2017,@AppleSupport I ordered Airpods. The site confirmation said a 2-3 business day processing time but other than that I never received email confirmation,@402237 We'd like to get you in touch with our Apple Online Store to take a closer look. Reach them here: https://t.co/8yjRd1Xo0i
1202839,402586,Wed Oct 25 08:23:13 +0000 2017,@AppleSupport after upgrading my software EVERYTHING on my phone is running is slow and lethargic! Battery life is drain rapid! Why? #Poor,"@402586 We want to help you get your iPhone back to working properly. Which iPhone, and exact iOS are you using?"
1202842,402587,Wed Oct 25 13:59:06 +0000 2017,@AppleSupport Thought so!,@402587 Fantastic. Give us a shout if you need anything else.
1202875,402594,Wed Oct 25 08:23:39 +0000 2017,@AppleSupport Is this a genuine Apple email or fake please? https://t.co/XPm8hXkXCo,@402594 This doesn't appear to be a valid email from Apple.  More information can be found here: https://t.co/LNMCdqt6fD
1213508,404818,Wed Oct 25 15:52:58 +0000 2017,"@AppleSupport I cannot move the icons, yes it has been restarted, iPhone SE iOS 11.0.3, only installed some Google Apps and Office Apps &amp; @3720","@404818 Thanks! Let's meet in DM, please. https://t.co/GDrqU22YpT"
1215589,405240,Wed Oct 25 16:40:23 +0000 2017,The new update doesn’t let me use speaker it’s like it doesn’t even exist but there’s a button for it @118721 @AppleSupport @115858,"@405240 We're here for you. If you restart your iPhone, does the issue persist?"
1217545,405696,Wed Oct 25 15:46:20 +0000 2017,@AppleSupport Okay thanks I've tried every method but it's still not working,@405696 Thank you for trying. Let us look further into this in a DM. Meet up with us there by using this link: https://t.co/GDrqU22YpT
1217624,405718,Wed Oct 25 11:46:06 +0000 2017,Am i ever getting some help out of you @AppleSupport,"@405718 We apologize for the delay! DM us, and we'll continue from there. https://t.co/GDrqU22YpT"
1219989,406224,Wed Oct 25 20:21:13 +0000 2017,@AppleSupport No. But now I see this is customizable. Thanks,"@406224 So just to be sure, everything is looking better for you? We want to be 100% sure this is solved for you."
1220054,406245,Wed Oct 25 15:04:04 +0000 2017,@AppleSupport Thats for my shipping address. That error is from the app. That error dont let me preorder last year and want to fix,@406245 Got it!  We want you to be able to as well. Please reach out to our Online Store Support Advisors here: https://t.co/8yjRd1Xo0i
1221959,406727,Wed Oct 25 16:11:46 +0000 2017,@AppleSupport Yes I have done it several times.,@406727 Thanks for trying that. Have you done any other steps to try to resolve? Let us know in DM so we can avoid repeating where possible. https://t.co/GDrqU22YpT
1221972,406732,Wed Oct 25 15:16:39 +0000 2017,@AppleSupport I am getting this blank screen when I click on phone icon https://t.co/HyhE2P6ogJ,@406732 That's strange. Let's resolve this together. When did this start? Which iOS version are you using? Does restarting help?
1221984,406736,Wed Oct 25 14:42:36 +0000 2017,"@AppleSupport still getting this rubbish trying to restore, to gain some much needed space 😡 wtf! https://t.co/0yzeVhItTh",@406736 Let's work together on this. Have you given these steps a try? https://t.co/0Yt2YL6ezw
1222382,406832,Mon Oct 16 17:02:28 +0000 2017,@AppleSupport I can see in settings networks but i put the passwords and doesn’t connect i tried at home at work,@406832 Were you able to reset all network settings prior to these attempts? Does it provide any other error?
1224351,407238,Fri Nov 03 16:56:48 +0000 2017,@AppleSupport #apple #iOS11 tu veux un iphone version saccadé ? Installe ios11 ! Le must pour avoir un iPhone bourré ! 😵,@407238 We offer support via Twitter in English. Contact us for help in your preferred language here: https://t.co/IBIY3vMgPj
1224384,194775,Thu Nov 02 13:53:27 +0000 2017,@AppleSupport If my battery would last longer than a few hours I could enjoy my music🙄🙄 every since that iOS 11 upgrade my battery SUCKS!!!😡,"@194775 We’d like to help. To start, Please send us a DM letting us know which device you’re using. https://t.co/GDrqU22YpT"
1225813,407571,Wed Oct 25 19:13:53 +0000 2017,Me ajuda aí @115858 @AppleSupport @118721 https://t.co/o7OAlcw3sm,"@407571 Since our Twitter support is available in English, get help at https://t.co/IBIY3vMgPj or join https://t.co/pvaOFfPbjt"
1228046,408105,Wed Oct 25 19:31:30 +0000 2017,"@AppleSupport i've had an iphone 8+ since release and not once has my device been discoverable for airdrop, pls help.",@408105 Let's get this resolved. Can you try the steps at the bottom of this article: https://t.co/1sfjYKb68x
1233598,409333,Wed Oct 25 17:38:17 +0000 2017,@AppleSupport facing key pad rotation issue in my iPhone SE https://t.co/o6WHGRmS8K,@409333 We're here for you. Which version of the iOS are you using? You can check from Settings &gt; General &gt; About.
1233606,409334,Wed Oct 25 17:34:25 +0000 2017,um why does the sound cut out whenever i screen record w audio on @applesupport,@409334 Let's look into this. DM us with more detail. https://t.co/GDrqU22YpT
1236293,409962,Wed Oct 25 18:39:44 +0000 2017,I must say this is the WORST update @115858 @AppleSupport has ever released! My phone has never been this disfunctional.,@409962 We're here to help. What issue(s) are you experiencing exactly with your device?
1238179,410442,Wed Oct 25 22:11:12 +0000 2017,@AppleSupport Where are your excellent customer service? I'm waiting for you to change my iphone for 37 days.,@410442 We want to help.  Send us a DM letting us know which country you are located in to start. https://t.co/GDrqU22YpT
1242290,411419,Wed Oct 25 22:41:57 +0000 2017,@411420 @115858 @AppleSupport My iphone 7 plus been doing the same shit. You don’t pay $800 for 3 hours of battery life.,@411419 We are here to help whenever possible. DM the specific iOS version you are using to get started. https://t.co/GDrqU22YpT
1243402,411700,Wed Oct 25 23:20:34 +0000 2017,@AppleSupport Up and down by itself to the lowest and highest setting,@411700 You can adjust auto-brightness with these steps: https://t.co/bkqEVCrK2l What's your model and have you tried any steps so far?
1244987,412063,Thu Oct 26 00:05:11 +0000 2017,@AppleSupport any idea why my phone has been freezing since the update? Kmt,@412063 We want to help. DM us with more detail and we'll meet you there. https://t.co/GDrqU22YpT
1246436,412431,Thu Oct 26 01:20:55 +0000 2017,"@AppleSupport 6S, 11.0.3, tried to restart &amp; upgraded to iCloud Drive, no change",@412431 Got it. Where do you back up your Contacts? You'll find that in Settings &gt; Contacts &gt; Default Account. Care to move to DM? https://t.co/GDrqU22YpT
1247838,412769,Thu Oct 26 01:29:49 +0000 2017,@AppleSupport since downloading iOS 11 my #iPhone 6 plus that I’ve always loved has turned into a slow frustrating phone. It’s ridiculous,@412769 Let's look into this for you. Send us a DM with more details about what you are experiencing. https://t.co/GDrqU22YpT
1249738,413220,Thu Oct 26 03:05:25 +0000 2017,@AppleSupport how do i fix this https://t.co/tp7fcx29Oz,@413220 Thanks for reaching out and for providing us with the screenshot. Let's discuss this further in DM. https://t.co/GDrqU22YpT
1252437,262173,Sat Nov 25 19:57:43 +0000 2017,@AppleSupport does this rotation animation look normal? https://t.co/28b0OrLcad,@262173 Where all does the rotating animation seem to appear weird in what applications or does it only happen within SafarI?  Let us know in DM. https://t.co/GDrqU22YpT
1261352,415487,Thu Oct 26 14:02:37 +0000 2017,"@AppleSupport hi, I’m a subscriber on Apple Music but it says I’m not a member and I’ve tried to reactivate it for 4 times now but wont work",@415487 We’re investigating and will update our System Status page as more info becomes available: https://t.co/7NVrDovSd8
1266544,416551,Thu Oct 26 05:13:27 +0000 2017,@AppleSupport Your new IOS 11.0.3 is screwing my phone up.. it gets hot really fast and then whatever app I’m using is glitchy .. thanks?,@416551 We'd be happy to look into this with you.  Please reach out to us via DM and we'll get started. https://t.co/GDrqU22YpT
1267694,416821,Thu Oct 26 07:12:45 +0000 2017,@115858 @AppleSupport how and I why must I pay choose and purchase a plan when I already did about an hour ago? Please. https://t.co/X3LsFwMx71,"@416821 We'd recommend checking out your existing subscriptions first to ensure it registered, see: https://t.co/YKDbvueXrq"
1267696,416822,Thu Oct 26 08:04:24 +0000 2017,"@AppleSupport and most appointment are 3-5 days out with the ""Genius Bar"". Doesn't sound genius to me.","@416822 We've got your DM's, and we look forward to working with you there."
1268360,416973,Thu Oct 26 14:02:55 +0000 2017,@AppleSupport iPhone 7,"@416973 Thanks for that information. Send us a DM with the iOS version your iPhone is running, and we'll meet you there. https://t.co/GDrqU22YpT"
1269582,417257,Thu Oct 26 18:21:19 +0000 2017,@AppleSupport All the other internet connections are locked in my area,@417257 OK. Let us know in DM if restarting helps allow you to join your Wi-Fi network: https://t.co/GDrqU22YpT
1273562,418103,Thu Oct 26 13:52:52 +0000 2017,@AppleSupport on my last iPhone. My 7+ dies fast even when not in use. ya I close out pigs etc blah blah. Hello android thx #iOS11 https://t.co/7PbDgRdjmr,@418103 Which version of iOS 11 are you using? Check Settings &gt; General &gt; About and let us know in DM. https://t.co/GDrqU22YpT
1276332,418753,Thu Oct 26 14:57:16 +0000 2017,@AppleSupport plz check my DM,@418753 We've received your DM and look forward to working with you there.
1276340,418756,Thu Oct 26 14:55:16 +0000 2017,@AppleSupport 11.0.3. I think this issue started after I updated.,"@418756 Thanks. Have you tried setting it to another interval, just so see if it locks?  How long ago did you update the iOS?"
1277184,277923,Thu Oct 26 15:25:39 +0000 2017,"@AppleSupport @115858 Yep, that’s looks right. https://t.co/GZ1xna60Ae","@277923 Reach out to us via DM, then we can take a look at this with you from there. https://t.co/GDrqU22YpT"
1278157,419114,Thu Oct 26 20:57:37 +0000 2017,@AppleSupport Yes. Also happened before I upgraded OS.,@419114 OK. DM us. We'd like to take a closer look there. https://t.co/GDrqU22YpT
1278423,322606,Tue Oct 17 09:36:21 +0000 2017,"@AppleSupport Hi, are there any updates after iOS 11.0.3? My phone keeps on freezing, and it is very slow after updating to this version",@322606 We want to look into this with you. Here's a link to DM us. https://t.co/GDrqU22YpT
1279095,176183,Thu Oct 26 15:44:42 +0000 2017,@AppleSupport HELLO CAN YOU REPLY TO MY DM,"@176183 We’ve received your DM, and will be responding there shortly."
1280643,419639,Thu Oct 26 16:06:15 +0000 2017,@AppleSupport it's weird how my 6s starts acting up as soon as I update to iOS11... 🤔😒,@419639 Thanks for reaching out. We're here to help. DM us so we can look into this further with you. https://t.co/GDrqU22YpT
1285652,420722,Fri Oct 27 22:54:03 +0000 2017,@AppleSupport Tried it in another iPhone 7 that doesn’t have the update and it works... 🤷‍♀️,@420722 We’d like you to let us know more about this via DM. Confirm your location to help us determine the next steps. https://t.co/GDrqU22YpT
1289758,421627,Thu Oct 26 19:17:00 +0000 2017,@AppleSupport Got a bunch of questions about the Iphone X hit my DM please!!,@421627 Thanks for the DM we will be following up with you there soon. https://t.co/GDrqU22YpT
1291075,332474,Thu Oct 26 19:35:35 +0000 2017,@AppleSupport I can not use my @115948 Your subs. Expired says this   Massage but my expire date is 09.11.2017 what  is going on ? https://t.co/KEHQNaMIye,@332474 Thanks for reaching out. We'd like to look into thus with you. Join us in DM here: https://t.co/GDrqU22YpT
1291147,221224,Fri Nov 17 03:12:59 +0000 2017,@AppleSupport Yep it’s an iPhone 6s and the iOS is 11.1.1,@221224 Thanks! Let's look into it closer via DM: https://t.co/GDrqU22YpT
1297519,423209,Thu Oct 26 22:23:16 +0000 2017,"@AppleSupport Read2Go has an internal problem. The reader works by selecting sections of text, and bookmarking it. Using a braille device won’t tell the app to select text, so therefore you can’t bookmark. So readers get bumped around the book.","@423209 While we may need you to get in touch with those two app developers, let's rule out what we can. Which model do you have?"
1300695,423991,Thu Oct 26 23:14:35 +0000 2017,#icloud @applesupport you guys need to fuckin chill... I KNOW. https://t.co/ALWzhdITBU,@423991 We have a great resource that can help you manage your iCloud storage. Take a look: https://t.co/7vNd2QSlX0
1305627,425105,Fri Oct 27 02:22:24 +0000 2017,@AppleSupport At home on WiFi is where it occurs.,"@425105 Are you able to test it with a different connection? Let us know via DM, then we can go from there. https://t.co/GDrqU22YpT"
1313923,148829,Wed Oct 18 02:16:47 +0000 2017,@AppleSupport Mind node 2,"@148829 Thanks, we see here that app is available to purchase in the Mac App Store. Here are more details: https://t.co/nKO7l5nAbR"
1330000,430309,Fri Oct 27 04:04:16 +0000 2017,"My speakerphone hasn’t worked since iOS 11 came out. 

@AppleSupport let’s fix this.","@430309 Hey, we can offer some suggestions. First, try the steps here and let us know if it helps: https://t.co/4Kux8rhhGX"
1332615,430877,Wed Sep 20 19:56:32 +0000 2017,@AppleSupport @430879 The app for apple watch Crash since iOS 11 GM,@430877 We can help! Check out this article with next steps for your applications issue: https://t.co/3WF5Z1DBGa
1335176,431458,Fri Oct 27 07:27:58 +0000 2017,@AppleSupport I NEED HELP,@431458 We’d be glad to help. Go ahead and let us know as many details you can about the situation via DM. https://t.co/GDrqU22YpT
1335273,431487,Mon Oct 16 07:02:57 +0000 2017,@AppleSupport My alarm doesn’t now sound if I’m on silent mode. What can I do to fix this? Nothing but issues since updating the software.,"@431487 Thanks for reaching out, we’ll be glad to help with your alarms. Please read the bottom of this page: https://t.co/bz9TzU3lGI"
1335330,431505,Mon Oct 16 07:43:42 +0000 2017,@115858 @Applesupport wifi switches on automatically every now and then and asking me to join networks #iOS11 #Downgrade #securityConcern,@431505 We'd be happy to look into this with you.  Please reach out to us via DM and we'll get started. https://t.co/GDrqU22YpT
1336315,431729,Fri Oct 27 07:30:32 +0000 2017,@AppleSupport Does ‘Your iPhone is reserved’ due to carrier systems mean that I have a phone reserved for store pickup or just for shipping?,@431729 Great question! The best way to view information on your order and status details: https://t.co/eBQZkmMSCg
1336353,412625,Fri Oct 27 07:33:02 +0000 2017,@AppleSupport why does my phone not recognize when I am playing a track in the music app or any other app? Happened before &amp; after update.,@412625 Which device and version of iOS are you using? Check Settings &gt; General &gt; About and let us know in DM. https://t.co/GDrqU22YpT
1338839,201221,Fri Oct 27 15:03:50 +0000 2017,@AppleSupport Well the buggy #iOS11.0.3 on iPhone7,"@201221 So we can be sure we understand, when you open Music it's showing this screen with the membership alert. What happens after?"
1338842,201221,Fri Oct 27 17:49:46 +0000 2017,@AppleSupport Nothing happens after,@201221 Alright. DM us and we'll continue from there. https://t.co/GDrqU22YpT
1339765,432500,Fri Oct 27 20:54:46 +0000 2017,"@AppleSupport Yes I am, although after the update I was prompted to enter a new password.",@432500 Check this. iTunes Store app More (...) &gt; Purchased &gt; Music. Do you see all of it there?
1342675,430740,Fri Oct 27 12:56:30 +0000 2017,@AppleSupport The newest one. 11.0.3,@430740 What happens when you try to use FaceTime? DM us here: https://t.co/GDrqU22YpT
1342698,433148,Mon Oct 30 13:46:32 +0000 2017,@AppleSupport Nothing is fixing it! 😭😭😭,@433148 Thanks for checking that article out for us. Let's continue in DM: https://t.co/GDrqU22YpT
1342737,433159,Fri Oct 27 12:30:43 +0000 2017,@AppleSupport is this a real alert please? https://t.co/Ytsze9fqhx,"@433159 This isn't an Apple security alert. Did this appear when using Safari? If so, this shows how to close it: https://t.co/x0pwcuPbr6"
1342739,433159,Fri Oct 27 20:16:15 +0000 2017,@AppleSupport Yes I got rid of the message 👍🏻,@433159 We're glad to hear that. Let us know if you need anything in the future.
1342940,176658,Mon Oct 16 13:40:07 +0000 2017,@AppleSupport wrong link m8,@176658 We apologize for that. Take a look here instead: https://t.co/DDoyTd3OQv
1343626,433372,Fri Oct 27 13:27:19 +0000 2017,@AppleSupport why is it not possible to enroll in the Upgrade Program? Says I have to go to the Apple Store!! 😡,@433372 Our Online Store team would love to look into this with you. Reach them here: https://t.co/8yjRd1Xo0i
1344601,433558,Fri Oct 27 13:48:43 +0000 2017,@AppleSupport what happened to my split screen option on my iPad Pro,"@433558 We'd be happy to help. Check out section ""Use two apps at the same time with Split View"" here: https://t.co/WTnoQ22YPG"
1346124,433890,Mon Oct 16 12:28:58 +0000 2017,"@AppleSupport the auto call, didn't even touch my watch, and the Emergency SOS was triggered yet again. Is this a glitch or something?",@433890 We'd be happy to look into this with you.  Please reach out to us via DM and we'll get started. https://t.co/GDrqU22YpT
1346183,433909,Mon Oct 16 13:56:30 +0000 2017,"@AppleSupport Totally missed that happening, oops!",@433909 That's OK! We're here to answer your Apple questions.
1347763,434290,Fri Oct 27 14:49:18 +0000 2017,@AppleSupport getting this message when i send some texts. just since recent IOS update. what does it mean? how do i stop this? https://t.co/4aGpGGwihn,@434290 Let's check into this. Do you have SMS messages provisioned for your carrier plan? Are you texting a busines?
1350601,434930,Fri Oct 27 21:45:14 +0000 2017,@AppleSupport Still broken. https://t.co/ILMbbtJ5BZ,"@434930 The videos helps a lot. We'd like to continue working with you on this, DM us and we'll go from there. https://t.co/GDrqU22YpT"
1352268,435351,Fri Oct 27 15:32:16 +0000 2017,"@AppleSupport I preordered my phone today,  when will my credit card be charged? It says delivery Dec 5-11th.","@435351 We're excited for you! For sales related questions, please reach out to our Online Sales team here: https://t.co/8yjRd1Xo0i"
1352925,435521,Fri Oct 27 15:55:59 +0000 2017,"First my order gets messed up (but hopefully still reserved!!) then @AppleSupport is unavailable to chat. Rough day for everyone, I'm sure!😩",@435521 We'd like to help. Please let us know the reason for contacting our chat team to get started. https://t.co/GDrqU22YpT
1353629,435676,Sat Oct 28 07:14:01 +0000 2017,"@AppleSupport followed the tips in the article, but that did not change anything or help.",@435676 Thank you for completing those steps! Were you listening to the podcast on Wi-Fi or cellular data? Let's continue in a DM. https://t.co/GDrqU22YpT
1354520,435872,Sun Oct 29 14:12:24 +0000 2017,@AppleSupport iPhone 6+ both connection modes...,@435872 We’d to learn more. Please meet us in DM to continue. https://t.co/GDrqU22YpT
1355453,436063,Fri Oct 27 17:00:13 +0000 2017,@AppleSupport is the maps app not working or am I just that lucky?,@436063 We're here for you. Can you provide us some detail about what's going on with Maps?
1357293,163613,Fri Oct 27 17:20:31 +0000 2017,@AppleSupport how long does it take to receive email to pre-order phone after you've had it reserved. Did it online on the apple store?,@163613 Our Sales team would best be able to assist you with that. You can contact them here:  https://t.co/8yjRd1Xo0i
1360114,437096,Fri Oct 27 20:31:01 +0000 2017,@AppleSupport iOS 11,@437096 Got it. Let’s continue to work together on this battery life issue in DM: https://t.co/GDrqU22YpT
1360144,160190,Fri Oct 27 20:20:42 +0000 2017,"@AppleSupport I've tried that page, but I have a reservation number, not an order number",@160190 OK. Thank you. You can contact our Sales Support team here: https://t.co/8yjRd1Xo0i
1360155,437106,Fri Oct 27 20:26:10 +0000 2017,"@AppleSupport It was the number that was in my ""reservation"" e-mail for the iPhone: 1-800-MY-Apple. Really disappointed my reservation was not honored.",@437106 Let's continue this conversation in DM. Please message us here: https://t.co/GDrqU22YpT
1364786,437759,Fri Oct 27 23:49:53 +0000 2017,"@AppleSupport It's the whole device, and the version of iOS is: 9.3.5",@437759 Let's meet in DM to gather more info and explore additional options with you. https://t.co/GDrqU22YpT
1364800,437764,Fri Oct 27 19:39:13 +0000 2017,"@AppleSupport - a porra da atualização do iOS 11 tá travando tudo, da um jeito nessa porra, obrigado de nada","@437764 Since our Twitter support is available in English, get help at https://t.co/IBIY3vMgPj or join https://t.co/pvaOFfPbjt"
1364817,437768,Fri Oct 27 19:47:44 +0000 2017,@115858 @115858 @AppleSupport @115858 @115858,@437768 We're here to help. You can use the steps in this link to disable auto-brightness: https://t.co/QGzyuyr5Ra
1366340,438069,Fri Oct 27 20:36:20 +0000 2017,"@AppleSupport lost all my contacts, photos and it won't let me sign into iCloud 😫","@438069 We'll make sure to get this straightened out. DM us, and we'll see you there. https://t.co/GDrqU22YpT"
1367589,438360,Fri Oct 27 21:19:38 +0000 2017,@AppleSupport my storage on my phone is messed up. It's deleted all of my messages and photos so I have nothing on my phone and still full!,@438360 We'd like to look into this with you. Which iPhone &amp; iOS version are you experiencing this on?
1375362,440148,Sat Oct 28 00:18:55 +0000 2017,@AppleSupport I haven’t been able to use my iPhone on speaker mode ever since the new update,@440148 We're here for you. DM us which iPhone you have and we'll go from there. https://t.co/GDrqU22YpT
1376098,440341,Sat Oct 28 00:45:14 +0000 2017,@AppleSupport having an issue where my lock screen doesn’t turn off after I press the home button to check time/notifications. I have an #iphone8 with the latest #iOS. Please help.,@440341 That's not the experience we want you have with iOS 11. Follow us to DM and we'll get started. https://t.co/GDrqU22YpT
1376100,440342,Sat Oct 28 14:35:20 +0000 2017,"@AppleSupport IPhone 7, 11.1 with recent updates.",@440342 Got it. Let's meet up in DM and discuss it further. https://t.co/GDrqU22YpT
1376460,440427,Sat Oct 28 01:02:25 +0000 2017,@115858 also has done THIS to my camera. and we all know that u KNOW how much i love taking pictures of myself @115858 @AppleSupport https://t.co/FpdlLBXkrF,@440427 Let's meet up in DM to explore support options for this. https://t.co/GDrqU22YpT
1378215,440837,Sat Oct 28 02:43:51 +0000 2017,"@AppleSupport 

The cnn Apple TV app turns up the volume during commercials. It’s way too loud. Can you fix it?","@440837 Thanks for reaching out! For this issue, we'd like to have you reach out to our Apple TV Advisors here: https://t.co/IBIY3vMgPj"
1392981,443979,Sat Oct 28 06:24:08 +0000 2017,@AppleSupport you can keep the 2 week old watch and teach your staff how not to treat customers like idiots! It’s rude disgusting behaviour,@443979 Hello. We'd like to look into this. DM us and give us more details about what happened. https://t.co/GDrqU22YpT
1394016,444194,Sat Oct 28 09:42:38 +0000 2017,"@AppleSupport  Battery draining faster than before after iOS 11.0.3 Update. Using iPhone 6s #Apple @115858  
Can i expect a fix anytime soon?",@444194 We'd love to look into this with you and go over options. Let us know if this guide helps: https://t.co/TpjqFp3jxD
1394484,444294,Sat Oct 28 10:30:54 +0000 2017,@444295 @AppleSupport Recharging twice a day? That’s the new normal. #salesareup https://t.co/mKVoIcSnKO,"@444294 That's certainly unexpected, but we can help. Which iPhone do you have and what version of iOS is installed?"
1395686,444556,Sat Oct 28 17:27:03 +0000 2017,"@AppleSupport And a lot of other applications (snapchat, email...) are now really slow (only since iOS 11.0.3) :s",@444556 Let's look further into this in DM here: https://t.co/GDrqU22YpT
1398932,445307,Sat Oct 28 16:37:39 +0000 2017,@AppleSupport Any texts I’ve sent since I updated have all been to numbers I’ve text before,@445307 Thanks for clarifying. Let's go ahead and meet up in DM so we can go more in-depth. https://t.co/GDrqU22YpT
1402219,446023,Sat Oct 28 16:43:37 +0000 2017,"@115858 @AppleSupport after waiting for 12am to reserve, errors for 10 mins until reservation code, now wasting hours w/ errors trying 2 buy","@446023 Send us a DM, please. Let us know the country you're in. https://t.co/GDrqU22YpT"
1404090,446435,Sat Oct 28 17:34:32 +0000 2017,"@AppleSupport Software update 11.0.3 rapidly drains battery power on my iPhone 5, few apps open, using WiFi. What’s the solution?",@446435 Let's look into this together. Let us know if these steps help with your iPhone's battery life: https://t.co/TpjqFp3jxD
1404100,446438,Sat Oct 28 17:33:12 +0000 2017,@AppleSupport absolute disgusting customer service from the Milton Keynes Apple Store today! Please point me in the direction of complaints!,@446438 That's not what we like to hear. Send us a DM using the link below and we'll go from there. https://t.co/GDrqU22YpT
1405466,347515,Sun Oct 29 11:10:48 +0000 2017,@AppleSupport Unless it is American English or British English Siri won’t translate which is stupid 😒,@347515 Thanks for reaching out to us. Please send us a DM so that we can better assist you. https://t.co/GDrqU22YpT
1406886,447006,Wed Nov 01 23:02:55 +0000 2017,@AppleSupport 11.1,"@447006 Met us in DM, tell us in which country you're in, and we'll continue there. https://t.co/GDrqU22YpT"
1409140,447537,Wed Nov 01 22:53:18 +0000 2017,@AppleSupport Yes and I️ have the original 6,"@447537 OK! So we can look into options available for your region, please reply in DM with your current country. https://t.co/GDrqU22YpT"
1411730,152186,Sun Oct 29 04:17:34 +0000 2017,"@AppleSupport Oh, i misread, it happens when my phone is near my ipad","@152186 We'd like to assist you further. To do so, please DM us here: https://t.co/GDrqU22YpT"
1412656,448280,Mon Oct 16 21:42:37 +0000 2017,@AppleSupport It happens on both accounts. It also tends to freeze and storage is not an issue as I regularly delete photos/apps etc,@448280 Got it. Let's go ahead and move to DM and we'll continue to look into this. https://t.co/GDrqU22YpT
1413505,448489,Sat Oct 28 20:59:37 +0000 2017,"@AppleSupport Yep know that, Siri translation doesn’t support Australian English &amp; I’m not changing phone to American English if that’s what you mean?","@448489 Let us know if this is an intermittent issue with Siri, and if you've restarted yet? DM us to continue from here. https://t.co/GDrqU22YpT"
1414559,448734,Thu Nov 02 02:14:53 +0000 2017,"@AppleSupport My phone is running slow, it keeps shutting me out of my apps and I️ keep seeing boxes when I️ type certain words",@448734 Thanks for reaching out. We'd like to know more to assist. Send us a DM using the link below and we'll take it from there. https://t.co/GDrqU22YpT
1414573,448738,Thu Nov 02 02:10:06 +0000 2017,"@AppleSupport Updated all of my apps, but haven’t restarted my phone! I’ll try that. Thank you!","@448738 Thank you. DM if you need us, we'll be ready to help. https://t.co/GDrqU22YpT"
1416858,449300,Thu Nov 02 02:39:44 +0000 2017,@449301 @AppleSupport Hahaha I️ would rather deal with this than switch to an android!!,@449300 Hey there. We'd love to get this sorted for you. Let's connect in DM. https://t.co/GDrqU22YpT
1416986,419246,Mon Oct 16 17:39:55 +0000 2017,"@AppleSupport That’s great, thank you! 👍🏻",@419246 Always a pleasure to help. Let us know if you have any other questions. We're here for you.
1418036,449592,Wed Nov 01 22:49:48 +0000 2017,@AppleSupport my phone keeps autocorrecting “I” to “ I️ “ and it’s really annoying,@449592 We want to help. Please DM us what iOS version you have and we'll continue support there. https://t.co/GDrqU22YpT
1429725,287512,Tue Oct 17 18:16:50 +0000 2017,@AppleSupport Sort your updates out - I can’t send a text from contacts - shocking how you offer updates that mess up other parts of phone system 👎👎👎👎,@287512 We'll be happy to look into this with you. Send us a DM and we'll go from there. https://t.co/GDrqU22YpT
1433668,452872,Thu Nov 02 17:31:34 +0000 2017,"@AppleSupport As I said preciously, the programs that have issues are while playing videos in full screen mode within Safari (YouTube video still works)","@452872 Thank you for your reply. Does it flash green at the beginning a few times, then play normally after that? Let us know in DM. https://t.co/GDrqU22YpT"
1433688,452877,Thu Nov 02 06:07:54 +0000 2017,Imma need another update @AppleSupport,@452877 We'd like to look into this. DM us and tell us which version of iOS you're running on  your iPhone. https://t.co/GDrqU22YpT
1433693,254185,Thu Nov 02 06:29:41 +0000 2017,"@AppleSupport this last update is awful! Emails not coming down - frankly can’t function without, killing my battery to name just 2 #Update",@254185 We want to learn more about this. Tell us more in DM. https://t.co/GDrqU22YpT
1434217,452993,Thu Nov 02 19:46:29 +0000 2017,"@AppleSupport Hi I used the instructions but nothing is hidden, if I view some of the albums songs prev brought are able to be brought again can you help?","@452993 Since neither of those links worked, we'd recommend reaching our iTunes Store team directly: https://t.co/SDIe7UiyJN"
1435775,420130,Thu Nov 02 08:13:44 +0000 2017,@AppleSupport wtf is this? https://t.co/n7gYlsJPp6,"@420130 We're glad to help with this. Please DM us, and we’ll take it from there. https://t.co/GDrqU22YpT"
1435787,453327,Thu Nov 02 07:51:39 +0000 2017,"@AppleSupport “other” workouts in my Apple Watch, never save the rename in my iPhone activity app since IOS11 and WatchOS 4 https://t.co/iUSAZbKYbP",@453327 Hey there! Which version of iOS 11 and Watch OS 4 are we working with? That will be in Settings &gt; General &gt; About on both devices.
1441977,454562,Thu Nov 02 15:58:40 +0000 2017,@AppleSupport I have the iOS 11.1 version installed!,@454562 Do you have auto brightness enabled?
1445581,455449,Thu Nov 02 13:45:01 +0000 2017,hi @AppleSupport i've never seen this before. what's happening to my phone? https://t.co/6eIWJEcshQ,"@455449 Hi there. We can definitely partner with you on this. To begin, tell us what app you noticed this error in."
1446482,455650,Thu Nov 02 14:08:31 +0000 2017,Okay so I updated my damn phone thinking these dumb ass boxes would disappear &amp; they are STILL HERE! @AppleSupport,"@455650 Hey, we want to hear some more details about what's going on. Send us a DM and we'll go from there. https://t.co/GDrqU22YpT"
1449205,456281,Thu Nov 02 15:09:41 +0000 2017,Hey! It would be nice if my letter “I️” didn’t turn into some weird characters that I didn’t type. Thanks in advance! @AppleSupport,@456281 We'd like to help. DM us what iOS version you're on. https://t.co/GDrqU22YpT
1449207,456282,Thu Nov 02 15:14:28 +0000 2017,@AppleSupport Hi How can i get help from Apple France for my ipad invoice? Thanks !,"@456282 Thanks for reaching out! For help with this issue, reach out to our Online Store Advisors here: https://t.co/8yjRd1Xo0i"
1449353,456322,Mon Oct 16 19:21:08 +0000 2017,Hey @AppleSupport have you ever seen this bug? #ios11 https://t.co/a6811zlOMD,@456322 We're here for you. Let's restart your device and see if the issue persists: https://t.co/OWRDHWSt4h
1450119,456497,Thu Nov 02 17:10:40 +0000 2017,"@AppleSupport I’m on iPhone 6 Plus (newest software). Reset most things and it won’t connect. Can only SMS and call, no iMessage or FaceTime.","@456497 Got it, thanks! Take a look at this article here for steps on troubleshooting this issue: https://t.co/jhvYu3nzpA"
1452984,590577,Fri Nov 03 11:39:50 +0000 2017,"@AppleSupport iPad update ❤️. iPhone update poor, phone crashes, system crazy slow, battery drains fast. Why push this update out? Apple has changed.","@590577 We want you to be able to enjoy your iPhone. Is it currently running iOS 11.1? Tell us in DM, and we’ll work together on this. https://t.co/GDrqU22YpT"
1454547,457596,Thu Nov 02 11:46:59 +0000 2017,@AppleSupport also from __email__,@457596 Check out this link for tips on how to identify and report phishing emails: https://t.co/LNMCdqt6fD https://t.co/GDrqU22YpT
1458715,381209,Fri Nov 03 19:52:28 +0000 2017,"@applesupport this is my favorite (and apparently the only) feature of the $1000 brick you sold me. Awesome work, guys! https://t.co/mhe4moAaW4","@381209 Thanks for your patience, we know how important getting your iPhone activated it. For help, check out: https://t.co/ywHIZGN4Ac"
1460629,459014,Thu Nov 02 21:25:32 +0000 2017,"@AppleSupport Hi, I asking for the version number, Is it 11.0.3 or 11.1 ? ... So I know which version to back my iPhone up to!",@459014 You'll want to create a backup with the latest version. That'll ensure you can restore that backup to your new iPhone.
1465072,460061,Tue Oct 17 05:35:05 +0000 2017,"@AppleSupport Dear support, I attached the picture of an invoice we received, purchasing iCloud space. We think it's fake. Can u confirm? https://t.co/dbOa50dspe",@460061 It looks suspicious. This article can help identify and report the email: https://t.co/tHkFZyBtjO Please DM for more assistance. https://t.co/GDrqU22YpT
1467756,460686,Thu Nov 02 22:14:22 +0000 2017,"@AppleSupport It’s pretty laggy, my keyboard keeps freezing, my phone froze three times yesterday. Turning it off and on doesn’t help either.","@460686 Thank you for letting us know. In DM, please reply with the iOS version you're using. https://t.co/GDrqU22YpT"
1468408,460833,Thu Nov 02 22:37:28 +0000 2017,@AppleSupport my country/ region got changed and now my Apple Music is messed up. How do I go back to America ?!,@460833 We'll get you back to enjoying your Apple Music subscription in no time. Is it the country of your iTunes account or device?
1468452,460851,Thu Nov 02 22:35:30 +0000 2017,"@AppleSupport 2 months, IOS 11.1",@460851 Are you using the native messaging app? Does this occur with all contacts?
1469204,461019,Thu Nov 02 20:34:05 +0000 2017,@AppleSupport find my iPhone 8 Plus laggy and slow in WhatsApp &amp; iMessage since updating to iOS 11.1,@461019 We want to be sure your iPhone is working normally with all of your apps. Have you tried restarting your iPhone since updating?
1471787,461633,Fri Nov 03 00:17:14 +0000 2017,These updates ruined my phone @AppleSupport,@461633 We want to help you. What issue(s) are you experiencing?
1471878,461660,Thu Nov 02 23:53:01 +0000 2017,"@AppleSupport really, Apple? I️ update to iOS 11.1 and lose the letter “I️” which now appears as I️ instead?","@461660 Let's check it out. Let us know in DM which iPhone you own, please. https://t.co/GDrqU22YpT"
1471891,461663,Fri Nov 03 17:58:46 +0000 2017,@AppleSupport  https://t.co/iBqFh5scoX,@461663 Got it. DM us which country you're in and we'll look into some additional support options. https://t.co/GDrqU22YpT
1471897,461665,Thu Nov 02 23:49:12 +0000 2017,I️ have a 7 Plus. My phone has the latest update but I’m still seeing these weak ass boxes. What’s the deal ?@AppleSupport,@461665 We'd like to look into this with you. Let us know when you first noticed this in DM to continue: https://t.co/GDrqU22YpT
1472760,360869,Thu Nov 02 22:57:08 +0000 2017,I downloaded iOS 11.1 last night and my phone hasn’t functioned properly for more than 5 minutes ALL. DAY. TODAY. WTF @115858 @AppleSupport ?,@360869 We certainly want you to be able to enjoy your new iPhone! Please send us a DM with details of the trouble you're having. https://t.co/GDrqU22YpT
1472792,461859,Fri Nov 03 00:16:30 +0000 2017,@AppleSupport  does face id have issues with beards,"@461859 Face ID can handle beards. No problem! Check out the section ""Advanced Technologies"" for more info here: https://t.co/w0GFEbuI3a"
1473817,257660,Fri Nov 03 01:01:41 +0000 2017,@AppleSupport why is this weird auto-correct thing happening to me and some of my friends? https://t.co/E16OOJ5KHK,@257660 We're here to help. Please DM us which iOS software version you are using and we'll go from there. https://t.co/GDrqU22YpT
1473834,462135,Fri Nov 03 01:48:59 +0000 2017,@AppleSupport Thank you!,@462135 You’re welcome! Let us know in DM how that works. We’re available every day from 5 a.m. to 8 p.m. Pacific time. https://t.co/GDrqU22YpT
1475403,462510,Thu Nov 02 19:41:55 +0000 2017,"@AppleSupport só tenho 5 meses de uso do iPhone 7 , e já está apresentando problema 😡","@462510 Since our Twitter support is available in English, get help at https://t.co/IBIY3vMgPj or join https://t.co/pvaOFfPbjt"
1475406,462512,Thu Nov 02 19:38:39 +0000 2017,@462511 @AppleSupport Ugh yes that’s what I thought lol I thought I was the only one seeing it lol,"@462512 Hey, thanks for bringing this to our attention. Send us a DM with your device and iOS version so we can look into this. https://t.co/GDrqU22YpT"
1475436,462522,Thu Nov 02 16:02:03 +0000 2017,@AppleSupport I can’t play my Apple Music offline. I subscribed for 3 months yesterday. I’ve enabled iCloud music and the songs are downloaded yet they still don’t play. Can you help?,@462522 We'd love to help you enjoy your music! When you go to Settings &gt; Music is iCloud Music Library turned on?
1475857,462631,Thu Nov 02 17:50:05 +0000 2017,@AppleSupport https://t.co/nOwbtT4gfs,"@462631 Hey there. For great information on phishing and how to report it, check out: https://t.co/V2QRdtocGo"
1476935,462925,Thu Nov 02 20:23:58 +0000 2017,What apple I barely have any charge anymore on my phone 😠 @AppleSupport @115858,@462925 We'd be happy to look into this. Which iOS version are you using?
1478311,463277,Thu Nov 02 22:07:43 +0000 2017,@AppleSupport how come all of my “I”s are being replaced by this: I️,@463277 Hey there. Let's talk via DM. Please tap here to continue and we'll take a look at this together: https://t.co/GDrqU22YpT
1478369,463295,Thu Nov 02 21:57:54 +0000 2017,@AppleSupport how can i take the iOS 11.1 OFF of my phone ? Every time I️ type something it pops up as A? &amp; it’s annoying I️ want it off,"@463295 Hey, there. Thanks for reaching out. Let's meet in DM and we'll continue from there. https://t.co/GDrqU2kzhr"
1480769,463830,Mon Oct 16 21:05:38 +0000 2017,"@115858 @AppleSupport  the new update is making my photos disappear, and only come back with WiFi please get this fixed",@463830 We know how important your photos are. Reach our Photos experts here: https://t.co/IBIY3vMgPj
1481912,464093,Fri Nov 03 01:14:13 +0000 2017,hey @AppleSupport why are all my i’s on facebook turning into weird symbols. is this all zuckerburgs doing!?,@464093 Let's take a look. DM us your device model and OS version to get started. https://t.co/GDrqU22YpT
1482364,464194,Fri Nov 03 16:19:10 +0000 2017,"@AppleSupport Well now that it’s updated it barely even works. Apps wont load or load super slow, everything glitches, half of my screen works only 50%","@464194 Got it. Send us a DM, and we'll help from there. https://t.co/GDrqU22YpT"
1482943,160562,Fri Nov 03 02:00:22 +0000 2017,@AppleSupport is there a fix for the I️ autocorrect bug in IOS 11?,@160562 Thank you for that information. May we ask which iOS version you're currently on? Let us know in DM. https://t.co/GDrqU22YpT
1484822,369070,Sat Oct 28 21:13:36 +0000 2017,@applesupport can you help me please? UGH the effing ipad updates and now I can put some photos on it .... https://t.co/KtEoB35bbR,"@369070 We'll help see why your iPad isn't syncing. Given the error, check out this article and see if it helps: https://t.co/czNgyf4Rgl"
1485408,464941,Fri Nov 03 02:50:49 +0000 2017,@AppleSupport ....wtf really goin on wit these question marks huh? https://t.co/OLaClz1aYB,@464941 We're here to help. DM us with your iPhone model and iOS version so we can get started. https://t.co/GDrqU22YpT
1492171,466518,Sat Nov 04 22:53:07 +0000 2017,@AppleSupport my iPhone 7 Plus camera is not working also when I press portrait mode it closes the app,"@466518 Let's help sort this out. Do you receive an error message? Likewise, what version of iOS are you using? Let us know in DM. https://t.co/GDrqU22YpT"
1492230,466535,Sat Nov 04 13:20:41 +0000 2017,Só queria saber pq depois dessa atualização do iOS o Bluetooth do meu iPhone liga sozinho. @118936 @AppleSupport @115858 ???,"@466535 Since our Twitter support is available in English, get help at https://t.co/IBIY3vMgPj or join https://t.co/pvaOFfPbjt"
1492354,466562,Sat Nov 04 23:56:38 +0000 2017,@AppleSupport are y’all going to fix the issue with I️ or nah,@466562 We've got you today. Check out https://t.co/xU1AGHStV6 for steps to address this concern and DM us if we can help further. https://t.co/GDrqU22YpT
1497009,467560,Sat Oct 28 21:26:26 +0000 2017,"@AppleSupport still haven’t seen the charge for my iPhone X pre-order hit my bank account, do I not actually get charged until pick up?",@467560 We'd like to assist. Send us a DM using the link below and we'll take it from there. https://t.co/GDrqU22YpT
1498675,467963,Fri Nov 03 03:45:25 +0000 2017,Hey @AppleSupport   Why doesn’t “Hey Siri” work on my new IPhone 8 Plus?,@467963 Let's check out the steps here: https://t.co/xOrdgHyyiA under 'If Hey Siri doesn't work'. Let us know how it goes.
1500777,468431,Fri Nov 03 07:47:00 +0000 2017,@AppleSupport why has every single account on my phone signed me out of it over night?,@468431 We're here for you. Let us know in DM the iOS version on the iPhone to get started. https://t.co/GDrqU22YpT
1501978,468625,Fri Nov 03 08:32:24 +0000 2017,@468626 @AppleSupport It’s happening to me too :(,@468625 Thanks for letting us know. Let's work together in DM and we'll do our best for you. https://t.co/GDrqU22YpT
1501992,468630,Fri Nov 03 08:48:23 +0000 2017,Anyone else having issues with #whatsapp? Ever since I updated my iPhone nothing seems to be working properly. @AppleSupport can you help?,@468630 We'd be glad to. What's happening with the app on your iPhone? What iOS version shows in Settings &gt; General &gt; About?
1503041,468856,Sun Nov 26 02:59:18 +0000 2017,@AppleSupport I’m going to throw this phone away. I shouldn’t have so many issues when I’ve paid so much money for it.,@468856 We are happy to help work through any issues you are seeing with your iPhone. Reach out to us in DM and we will help. https://t.co/GDrqU22YpT
1503991,469082,Fri Nov 03 10:21:23 +0000 2017,Is that normal @AppleSupport ? (Text written in French) #iOS11Beta https://t.co/GQOXI6cJCu,@469082 We's be happy to look into this with you. Send us a DM to get started. https://t.co/GDrqU22YpT
1505585,469423,Fri Nov 03 10:42:13 +0000 2017,"@AppleSupport My BeatsX died. I’ve tried resetting , just get 3 LED flashes. Other online with this problem. No answers. What can I do?",@469423 We'll gladly look into service options. Join us in DM. https://t.co/GDrqU22YpT
1507314,469831,Fri Nov 03 04:11:34 +0000 2017,"Siri is not working, I see boxes on my tl, what tf y’all got going on @AppleSupport",@469831 We'll be happy to assist. When did you start seeing this happen? What version of iOS are you currently running?
1508035,470016,Fri Nov 03 04:43:15 +0000 2017,"Hey mfs @AppleSupport, lemme tell y’all somethin, y’all better fix this damn keyboard issue because I️ am fed tf up. Can’t even type my I’s!",@470016 We’re here to help. Please DM us and we will assist further from there. https://t.co/GDrqU22YpT
1509954,470468,Fri Nov 03 06:23:28 +0000 2017,@AppleSupport https://t.co/Cn7Q3UIW5M,@470468 We can happily help out here. Reach out to us in DM and let us know what version of iOS is running? https://t.co/GDrqU22YpT
1510888,470696,Fri Nov 03 11:46:02 +0000 2017,"Hi @AppleSupport , there seems to be a bug in the software. When I open Twitter app from Safari the previous App is showing “null”. https://t.co/BNGzu4kBPN",@470696 We'd be happy to assist today. Send us a DM to get started. https://t.co/GDrqU22YpT
1512211,470983,Fri Nov 03 12:08:45 +0000 2017,I’ve updated my phone got the new emojis but I keep seeing boxes wtf @AppleSupport,@470983 We'd like to help.  Can you describe what's happening in DM?  We can meet there to continue. https://t.co/GDrqU22YpT
1516641,471874,Tue Oct 17 00:14:30 +0000 2017,Yo @115858 @AppleSupport I’ve forgotten my 🍎 ID n the number I was using has been recycled; what should I do to recover my password setup 📱?,@471874 We'd be glad to help. You can get started with resetting your Apple ID password here: https://t.co/fJnZYmbI9N
1517059,471977,Fri Nov 03 13:46:24 +0000 2017,But why does I️ look like that? @AppleSupport,@471977 We'd be happy to look into this with you. DM us using the link below and we'll go from there. https://t.co/GDrqU22YpT
1519228,331985,Fri Nov 03 10:53:00 +0000 2017,@AppleSupport please fix issue with certain letters. This is ridiculous. https://t.co/ujYoKuDKJj,@331985 We're here to help! Send us a DM and we'll work together to resolve this. https://t.co/GDrqU22YpT
1524096,473488,Fri Nov 03 16:32:11 +0000 2017,"@AppleSupport ruined my computer. 15 calls, 6 reps, 3 techs, no calls backs, hold time exceeding 3hrs collectively. Thanks @115858 #Apple",@473488 We'd like to help. DM us with a bit more detail on what's going on and we'll go from there. https://t.co/GDrqU22YpT
1525130,473728,Fri Nov 03 16:59:22 +0000 2017,What is up @115858 @AppleSupport with the letter I looking like this 👉🏼 I️  on my IPhone,"@473728 Hey there, can you send us a quick DM using the link below? We'll be happy to look into that with you. https://t.co/GDrqU22YpT"
1525990,473928,Fri Nov 03 17:43:55 +0000 2017,@AppleSupport hi hello why does my phone change the letter “I️” to I️,@473928 Thanks for contacting us. Send us a DM and we'll go from there. https://t.co/GDrqU22YpT
1527699,474344,Fri Nov 03 18:15:49 +0000 2017,@AppleSupport bruh y’all need to fix this damn glitch,@474344 Let's work on this together in DM. Follow us there using the link below: https://t.co/GDrqU22YpT
1527759,474361,Fri Nov 03 18:04:00 +0000 2017,MY I️ ISNT WORKING APPLE (eye but the single letter) @115858 @AppleSupport,@474361 Let's meet up in DM to discuss that further for you today. Here's a link: https://t.co/GDrqU22YpT
1528726,474613,Fri Nov 03 14:51:55 +0000 2017,@AppleSupport how can I get my iPhone library and my Mac library to sync as one? iTunes seems to suggest they are separate &amp; one will effectively delete the other.,@474613 Thanks for reaching out. We would recommend taking a look at this article to help you out: https://t.co/MaEpwkTXRn
1528735,474617,Fri Nov 03 14:58:38 +0000 2017,‼️‼️‼️ RT @474618: Fix this question mark shit @AppleSupport,"@474617 Let's work together and get to the bottom of this, DM us and we'll get started. https://t.co/GDrqU22YpT"
1530046,474866,Fri Nov 03 15:10:52 +0000 2017,@AppleSupport Help ! ☹️💔 https://t.co/jRj654Gmga,@474866 Let's take a look. Follow us to DM letting us know what country you're in to start. https://t.co/GDrqU22YpT
1531063,474980,Tue Oct 17 05:07:51 +0000 2017,@AppleSupport iOS-11.0.3,@474980 Do you notice if it gets stuck in landscape within a particular app or does it just randomly happen. Let us know via DM. https://t.co/GDrqU22YpT
1538877,477025,Fri Nov 03 21:11:34 +0000 2017,I’m seeing these boxes with question mark @AppleSupport what’s good with that,@477025 We want to do everything we can to help you out. Send us a DM and we'll continue from there. https://t.co/GDrqU22YpT
1540520,477435,Sat Nov 04 03:25:26 +0000 2017,@AppleSupport 2 times already and it hasn’t stopped it?,@477435 Let's take a look at this. DM us your exact iOS version. https://t.co/GDrqU22YpT
1540551,477442,Fri Nov 03 22:12:00 +0000 2017,Y a pas des geeks Apple qui peuvent m’aider ? @AppleSupport,@477442 We offer support via Twitter in English. Contact us for help in your preferred language here: https://t.co/IBIY3vMgPj
1541137,477618,Fri Nov 03 23:41:16 +0000 2017,@AppleSupport iTunes would simply show iPhone and sit there. I was able to activate my phone after 3 hours. Now my wife’s iPhone X is stuck.,@477618 DM us if you're having this same issue with another iPhone. We'll look into this to be sure you're up and working with both iPhones. https://t.co/GDrqU22YpT
1541149,477622,Fri Nov 03 18:23:22 +0000 2017,@AppleSupport No idea why this “I️” glitch hasn’t been fixed yet ‼️,@477622 We've received your DM. Look for our reply shortly.
1541980,477770,Fri Nov 03 22:50:57 +0000 2017,@AppleSupport Thanks! Apple-certified cable and iPhone 6.  Issue started immediately after updating to the latest iOS.,"@477770  Have you had a chance to check for damage to the prongs on the cable? Also, is there any debris in the charging port? https://t.co/GDrqU22YpT"
1542005,477778,Fri Nov 03 18:35:06 +0000 2017,wait.. why cant i see the letter “i” on here 🤔 @AppleSupport?,"@477778 Meet us in DM, and we'll check this out together. What device and software version are you using? https://t.co/GDrqU22YpT"
1543300,440157,Fri Nov 03 20:52:51 +0000 2017,"Your company is worth 1 trillion dollars, yet I can't get the letter ""I"" to work on my phone? What the fuck @AppleSupport? Bruh...",@440157 We'd like to discuss this further with you. Send us a DM and we'll go from there. https://t.co/GDrqU22YpT
1543541,478161,Sat Nov 04 00:56:24 +0000 2017,Looks like we got a defective #iPhoneX. Touch screen doesn’t work even after a restore thru iTunes 🤷‍♂️ @AppleSupport https://t.co/ciq86qEWsQ,@478161 We're here for you. Did you run across any issue when you restored it? Let us know in DM. https://t.co/GDrqU22YpT
1544122,478319,Sat Nov 04 01:04:41 +0000 2017,@AppleSupport my phone is still messing up my I’s soooo when y’all going to fix it? It’s been 3 days....,@478319 We're happy to help. Check out our article here: https://t.co/xU1AGHStV6 DM us any other questions. https://t.co/GDrqU22YpT
1545209,478579,Sat Nov 04 11:47:17 +0000 2017,"@AppleSupport How exactly am I supposed to try it again, if it never asked me to activate in the first place.",@478579 Let's look into that. Send us a direct message and we'll go from there. https://t.co/GDrqU22YpT
1546814,478970,Thu Nov 09 22:20:57 +0000 2017,"@AppleSupport, why does the brightness on my iPad keep changing on its own whether it’s in use or not since the latest update? This is annoying AS FUCK.",@478970 We are here to help. Do you have Auto-brightness turned on?
1550289,479829,Fri Nov 03 22:55:48 +0000 2017,@AppleSupport emmmm. Why won’t my #iPhoneX charge past 87%? Is this a bug??,@479829 We'd be happy to look into this with you. Please DM us so we can gather further details. https://t.co/GDrqU22YpT
1550806,358909,Fri Nov 03 23:24:16 +0000 2017,"@AppleSupport I’ve had this problem where, whenever you type a specific letter, a question mark inside a box substitutes it. https://t.co/9k7uPcqtyT",@__a__p___ Thanks so much for sending that to us. Please select the link below to DM us. We'll help you from there. https://t.co/GDrqU22YpT
1551330,480055,Fri Nov 03 23:45:22 +0000 2017,"So we really just gonna ignore this in the 11.1 update @applesupport ?

oh ok. https://t.co/bOnwOeMNlp",@480055 We're here for you. Please reach out to us via DM and we can go from there. https://t.co/GDrqU22YpT
1551347,480062,Fri Nov 03 23:34:34 +0000 2017,Having trouble with iPhone X!!! The device was unresponsive and had to force restart 3 times in than 3 hrs @115858 @AppleSupport @116333,"@480062 We're here to help with your new iPhone X. Please join us in DM, and we'll get started. https://t.co/GDrqU22YpT"
1551358,480065,Fri Nov 03 23:23:50 +0000 2017,@AppleSupport we have been trying to resolve an issue with a iPhone order and have spoken to 5 people who all promise a call back and don’t.,@480065 We certainly want to help. Go ahead and DM us and we'll be glad to continue there. https://t.co/GDrqU22YpT
1555555,481028,Sat Nov 04 01:46:47 +0000 2017,@AppleSupport @115858 WHY IS THIS HAPPENING AND WHAT DOES IT MEAN IM OVER IT https://t.co/aOyYyVtL9l,@481028 We've got your back. Try the steps found here: https://t.co/xU1AGIa4ME
1556338,172724,Sat Nov 04 02:04:55 +0000 2017,Hey @AppleSupport why am I️ getting question mark boxes for the letter ii?! Fix it.,@172724 Try the process outlined here to see if it fixes this temporarily for you: https://t.co/xU1AGIa4ME Let us know how it goes.
1556354,462134,Sat Nov 04 01:52:47 +0000 2017,CAN y’all FUCKING PLEASE FIX MY PHONE AND THIS SHITTY UPDATE @AppleSupport,"@462134 We're happy to help, send us a DM using the link below and let us know what's happening. https://t.co/GDrqU22YpT"
1557178,481368,Sat Nov 11 18:01:20 +0000 2017,@AppleSupport I have already downloaded the iOS 11 but it says that the software is updated with the iOS 10.3.3,"@481368 Thank you for clarifying what's occurring. Let's take a look into this further. Go to Settings &gt; General and let us know if you have a section for Profile. If you do, let us know what the title of the profile is."
1558092,481581,Sat Nov 04 02:20:45 +0000 2017,@AppleSupport what’s going on? How do we fix this? https://t.co/DLZ6rr13nP,@481581 Let's get this working for you. Have a look at this article and see if it helps: https://t.co/xU1AGIa4ME
1558799,481741,Sat Nov 04 02:43:58 +0000 2017,Hey @AppleSupport what’s up with this? Any time you type the letter “I️”. It’s used so much it’s showing up in my  frequently used emojis. https://t.co/Ve1YqUYRWq,@481741 We want to help. Please take a look at this article that can help with the issue you're seeing: https://t.co/uQeXsr9Kz9
1560002,482033,Sat Nov 04 04:51:23 +0000 2017,@AppleSupport What’s up with this I️ business?!!!!! Can I️ get some support?,@482033 Thanks for reaching out. Please DM us and we'll assist from there. https://t.co/GDrqU22YpT
1564096,482983,Sat Nov 04 05:32:35 +0000 2017,@AppleSupport what’s going on with iOS 11.1 every time the letter “eye” is typed it pops up a weird emoji,@482983 We are here to help. Let's try the steps listed in this article. https://t.co/xU1AGHStV6
1565119,161930,Sat Nov 04 06:24:59 +0000 2017,@917 NOW THIS JUST DID IT WTF IS HAPPENING APPLE IS BLOWING IT LATELY ALL THE UPDATES SUCK MINUS THE EMOJIS @AppleSupport WHY IS THIS HAPPENING,@161930 We've got some info that can help. Check out the following article: https://t.co/xXaXefaskH
1565211,483218,Sat Nov 04 05:56:29 +0000 2017,"@AppleSupport how come I️ update my iPhone to 11.1 and this happens. Whenever someone types the letter I️, it’ll show up as that https://t.co/R4ePvYhQhH",@483218 We can help. Let’s have you check out these steps for help with what you're seeing: https://t.co/xU1AGHStV6
1566062,483417,Sat Nov 04 06:45:17 +0000 2017,"WHY DOESNT MY I FUCKUNG WORK @AppleSupport GET YOUR SHIT TOGETHER 

ily tho",@483417 We'd like to offer some guidance with this. Check out these steps for help with what you're seeing: https://t.co/B0Cc3hYQeU
1570988,484414,Sat Nov 04 11:45:14 +0000 2017,@AppleSupport wtf is these boxes in plave of emojis? Get it together i aint pay 1k for a phone to see boxes b,"@484414 Thanks for reaching out. This article has more details on that behavior, including how to address it: https://t.co/xXaXeeSRt9"
1571659,484563,Sat Nov 04 12:25:32 +0000 2017,@AppleSupport,@484563 We offer support via Twitter in English. Get help in Portuguese here: https://t.co/IBIY3vMgPj or join https://t.co/pvaOFfPbjt
1572259,484682,Sat Nov 04 14:18:33 +0000 2017,@AppleSupport 6+ and 11.1. Every time I type “I” it comes out as I️,@484682 Got it. Thank you for keeping us updated. Let us know if this article helps: https://t.co/sDSg93LaFu
1572348,484713,Mon Nov 06 14:26:50 +0000 2017,"@AppleSupport Cool, thank you so much!!",@484713 You bet. Feel free to reach out if you need anything else.
1573688,485031,Sat Nov 04 04:09:10 +0000 2017,@115858 @AppleSupport fixed this nonsense I️,@485031 We've got you covered. Check this out: https://t.co/xU1AGHStV6 https://t.co/GDrqU22YpT
1573719,485040,Sat Nov 04 14:32:35 +0000 2017,@AppleSupport I tried again and now it tries to reboot and then turns off completely,@485040 Do you see anything show up on the screen before it shuts off again?
1576409,485671,Sat Nov 04 13:44:06 +0000 2017,"Um, @AppleSupport I know you are savoring the iPhone X but you killed battery life w/7 plus &amp; 2017 iPad Pro with 11.0.3. Not happy. At All.",@485671 We know battery life is essential. We'd like to look further into this in DM. Send us one here: https://t.co/GDrqU22YpT
1576451,485686,Sat Nov 04 13:29:28 +0000 2017,@AppleSupport can you stop my phone from glitching when I️ type the letter I️,@485686 Hi there! This should help you out: https://t.co/xU1AGHStV6
1577712,485949,Sat Nov 11 01:47:51 +0000 2017,"@AppleSupport It IS the last 2 IOS updates....the only factor that changed in the phone. Single change. Restarting phone &amp; closing apps doesnt help. also, just like every1 else, batter life has plummeted. Also do check out other ppl’s exact same issues...: @134114",@485949 We'd like to investigate further with you. Send us a DM and we can troubleshoot more from there. https://t.co/GDrqU22YpT
1579724,442917,Sat Nov 04 15:18:42 +0000 2017,"@AppleSupport hi i need assistance regarding my apple id,to remove payment method, but its not showing on my account,can you pls help pls",@442917 We can help! Check out this resource for steps to remove your payment method from your account: https://t.co/4ccXdxU48M
1581444,486843,Sat Nov 04 15:49:25 +0000 2017,"I can’t believe my iwatch just can’t deal with the Cancun heat, the cover is opening up !!!!... @AppleSupport @115858 need some help here! https://t.co/4PJxiIXlwr",@486843 We'd like to help. DM us your model Apple Watch and country of residence &amp; we'll review your options. https://t.co/GDrqU22YpT
1582094,486989,Sat Nov 04 20:12:07 +0000 2017,"@AppleSupport i️ really ain’t think y’all were going to reply, wow thanks",@486989 You are very welcome! If you need anything else; hit us up! We're here every day from 5am-8pm Pacific time.
1582990,487205,Sat Nov 04 16:40:54 +0000 2017,@AppleSupport can y’all fix the “ I “ eye character 🤦🏾‍♂️,@487205 We're here for you today. Check out https://t.co/xU1AGHStV6 and tell us if that corrects the problem you're facing today.
1583753,487391,Sat Nov 04 16:50:43 +0000 2017,@115858  @AppleSupport When is this issue with the I’s going to be resolved? It’s getting frustrating. HELP!!! https://t.co/QFoddU2aqY,"@487391 Thanks for reaching out. Before we go too much further, we'd like to have you try following: https://t.co/uQeXsrrlXJ"
1583755,487392,Sat Nov 04 16:47:56 +0000 2017,@AppleSupport handle it.,@487392 We'd like to gather some more details on what you're experiencing. Let's continue chatting via DM. https://t.co/GDrqU22YpT
1583768,487397,Sat Nov 04 16:40:21 +0000 2017,@AppleSupport can we get this eye thing fixed I️ &lt;~~~~ not what eye typed,@487397 Hello there. Try out this workaround until this issue is fixed in a future update: https://t.co/xU1AGHStV6
1586255,488015,Sat Nov 04 12:58:45 +0000 2017,@AppleSupport  @115858 is there a contact form where i can complain about a store manager?,@488015 We'd like to learn more about what happened. Send us details in DM and we'll get started. https://t.co/GDrqU22YpT
1586293,488024,Sun Nov 05 04:37:33 +0000 2017,@AppleSupport Can we start with what is going on here with that A ? That pops up? https://t.co/mjyQTry7Vd,@488024 Thanks for reaching out. We have a workaround for this here: https://t.co/xXaXeeSRt9 DM us if you still need help. https://t.co/GDrqU22YpT
1589326,488714,Sat Nov 04 18:55:06 +0000 2017,How do I️ fix this I️ auto correct glitch @AppleSupport,@488714 We'd recommend trying the steps here: https://t.co/xU1AGHStV6 let us know in DM if the issue continues. https://t.co/GDrqU22YpT
1589401,488735,Sat Nov 04 19:46:20 +0000 2017,@AppleSupport why can’t I️ type I️ anymore? Fix this nonsense,@488735 Check out this article and DM us if you have questions: https://t.co/xU1AGHStV6 https://t.co/GDrqU22YpT
1591059,489148,Sat Nov 04 20:30:18 +0000 2017,@AppleSupport What is the best way to dispose of old charging cables?  Will Apple store recycle them?,"@489148 We'd like to point you in the right direction! Check out the info under ""Other Recycling Programs"" here: https://t.co/ev5QiiHXHb"
1591998,489377,Sat Nov 04 21:09:14 +0000 2017,@AppleSupport the fuck is this shit,@489377 Hey! Look into this workaround. If you type the letter “i” &amp; it autocorrects to an “A” with a symbol: https://t.co/xXaXeeSRt9
1592385,489470,Sat Nov 04 17:36:16 +0000 2017,"@115858 @AppleSupport - help, eye can’t type the letter that sounds like “eye.” 😖😖😖😖",@489470 We can partner with you on this. These steps will help with what you're seeing: https://t.co/pjfPUt4wje
1593240,489670,Mon Nov 06 02:30:08 +0000 2017,@AppleSupport What's the reply time? I sent an email on Friday. Thanks.,"@489670 If you haven't received a reply, you may be able to call us directly: https://t.co/1OxnSOXiWG"
1593929,489850,Sun Nov 05 21:27:17 +0000 2017,@AppleSupport Steps!? I did the update. Now I have to restart my phone daily to “fix” Some nonsensical issue,@489850 Let's work on this together. Send us a DM to get started. Use this link: https://t.co/GDrqU22YpT
1594948,118279,Sat Nov 04 17:39:19 +0000 2017,Sooo why can’t I see emojis is it because I still have a 6plus? Is there another iOS update?@115858 @AppleSupport,@118279 We're happy to assist. Which iOS version are you currently running? Go to Settings &gt; General &gt; About for the version.
1597638,490762,Sun Nov 05 03:13:11 +0000 2017,@AppleSupport 11.1,@490762 DM us your current country and we can go from there. https://t.co/GDrqU22YpT
1597644,408731,Sat Nov 04 23:55:06 +0000 2017,@115858 @AppleSupport so I’m tired of this glitch on the new ios 11.1 can yall fix it? https://t.co/2fA1vXoXxN,@408731 We'd like to help. Try out this work around until this issue is fixed in a future update: https://t.co/xXaXeeSRt9
1598608,490996,Sun Nov 05 06:08:36 +0000 2017,@AppleSupport @490995 hello this is also happening on my phone too!!! please fix this for everyone!!!!,"@490996 Thanks for reaching out. We have a workaround for this here: https://t.co/xXaXeeSRt9 

DM us if you still need help. https://t.co/GDrqU22YpT"
1600102,491328,Sun Nov 05 01:52:17 +0000 2017,"Honestly fuck this iPhone bug, @AppleSupport, get ur shit together",@491328 Hi there! DM us a few more details about what's going on to start. Thanks. https://t.co/GDrqU22YpT
1600701,491464,Sun Nov 05 01:59:29 +0000 2017,@AppleSupport please fix this typing glitch. It’s driving me insane 😖,@491464 Meet up with us in DM and we'll take a look together and see how we can get this solved for you. https://t.co/GDrqU22YpT
1605484,492490,Sat Nov 04 22:41:58 +0000 2017,"@AppleSupport please, read my DM.",@492490 We’ve received your DM and will continue there shortly. Thank you for your patience.
1605523,492501,Sun Nov 05 06:34:44 +0000 2017,"@AppleSupport iPad Pro 12,9” and iPhone X. iOS 11.1 for the two devices.","@492501 Thank you. Please send us a DM, and we'll meet you there to continue. https://t.co/GDrqU22YpT"
1606804,493582,Sun Nov 05 03:41:15 +0000 2017,@AppleSupport Fwiw the phone will stay locked but my activity will pause - so I have to unlock to restart it. Happens every time I box.,@493582 Are you using a specific app?
1615377,495437,Sun Nov 05 02:31:00 +0000 2017,@AppleSupport why the fuck does the letter I️ it autocorrects to this shit. I️. I️. I️.,"@495437 We're here to help. To start, we recommend following these steps: https://t.co/xU1AGHStV6"
1615469,495465,Sun Nov 05 02:20:15 +0000 2017,@AppleSupport I️ HAVE A COMPLAINT . Why is my letter I️ coming out as a question mark on everything !  It’s irritating me,@495465 Let's try following this article and see if it helps: https://t.co/xXaXeeSRt9
1619316,496394,Sun Nov 05 21:02:20 +0000 2017,@AppleSupport Yes my iPhone does not let me log into my Apple ID,@496394 DM us what happens when you try and log in and if you can log into the Apple ID website without issue (https://t.co/bq19gX3X68) https://t.co/GDrqU22YpT
1623868,497400,Mon Nov 06 03:03:48 +0000 2017,@AppleSupport Just popped up on my iPhone just 3 seconds ago,"@497400 Please, send us a Direct Message. We'll continue with this there. https://t.co/GDrqU2kzhr"
1624976,497654,Sun Nov 05 18:11:22 +0000 2017,@AppleSupport It just says waiting and nothing happens afterwards https://t.co/RAYnyHlO9q,@497654 Got it. If you tap the apps do they pause at all?  Also can you delete them and try to download again?
1626204,497967,Tue Oct 17 14:54:33 +0000 2017,@AppleSupport My Ios version is 11.0.2,@497967 Let's move to DM for a closer look. When did this issue begin? https://t.co/GDrqU22YpT
1626534,498048,Sun Nov 05 14:41:20 +0000 2017,@AppleSupport i’ve just recieve this email. Is it true and safe? Thanks https://t.co/wmTgsTPYLC,@498048 That's a great question! We're here to provide support. Could you DM us and we can begin from there? https://t.co/GDrqU22YpT
1627194,498202,Sun Nov 05 15:33:43 +0000 2017,@AppleSupport Thanks! Hopefully there’s a fix for this soon,@498202 You're welcome. Have a great weekend.
1627569,498295,Sun Nov 05 03:57:17 +0000 2017,What a fuaaaaaaaa! The iPhoneX do not have battery percentage. That’s so stupid and so bad !!!!!! @116333 @115858 @AppleSupport,@498295 Help is here! There are multiple ways to find out the battery percentage. Try invoking the Control Center and you should see it.
1631224,499232,Fri Oct 27 21:06:55 +0000 2017,"@AppleSupport @115858 “updating” implies that the phone will work better, not worse. Seems like that’s unclear to you guys.","@499232 Thanks for reaching out. Are you having issues after updating your device? If so, DM us and tell us what is going on so we can help. https://t.co/GDrqU22YpT"
1631367,499270,Wed Oct 18 04:55:47 +0000 2017,@AppleSupport I was trying to do it from Control Center like I’ve always done. But it works now from Settings. Thank you!,"@499270 Great, thanks for letting us know. If you have other questions, please contact us again. Enjoy your day!"
1632294,499485,Sun Nov 05 17:22:20 +0000 2017,@AppleSupport why has my clock not updated! You made me think I was going to be late today,@499485 Thanks for reaching out. We're here to help. DM us so we can look into this further with you. https://t.co/GDrqU22YpT
1632317,499491,Sun Nov 05 17:16:18 +0000 2017,"EYE did this and EYE still can’t type I, @AppleSupport. See: I I I I I I I https://t.co/BeajJebJtI","@499491 Please, send us a DM. We'll continue with this there. https://t.co/GDrqU22YpT"
1634048,499895,Mon Nov 06 04:30:55 +0000 2017,@AppleSupport iPhone 8 plus with iOS 11.1,@499895 Let's take this to DM so we can better assist you. https://t.co/GDrqU22YpT
1635200,500196,Sun Nov 05 19:01:32 +0000 2017,Any one else see question marks when they type I️  or it suggests I️ ? @AppleSupport https://t.co/ZASzjSGMhf,@500196 Here’s what you can do to work around the issue until it’s fixed in a future software update: https://t.co/xXaXeeSRt9
1636137,500445,Tue Oct 17 07:36:52 +0000 2017,@115858 @AppleSupport iOS 11 has way too many bugs. Makes me wanna switch from my iPhone 7 Plus to android. In great need of HELP!!!!,"@500445 We'd like to help! Please send us a DM with more details, and we'll get started. https://t.co/GDrqU22YpT"
1636572,471758,Sun Nov 05 18:34:00 +0000 2017,"@AppleSupport I’m having issues with my Beats EP heapdphones pausing, fast forwarding and skipping tracks when I’m not using the mic",@471758 We’d like to point you in the right direction to get help. Please reach out to our @159983 team for support.
1636614,500579,Sun Nov 05 22:35:01 +0000 2017,@AppleSupport Nothing I just realized all the icons on the top were MIA just a few days ago,@500579 Have you tried a normal restart of the device? This simple step can resolve issues like this: https://t.co/OWRDHWSt4h
1637080,500691,Sun Nov 05 19:12:47 +0000 2017,"@AppleSupport suddenly my mail app crashes on every launch, messages is crashing, safari is freezing... wtf did you guys break?",@500691 Thanks for reaching out. We're here to help. DM us so we can look into this further with you. https://t.co/GDrqU22YpT
1637116,500705,Sun Nov 05 19:15:01 +0000 2017,"@AppleSupport hello! First off I️ want to say that I️ love the brand, but I️ need a fix for this please 🙏🏽
Thank you! 🤗 https://t.co/MRgMop9dOr",@500705 Here’s what you can do to work around the issue until it’s fixed in a future software update: https://t.co/xXaXeeSRt9
1637836,500885,Sun Nov 05 19:08:14 +0000 2017,"@AppleSupport iPhone 8, 11.1, photos app.",@500885 Thanks for that. Our app specialists would be best able to assist you. Get in touch using this link: https://t.co/IBIY3vMgPj
1640209,161626,Sun Nov 05 20:54:25 +0000 2017,@AppleSupport if I want to trade in my iPhone which still has AppleCare+ can I get a refund for that or do I have to just give it up?,@161626 Thanks for reaching out. This article has more details on requesting a refund: https://t.co/ep4XDv2ien
1640821,330092,Sun Nov 05 22:18:07 +0000 2017,Um hey @AppleSupport @115858 can you please fix this annoying af autocorrect with the new update?? I can’t type I 😐,@330092 Here’s what you can do to work around the issue until it’s fixed in a future software update: https://t.co/xXaXeeSRt9
1640861,501637,Sun Nov 05 22:09:15 +0000 2017,guys this keeps happening whenever i type the letter “i” &amp; it turns into that but when you look at it it’s become a pubs sign @AppleSupport https://t.co/KxuFhS9sJM,@501637 Here’s what you can do to work around the issue until it’s fixed in a future software update: https://t.co/xXaXeeSRt9
1640879,501642,Sun Nov 05 21:10:34 +0000 2017,@501643 @AppleSupport Lol I’m not understanding why tf they bug 5x a day to update and then i finally do it and it’s trash ??,@501642 Here’s what you can do to work around the issue until it’s fixed in a future software update: https://t.co/xXaXeeSRt9
1641346,501782,Sun Nov 05 21:23:50 +0000 2017,"@AppleSupport having problems downloading apps from App Store, what should I do? Username and password is all set it just won’t load 🤔",@501782 We'd be happy to look into this with you. Please DM us so we can gather further details. https://t.co/GDrqU22YpT
1641942,247994,Sun Nov 05 21:58:11 +0000 2017,@AppleSupport stuck on apple logo after updating to 11.1!! Many repots the same around me #iOS11 #iosbug,@247994 We'd like to help get your iPhone working again to enjoy the new update. Which model do you have and any steps tried so far?
1642406,438614,Tue Oct 17 10:00:52 +0000 2017,@AppleSupport how come there is no longer an option on your podcast app to allow podcasts to play next episode when current one ends?,"@438614 You'll want to use the ""Up Next"" feature in order to have continuous playback of your podcasts: https://t.co/gQVExEKnrj"
1642508,502055,Sun Nov 05 23:06:36 +0000 2017,@AppleSupport @115858 Can y’all please fix this eye shit? I’m over it.,@502055 Here’s what you can do to work around the issue until it’s fixed in a future software update: https://t.co/xXaXeeSRt9
1643260,198366,Sun Nov 05 22:57:28 +0000 2017,@AppleSupport what’s going on with the “I’s” https://t.co/YIhRADmZSs,@198366 Here’s what you can do to work around the issue until it’s fixed in a future software update: https://t.co/qODbOsp4wz
1643267,502238,Sun Nov 05 22:54:42 +0000 2017,Explain yourself @AppleSupport https://t.co/P0lmzbDShc,@502238 Here’s what you can do to work around the issue until it’s fixed in a future software update: https://t.co/qODbOsp4wz
1643376,502269,Sun Nov 05 22:45:45 +0000 2017,@339143 I see u updated ur iPhone. @AppleSupport Can't say 'I'. As you can see I refuse to do the update. Battery dies in seconds too. Not cool.,@502269 We'd like to look into this with you. DM us any other details and we'll work with you on these issues. https://t.co/GDrqU22YpT
1643917,502405,Mon Nov 06 21:28:57 +0000 2017,@AppleSupport Thank you !,@502405 You're welcome.
1644531,502554,Sun Nov 05 23:45:35 +0000 2017,"@AppleSupport after leaving a group chat, everytime i am added back my keyboard disappears. so im just watching my friends talk currently",@502554 Let's see how we can help with that. What app is this happening in? What version iOS are you running?
1644546,502559,Sun Nov 05 23:43:06 +0000 2017,My iMessage won't open!  Help @AppleSupport!  did hard reset already. #ios11 #imessage,@502559 Let's figure this out. What happens when you try to open the Messages app? Have you restarted your device?
1644560,271816,Sun Nov 05 23:36:30 +0000 2017,@AppleSupport I know. But that doesn't answer my specific question. Those specs don't say what lens the camera is. I just want to know the focal length.,@271816 If the technical specification isn't outlined in the article provided then that information won't be available.
1645101,502705,Mon Nov 06 00:03:10 +0000 2017,@AppleSupport  why is this magnified showing up randomly? How can I get it to go away? https://t.co/X73F56a71F,"@502705 Hi, send us a DM and tell us more about what you're referring to. We'll continue with this there. https://t.co/GDrqU22YpT"
1645517,502824,Mon Nov 06 00:09:00 +0000 2017,@AppleSupport why is it so hard to contact you about unauthorized charges on my credit card?,@502824 We're here to help. Please reach out directly to our iTunes team so they can look into this with you: https://t.co/SDIe7UiyJN
1646044,377053,Tue Oct 17 11:36:26 +0000 2017,@115858 @applesupport listen here y’all gone do something about my brightness going up &amp; down and my wifi turning off &amp; on.,@377053 We'd love to help. On which device are you experiencing these issues? Which software version are you using?
1646726,503150,Mon Nov 06 11:17:53 +0000 2017,"@AppleSupport I’ve restarted it &amp; still not working, it’s iOS 11.1 I have",@503150 Have you tried turning vibrate on ring via Settings &gt; Sound off and then back on again? Let's dig into this further over DM: https://t.co/GDrqU22YpT
1648447,503597,Sun Nov 05 19:44:46 +0000 2017,@AppleSupport why does this keep happening? I️,@503597 Here’s what you can do to work around the issue until it’s fixed in a future software update: https://t.co/xXaXeeSRt9
1648463,503603,Sun Nov 05 16:06:30 +0000 2017,Hey @AppleSupport why does my phone do the A ? all over social media when someone types “I️” ??? https://t.co/VWESZe0hLH,@503603 Great question. Is this happening with your device or are you only seeing it when someone else types? DM us. https://t.co/GDrqU22YpT
1649057,503741,Sun Nov 05 20:05:07 +0000 2017,"@AppleSupport tengo iPhone SE, como activo el teclado de una mano que solo se desliza para escribir",@503741 We offer support via Twitter in English. Get help in Spanish here: https://t.co/IBIY3vMgPj or join https://t.co/OczyRx7IOs
1650074,504004,Sun Nov 05 20:37:38 +0000 2017,@AppleSupport How do I see update sizes in the App Store for 11.1? Why would you remove this information?,"@504004 While this is normal behavior, we appreciate any product feedback you decide to submit using this link: https://t.co/eTPVYVX94G"
1655537,505229,Mon Nov 06 01:53:46 +0000 2017,@AppleSupport  what’s going on with my phone I️ keep getting question marks with everything I️ type,@505229 Here’s what you can do to work around the issue until it’s fixed in a future software update: https://t.co/qODbOsp4wz
1656127,505363,Mon Nov 06 01:50:41 +0000 2017,I AM FED UP OF SEEING THESE EXCLAMATION POINTS AND BOXED QUESTION MARKS @AppleSupport I need this fixedddd!!!!!!,@505363 Here’s what you can do to work around the issue until it’s fixed in a future software update: https://t.co/xXaXeeSRt9
1656166,505378,Mon Nov 06 01:47:56 +0000 2017,WHY IS THIS HAPPENING @AppleSupport https://t.co/WPpaKYSD6O,@505378 Here’s what you can do to work around the issue until it’s fixed in a future software update: https://t.co/xXaXeeSRt9
1657217,645941,Mon Nov 06 03:09:16 +0000 2017,"@505648 @AppleSupport Yep, have already had to charge my iPhone 3x today! 😩 Not cool. 👎🏻",@645941 We can work with you on this issue. Send us a DM and we'll get started. https://t.co/GDrqU2kzhr
1657754,328705,Mon Nov 06 02:43:28 +0000 2017,Hi only like 1/2 my emojis are loading since the update cc @AppleSupport,@328705 Thanks for reaching out. We're here to help. DM us so we can look into this further with you. https://t.co/GDrqU22YpT
1659131,506198,Mon Nov 06 03:07:12 +0000 2017,@AppleSupport HELP!!! I’m losing my mind!!!!! Nothing is more important to me than proper grammar!!!!! https://t.co/mmbtJJLlAo,@506198 Here’s what you can do to work around the issue until it’s fixed in a future software update: https://t.co/xXaXeeSRt9
1659206,506226,Mon Nov 06 03:01:50 +0000 2017,"@AppleSupport my iPhone X display went black. Phone still works, I get notifications phone calls and text messages. Activity not syncing",@506226  This isn't expected behavior. Please allow us to help. Did you try restarting it? Send us a DM. https://t.co/GDrqU22YpT
1673550,509247,Mon Nov 06 15:18:19 +0000 2017,@AppleSupport How can I prevent my iPhone7 from dying during cold weather runs?!!Was at 92% battery level.After a half hour at 35 degrees!,@509247 We can help with some info on iPhone operating temperatures. Check this article for more info. https://t.co/otCvUAaFQq
1674756,509563,Mon Nov 06 04:57:32 +0000 2017,@AppleSupport FIX THAT MF I️ RN,@509563 Here’s what you can do to work around the issue until it’s fixed in a future software update: https://t.co/xXaXeeSRt9
1676888,510067,Tue Oct 17 15:54:32 +0000 2017,@115858 @AppleSupport I would request you to Design ios12 a fresh and bug-free. Ios11 is buggy and behaving cranky all the times.,@510067 What kind of issues are you having with the iOS update? We can help.
1676977,510091,Mon Nov 06 07:11:18 +0000 2017,"Yo @AppleSupport if eye were u eye would really get someone fixing this problem like hours ago, this is ridiculous.",@510091 Here’s what you can do to work around the issue until it’s fixed in a future software update: https://t.co/xXaXeeSRt9
1676982,510093,Mon Nov 06 06:48:08 +0000 2017,Done with this shit @115858 @AppleSupport https://t.co/bwBraMONv7,@510093 Here’s what you can do to work around the issue until it’s fixed in a future software update: https://t.co/xXaXeeSRt9
1677065,510127,Mon Nov 06 06:28:06 +0000 2017,Hey @AppleSupport @115858 I’m just tryna type I️ .... you know the letter between o and u,@510127 Here’s what you can do to work around the issue until it’s fixed in a future software update: https://t.co/xXaXeeSRt9
1678529,456247,Mon Nov 06 07:15:22 +0000 2017,@AppleSupport @115858 @116333  iOS11 is so buggy my iPhone Crashes &amp; loses battery like hell😡either fix 11 or sign 10.3 again,@456247 Let's work together to get this resolved. Which iPhone &amp; iOS version do you have currently?
1680794,452609,Mon Nov 06 15:40:23 +0000 2017,Dang @AppleSupport we can’t even type I️t ?! This I️ thing is getting out of hand,@452609 Here’s what you can do to work around the issue until it’s fixed in a future software update: https://t.co/xXaXeeSRt9
1680811,511069,Mon Nov 06 11:52:39 +0000 2017,Apple needs to get their shit together and fix this problem I’m annoyed with seeing all the question marks @AppleSupport,@511069 Here’s what you can do to work around the issue until it’s fixed in a future software update: https://t.co/xXaXeeSRt9
1681557,511231,Mon Nov 06 13:36:36 +0000 2017,So y’all aren’t going to fix this “ I️ “ problem ?  @AppleSupport,@511231 Here’s what you can do to work around the issue until it’s fixed in a future software update: https://t.co/xXaXeeSRt9
1681569,511236,Mon Nov 06 13:19:46 +0000 2017,@AppleSupport fix this please https://t.co/hVJFBt9lM4,@511236 Here’s what you can do to work around the issue until it’s fixed in a future software update: https://t.co/xXaXeeSRt9
1683514,511716,Mon Nov 06 14:08:50 +0000 2017,@AppleSupport why is autocorrect changing “I” to I️,@511716 Here’s what you can do to work around the issue until it’s fixed in a future software update: https://t.co/xXaXeeSRt9
1683540,511726,Mon Nov 06 15:08:00 +0000 2017,@511727 @AppleSupport You see it just did it 😂😂😂😂 bout to try an put my keyboard on lower case only 😂,@511726 Here’s what you can do to work around the issue until it’s fixed in a future software update: https://t.co/xXaXeeSRt9
1684441,511894,Mon Nov 06 15:05:04 +0000 2017,@AppleSupport seriously how much longer for these squares and question marks,@511894 Here’s what you can do to work around the issue until it’s fixed in a future software update: https://t.co/xXaXeeSRt9
1688520,245484,Mon Nov 06 20:19:07 +0000 2017,@AppleSupport @512721 After you get done with him can you fix my issue with these question marks on this $1000 phone!!,@245484 Here’s what you can do to work around the issue until it’s fixed in a future software update: https://t.co/xXaXeeSRt9
1689335,512917,Mon Nov 06 16:53:55 +0000 2017,I️ just tweeted this to see if @AppleSupport  fixed the shit yet. Aaaaand well,@512917 Here’s what you can do to work around the issue until it’s fixed in a future software update: https://t.co/xXaXeeSRt9
1690087,513091,Tue Oct 17 16:27:43 +0000 2017,Since I updated my iPhone 7 my phone keeps going mad jumping to apps with out me even touching it sort it out @AppleSupport 😡,@513091 Let's check into this together. DM us which exact iOS version is installed and we'll work from there: https://t.co/GDrqU22YpT
1690567,513239,Mon Nov 06 20:48:55 +0000 2017,"@AppleSupport I have the series 2, that’s updated with the watchOS 4.1!","@513239 Let's make sure you're set up to get the most accurate data. To start, check out the info here: https://t.co/evTpsN4Raj"
1690634,513263,Mon Nov 06 21:05:17 +0000 2017,"@AppleSupport An IPhone 7 Plus and the latest prior to the new ios 11. With WiFi, searching/playing/downloading it doesn't load and with 4G it does.",@513263 You can find your specific iOS version in Settings &gt; General &gt; About on your iPhone.
1691813,513537,Mon Nov 06 19:12:44 +0000 2017,"@AppleSupport Guys, 2 hours ago I did not load my Magic Mouse 2. Any recommendations? 🙃 https://t.co/18jC0L9Yjd",@513537 We'd like to help you out. Reach out to us in DM and we can look into this further with you. https://t.co/GDrqU22YpT
1697394,449386,Mon Nov 06 22:39:27 +0000 2017,Whyyyy can’t I update?! I’m clearly connected to the internet 😡😡😡 @AppleSupport https://t.co/wM5pQrVToN,"@449386 Updates are important. We want to help. Can you load a Safari page?  Also, use this for help: https://t.co/Ui1yTnOCUz"
1697396,514871,Mon Nov 06 22:38:08 +0000 2017,"What is with all these boxes with question marks and exclamation points. 

Steve Jobs WYA @AppleSupport",@514871 Here’s what you can do to work around the issue until it’s fixed in a future software update: https://t.co/xXaXeeSRt9
1698389,515119,Tue Nov 07 01:01:48 +0000 2017,@515120 @AppleSupport NAH NVM ITS STILL NOT WORKING ^^^,@515119 We'd like to look further into this with you in DM. https://t.co/GDrqU22YpT
1698436,179812,Mon Nov 06 23:09:57 +0000 2017,"Dear @AppleSupport 
How do I get rid of this notification??
No, I don’t want to do face recognition. https://t.co/e6707wVtrx",@179812 What happens when you click on the notification? Let us know so we can take a look.
1699842,515487,Mon Nov 06 19:06:58 +0000 2017,"OK... SO @68375 works perfctly!
Now @68376 is on! but I am not receiving text messages on my iphone @AppleSupport",@515487 Let's look into your texting situation together. Which version of iOS is installed on your iPhone?
1699902,515510,Mon Nov 06 18:49:03 +0000 2017,@AppleSupport Do you know if there are any harmful effects from using Face ID on the retina over time? #iphonex #apple #faceid,@515510 We'd like to help. Your safety is our top priority. We have more details here in the Safety section: https://t.co/w0GFEbuI3a
1700008,384104,Mon Nov 06 21:02:40 +0000 2017,@AppleSupport iOS 11.1 when I receive an emoji it has a A in a square,@384104 Let's take this to DM so we can better assist you. https://t.co/GDrqU22YpT
1702066,516060,Mon Nov 06 19:52:25 +0000 2017,Hey Apple you wanna fix this I️ @AppleSupport,@516060 Here’s what you can do to work around the issue until it’s fixed in a future software update: https://t.co/evcqP6KgPj
1702911,516255,Mon Nov 06 20:27:40 +0000 2017,@AppleSupport let your employer and developers know they are bugging. We have all gone long enough with this “I” problem. The A? got to go!,@516255 Here’s what you can do to work around the issue until it’s fixed in a future software update: https://t.co/xXaXeeSRt9
1703934,622400,Wed Nov 08 12:24:46 +0000 2017,@AppleSupport Any fix for this yet? I️ I️ I️?,@622400 Here’s what you can do to work around the issue until it’s fixed in a future software update: https://t.co/xXaXeeSRt9
1704740,516724,Mon Nov 06 20:56:05 +0000 2017,"It’s upsetting me &amp; my home girl cause we feel like, well damn if you can’t use the letter “i” what the hell could you use? @AppleSupport",@516724 Here’s what you can do to work around the issue until it’s fixed in a future software update: https://t.co/xXaXeeSRt9
1706167,517098,Tue Nov 07 01:51:29 +0000 2017,@AppleSupport Yes he stumbles on the Apple logo since the device occurred on version 11.1,@517098 Thank you! Try the steps listed here to resolve the problem: https://t.co/8MvHMFZ83h DM us if you need more help. https://t.co/GDrqU22YpT
1706851,517272,Mon Nov 06 23:32:07 +0000 2017,@AppleSupport But the app?,@517272 Apple welcomes your suggestions regarding Game Center. Here’s a great link to submit your feedback: https://t.co/eTPVYVFyd8
1707003,517318,Mon Nov 06 21:48:07 +0000 2017,@AppleSupport fix this ——&gt; I️ I️ I️ I️ I️,@517318 Here’s what you can do to work around the issue until it’s fixed in a future software update: https://t.co/xXaXefaskH
1707630,474608,Mon Nov 06 22:18:55 +0000 2017,This whole question mark thing is annoying.. explain @115858 @AppleSupport,"@474608 We're here for you. First, let's try the following steps and then restart afterward; see if they help: https://t.co/uQeXsrrlXJ"
1707757,517516,Mon Nov 06 22:00:17 +0000 2017,"@AppleSupport help, please. 🤨🧐🙃 https://t.co/JKPy8K0qNg",@517516 Here’s what you can do to work around that issue until it’s fixed in a future software update: https://t.co/xXaXeeSRt9
1708439,517700,Tue Nov 07 00:19:37 +0000 2017,Say @115858 @AppleSupport GET YOUR SHIT TOGETHER! This I️ glitch is annoying; i’m ready to throw the whole phone away!,@517700 Here’s what you can do to work around the issue until it’s fixed in a future software update: https://t.co/uQeXsrrlXJ
1708449,517702,Tue Nov 07 01:03:27 +0000 2017,"@AppleSupport Thanks, but she already tried that &amp; it didn’t work. This is trying to type “I”, and a ? surrounded by a square turns up.",@517702 We're glad to hear that worked out! Let us know if you need any help in the future. https://t.co/GDrqU22YpT
1709267,517924,Tue Nov 07 00:27:32 +0000 2017,Why my screen records cant record sound no more 😒😒 @AppleSupport,@517924 We'd be happy to help. What version are you using? Have you tried restarting?
1709925,518066,Tue Nov 07 00:44:34 +0000 2017,@AppleSupport Since the new update,@518066 Here’s what you can do to work around the issue until it’s fixed in a future software update: https://t.co/xXaXeeSRt9
1709965,292328,Tue Nov 07 00:34:05 +0000 2017,@AppleSupport I phone support fixed the issue. TY,@292328 Great. Let us know if you have any further questions. We're happy to help.
1709973,518080,Tue Nov 07 07:49:19 +0000 2017,@AppleSupport It happens whenever I call someone! That last question proves this is just some stupid automated response! #appledontcare,@518080 Let’s dig a little deeper to see what we can find out. Let us know what troubleshooting you’ve already completed in DM. https://t.co/GDrqU22YpT
1709976,518080,Mon Nov 13 01:42:25 +0000 2017,@115858 @AppleSupport thank you that did help along with the new update. But now my audio earpiece volume is sorry low even though it is up all of the way. I have tried cleaning it out and have taken it in to an Apple Care representative and they aren't able to figure out whats wrong.,@518080 Let's have a look at this together. Can you please DM us? https://t.co/GDrqU22YpT
1710758,204939,Tue Nov 07 00:55:19 +0000 2017,Damnit @AppleSupport how can “I️” fix this annoying A and question box. It’s disrupting.,@204939 Here’s what you can do to work around the issue until it’s fixed in a future software update: https://t.co/xXaXeeSRt9
1710910,349592,Thu Oct 26 13:27:15 +0000 2017,@AppleSupport why I’m getting this? https://t.co/T4CF8XNZA5,@349592 That e-mail is not from Apple and appears to be a phishing attempt. Learn more about that here: https://t.co/LNMCdqt6fD
1713009,518848,Tue Nov 07 02:18:09 +0000 2017,Ok @AppleSupport @115858 so many are having a problem with these hieroglyphics after updating.. help everyone pls. https://t.co/2J7mgziY4M,@518848 Here’s what you can do to work around the issue until it’s fixed in a future software update: https://t.co/xXaXeeSRt9
1716639,519833,Mon Nov 06 23:11:22 +0000 2017,@115858 @AppleSupport The notification shade bugs out and looks like this!! https://t.co/EDP728MhiC,@519833 We're here to help. Let's take this to DM so we can better assist you. https://t.co/GDrqU22YpT
1718241,520253,Mon Nov 06 23:52:29 +0000 2017,@520039 @AppleSupport @115858 using lowercase i’s is a temporary fix :(,@520253 Here’s what you can do to work around the issue until it’s fixed in a future software update: https://t.co/xXaXeeSRt9
1721771,218005,Tue Oct 17 18:28:14 +0000 2017,Yo?? What happened to the “Call Forwarding” option? It disappeared ??@115990 @115725 @AppleSupport,@218005 Check out this article for more information: https://t.co/QvKO2j07sj You’ll want to be sure to contact your carrier directly.
1724411,521567,Tue Nov 07 02:44:57 +0000 2017,@AppleSupport I️ hate this glitch help,@521567 Here’s what you can do to work around the issue until it’s fixed in a future software update: https://t.co/xXaXeeSRt9
1725262,521801,Tue Nov 07 02:52:03 +0000 2017,@AppleSupport Apple please fix this &gt; I️,@521801 Here’s what you can do to work around the issue until it’s fixed in a future software update: https://t.co/xXaXeeSRt9
1725732,366846,Tue Nov 07 03:06:22 +0000 2017,@AppleSupport when you gonna fix this annoyance? I️,@366846 Here’s what you can do to work around the issue until it’s fixed in a future software update: https://t.co/qODbOsp4wz
1725758,521941,Tue Nov 07 03:01:54 +0000 2017,Yo @115858 @AppleSupport your new IOS is a POS. Have had noting but issues since IOS 11 dropped. #DumpsterFire,"@521941 What sort of issues are you running into? Let us know in DM, and we'll get started on resolving them. https://t.co/GDrqU22YpT"
1726210,522068,Tue Nov 07 03:20:54 +0000 2017,@AppleSupport @115858 mine too. and I just got the 8 and i’m very sad and disappointed,"@522068 Let's see what we can to help with your iPhone. To start, meet us in a DM and tell us what you're experiencing. https://t.co/GDrqU22YpT"
1733826,523609,Tue Nov 07 03:36:02 +0000 2017,@AppleSupport  @115858 the spacebar onmynotebookis stickingplzhelp,@523609 We can help. Which Mac do you own? Is the button physically stuck or pressed down? Have you been able to restart?
1734469,523779,Tue Nov 07 13:35:54 +0000 2017,@AppleSupport Once the phone updated it didn't even ask me to sign back into my Apple account therefore it never signed me back into iTunes.,@523779 Thanks for providing us with that information. Send us a DM and we can continue there. https://t.co/GDrqU22YpT
1734504,527713,Tue Nov 07 15:21:10 +0000 2017,@523791 @AppleSupport Omg it’s so annoying,@527713 Here’s what you can do to work around the issue until it’s fixed in a future software update: https://t.co/qODbOsp4wz
1735066,342533,Tue Nov 07 04:16:11 +0000 2017,@AppleSupport I use hey siri to turn on Bluetooth and she says it already on when it isn't. So I have to go the command center to turn it on,@342533 We're happy to look into this with you. Which device are you using with Siri?
1735092,523949,Tue Nov 07 22:48:41 +0000 2017,@AppleSupport About two weeks ago. And no changes. I didn’t update my phone to 11.1 until a couple days ago,@523949 Thank you.  Please DM us and let's continue looking into this together. https://t.co/GDrqU22YpT
1736063,524155,Tue Nov 07 04:53:50 +0000 2017,@AppleSupport when are you gonna fix the i problem,@524155 Here’s what you can do to work around the issue until it’s fixed in a future software update: https://t.co/xXaXeeSRt9
1738754,257580,Tue Nov 07 16:49:43 +0000 2017,@AppleSupport Can’t connect phone to Bluetooth speaker when could previously &amp; can no longer connect to handsfree device in car,@257580 We'd like to check into this with you a bit further. Please send us a DM with which version of iOS 11 you're updated to. https://t.co/GDrqU22YpT
1740864,525234,Tue Nov 07 14:33:32 +0000 2017,Soooo how do I get my iPhone to stop typing in hieroglyphics? @AppleSupport,@525234 Here’s what you can do to work around the issue until it’s fixed in a future software update: https://t.co/xXaXeeSRt9
1740874,525238,Tue Nov 07 14:28:52 +0000 2017,@115858 @AppleSupport why is my iPhone doing this: I️ I️ I️,@525238 Here’s what you can do to work around the issue until it’s fixed in a future software update: https://t.co/xXaXeeSRt9
1744923,477463,Tue Nov 07 06:28:15 +0000 2017,@AppleSupport seriously why isn’t there a new update that fixes the issues with the current update. My phone has been glitching since Friday https://t.co/tAYhMoZcUU,@477463 Here’s what you can do to work around the issue until it’s fixed in a future software update: https://t.co/xXaXeeSRt9
1746005,526422,Tue Nov 07 08:10:11 +0000 2017,@AppleSupport hii is save if i charge my iphone with ipad charger?,@526422 Hey there. Great question! That won't be a problem at all. Learn more here: https://t.co/w7T6ugRbaM
1746838,526622,Tue Nov 07 09:23:41 +0000 2017,"@AppleSupport - Hi, Need urgent help !!! Rs. 4500 INR got deducted from my account via iTunes.",@526622 We'll help you get to the right place for assistance. Connect with our iTunes Store Support here: https://t.co/SDIe7UiyJN
1746914,526651,Tue Nov 07 16:39:03 +0000 2017,"@AppleSupport No, because I am beta tester, and I have the latest beta release https://t.co/g7iKuMvOey",@526651 Thanks! Let's meet up in DM to check further into this. https://t.co/GDrqU22YpT
1747332,516680,Tue Nov 07 11:21:02 +0000 2017,Comment on fait pour activer les emoji sur ios 7 dans un iPhone 4? Impossible de trouver ça dans les paramètres. @AppleSupport https://t.co/Zt8N15CLdi,@516680 We offer support via Twitter in English. Contact us for help in your preferred language here: https://t.co/IBIY3vMgPj
1747351,526755,Tue Nov 07 16:20:50 +0000 2017,@AppleSupport I️ did not get notifications last night nor did I️ get phone calls per multiple people who advised they called me.,@526755 We understand. Let's take a closer look at these issues together in DM. https://t.co/GDrqU2kzhr
1747379,526766,Tue Nov 07 16:01:35 +0000 2017,@AppleSupport Ios 11.1,@526766 Does restarting your device help? Let us know in DM. https://t.co/GDrqU22YpT
1747969,526919,Tue Nov 07 12:18:44 +0000 2017,@AppleSupport y’all fix this “I” problem yet?,@526919 Here’s what you can do to work around the issue until it’s fixed in a future software update: https://t.co/xXaXeeSRt9
1748035,511686,Tue Nov 07 11:54:44 +0000 2017,Got told many times me and my sister look exactly the same..now Face ID has proved it ! We are not even twins!Fix this plz ! @AppleSupport,@511686 We'd like to look into this further. DM us using the link below. https://t.co/GDrqU22YpT
1748043,526946,Tue Nov 07 11:42:23 +0000 2017,@AppleSupport why do you torture your customers with a dysfunctional password recovery system? Guess what I didn’t receive? https://t.co/Yof8JRoPKT,@526946 Let's reach out to our Apple ID Support team so they can take a look at this. Use this link: https://t.co/UJm15vmMM2
1750439,527516,Tue Nov 07 15:00:30 +0000 2017,"My phone loses its charge SO freaking fast now...haven’t even had it for a year. Wtf. Thanks, iPhone X... @AppleSupport @115858",@527516 We're happy to assist you. DM us at the link below for further assistance. https://t.co/GDrqU22YpT
1752107,527859,Tue Oct 17 21:03:47 +0000 2017,@AppleSupport my iPhone 7 Plus won’t update the the most recent iOS,@527859 Thanks for reaching out. What happens when you try to update?
1752326,527911,Tue Nov 07 15:43:41 +0000 2017,why is my phone still doing this I’ve updated the iOS @AppleSupport @115858 🤔,@527911 Here’s what you can do to work around the issue until it’s fixed in a future software update: https://t.co/xXaXeeSRt9
1752360,116714,Tue Nov 07 15:39:44 +0000 2017,@AppleSupport got this today and looks like a phishing attempt. Can you verify? https://t.co/A6Osq0jZCD,@116714 That is definitely not from us. This article shows how to report a phishing attempt: https://t.co/V2QRdtocGo
1753159,418542,Tue Nov 07 16:01:19 +0000 2017,"@AppleSupport I️ have a brand new iPhone, there should not be any bugs on it BUT THERE ARE",@418542 Thanks for reaching out. Could you give us more details regarding what you are experiencing?
1753183,528105,Tue Nov 07 22:31:22 +0000 2017,@AppleSupport Yes,"@528105 Do you get an error message on your computer when you try to update? If so, please send a photo of the message in DM. https://t.co/GDrqU22YpT"
1753203,528110,Tue Nov 07 15:47:44 +0000 2017,@AppleSupport updated to the new iOS &amp; the battery life of my phone has become just unbearably terrible. Is there anything that can be done?,"@528110 Battery life is important, so let's get to work.  Take a look at these tips and see if they help: https://t.co/bivpdfBNJ6"
1754072,528320,Tue Nov 07 16:22:42 +0000 2017,Is there something wrong with @AppleSupport in general? All of my messages are gone and none of my apps will stay open. 🙄,@528320 We'd like to help. What kind of device are you using and is it on iOS 11.1? You can check in Settings &gt; General &gt; About
1756320,528842,Tue Nov 07 16:44:45 +0000 2017,me still can’t say I️ b/c it will come up weird as you can see @AppleSupport please fix this me would really appreciate it,@528842 Here’s what you can do to work around the issue until it’s fixed in a future software update: https://t.co/xXaXeeSRt9
1757074,529038,Sat Nov 11 19:49:30 +0000 2017,@AppleSupport @118936 when will you put back the feature of turning off auto brightness it’s annoying and killing my battery so inconvenient,"@529038 Thanks for reaching out! That feature is still actually still available, but it just moved to a different place in your settings. Check out the steps here on how to manage that feature: https://t.co/6kLYOEGwNT Let us know if you have any further questions."
1759663,144040,Tue Nov 07 14:59:59 +0000 2017,@AppleSupport ... give it away for repair for 3 days. can you please advise what my options are. this is urgent. thank you so much,@144040 Let's look into this. Send us a DM and we'll go from there. https://t.co/GDrqU22YpT
1760219,529782,Tue Nov 07 21:26:34 +0000 2017,@AppleSupport are you guys gonna fix the I️ problem,@529782 Here’s what you can do to work around the issue until it’s fixed in a future software update: https://t.co/xXaXeeSRt9
1760302,122429,Fri Nov 10 15:23:19 +0000 2017,"@AppleSupport Yeah I’m using a USB port. And sometimes the music app is before and sometimes it isn’t, does it make a difference?","@122429 It could make a difference depending on how your car handles music playback. When your phone is connected via the cable, does your car allow you to switch to Bluetooth for audio through its settings?"
1760317,529813,Tue Nov 07 22:41:30 +0000 2017,@AppleSupport 11.1,@529813 Got it. Does restarting the device bring any of the messages back? DM the answer below. https://t.co/GDrqU22YpT
1760333,529816,Tue Nov 07 22:41:12 +0000 2017,My phone is autocorrecting “I” to some random bs on on Snapchat and it’s driving me fucking insane plz make it stop @AppleSupport,@529816 Here’s what you can do to work around the issue until it’s fixed in a future software update: https://t.co/xXaXeeSRt9
1762791,352911,Mon Nov 27 06:46:59 +0000 2017,"@AppleSupport I noticed my phone battery is draining rapidly from 3 days just after replacement of my phone screen, i want to mention that phone screen replaced by 3rd party shop, bcz phone is out of warranty, so kindly suggest.","@352911 Thanks for further clarifying your situation. Have you reached out to the third-party shop yet about this behavior? Also, in which country are you currently located? Let us know via a DM. We’ll keep moving from there. https://t.co/GDrqU22YpT"
1762925,530396,Tue Nov 07 19:50:01 +0000 2017,"Hey @AppleSupport, some iMessages are coming in duplicate as text messages. Is this a you thing or a carrier thing?","@530396 We'd like some details to assist. Does this occur with a specific contact or any? Also, which iOS does this occur on?"
1764440,530776,Tue Nov 07 20:14:41 +0000 2017,@AppleSupport United States,"@530776 Thanks for letting us know. To continue, please send us a Direct Message using this link: https://t.co/GDrqU22YpT"
1765935,139282,Tue Nov 07 20:55:35 +0000 2017,@AppleSupport what is with this update?! And the question marks????,@139282 Here’s what you can do to work around the issue until it’s fixed in a future software update: https://t.co/xXaXeeSRt9
1767364,531434,Tue Nov 07 21:32:02 +0000 2017,@AppleSupport what the solution for this problem ? https://t.co/Dk22st65mg,@531434 We want to work on this with you. Can you explain what exactly is going on?
1767457,531465,Tue Nov 07 21:23:31 +0000 2017,hey @115858 @AppleSupport your new update has completely wrecked my phone. fix this. thanks.,@531465 Let's work together to figure this out. What's going on?
1768178,531634,Tue Nov 07 22:41:20 +0000 2017,@AppleSupport @4150 haha thanks!,@531634 You're welcome!
1772197,532655,Wed Nov 08 01:29:01 +0000 2017,When is @AppleSupport going to get rid of the stupid question marks everyone is seeing!! 🤬🙄,@532655 Here’s what you can do to work around the issue until it’s fixed in a future software update: https://t.co/xXaXeeSRt9
1772607,532767,Tue Nov 07 23:27:21 +0000 2017,.@AppleSupport why is my phone capitalizing the first letter of random words?,@532767 We'll be happy to look into this. DM us and we'll get started. https://t.co/GDrqU22YpT
1772832,532825,Wed Nov 08 02:31:28 +0000 2017,"@AppleSupport Whatever the latest is when update runs. 11.??? Ok, checked and there is a 11.1 update waiting. Maybe that was addressed. Will download and see.",@532825 That's a great idea. Keep us updated.
1774234,533210,Wed Nov 08 02:59:28 +0000 2017,@AppleSupport https://t.co/rSgkltgaAh,"@533210 Got it. Check out this link to resolve that error message:

https://t.co/Ui1yTnOCUz"
1774851,533376,Wed Nov 08 03:23:25 +0000 2017,"@AppleSupport why am I getting this error?
- I am connected to WiFi with a good connection https://t.co/rJ6zJe96nB",@533376 We'd like to take a look at this with you. Let's continue in DM. https://t.co/GDrqU22YpT
1776304,533786,Tue Nov 07 23:13:26 +0000 2017,"@115858 @AppleSupport I am having a problem and find others with the same. Typing ""I"" on my iphone changes to A and a symbol. Started with latest iOS upgrade. #HELP!",@533786 Here’s what you can do to work around the issue until it’s fixed in a future software update: https://t.co/xXaXeeSRt9
1779265,534588,Wed Oct 11 17:56:35 +0000 2017,"Hi, can’t log in to my @115858 account from my phone... @AppleSupport ...",@534588 We'd like to gather some more information for better troubleshooting. Can you DM us the country you are located in? https://t.co/GDrqU22YpT
1779909,534769,Wed Oct 11 19:24:18 +0000 2017,@115858 @AppleSupport why does my mobile data keep switching off since I updated my phone? Everything worked b4 I had my screen replaced,@534769 We’d be happy to look into this for you. Send us a DM with which device you are using and we'll go from there. https://t.co/GDrqU22YpT
1780425,534906,Wed Oct 11 20:39:14 +0000 2017,"@AppleSupport Doesn’t work. £700 worth iPhone, one year old now I can’t use because I update it. I’m disappointed Apple. #AppleUpdate",@534906 Let's work together to get your iPhone updated. Send us a DM telling us which iPhone you have and what's happening when you update. https://t.co/GDrqU22YpT
1780874,535064,Wed Oct 11 21:40:04 +0000 2017,@AppleSupport my e2011 MBP’s gpu is toasted. Is this replaceable?,@535064 We can check into the options you have to get that issue solved. Could you join us in DM to get started? https://t.co/GDrqU22YpT
1784585,536190,Wed Oct 18 00:20:53 +0000 2017,@AppleSupport I’ve tried re starting twice but still have the same problems,@536190 Which country are you currently located within? Let us know in DM here: https://t.co/GDrqU22YpT
1784598,536194,Tue Oct 17 23:10:54 +0000 2017,"OK, attn #techies I have a question about the new 11.0.3 iOS Is there a way of sending a group SMS? Mine only lets me iMess 😧 @AppleSupport",@536194 There is. Take a look at this article for info on sending a group message on your iOS device: https://t.co/Wu8UVnr4pp
1784897,536275,Wed Oct 11 12:11:43 +0000 2017,"Hey @AppleSupport, latest IOS updates completely wrecked my iPhone 6s. Constant freezing, screen crashing. Not to mention the battery. Help?","@536275 Help has arrived! Is this the most recent iOS 11.0.2? Send us a DM, Greg. Let's see what we can do to help out. https://t.co/GDrqU22YpT"
1785453,159580,Wed Oct 11 13:42:52 +0000 2017,"@AppleSupport, good morning! A client emailed two files to me through my iCloud account. He showed me a screenshot of delivery. It is not",@159580 We don't want any emails being delayed or not received. Is it the same on https://t.co/9bUADNIlYp? Send us a DM to work further. https://t.co/GDrqU22YpT
1785627,536484,Wed Oct 11 11:10:27 +0000 2017,@116333 @AppleSupport hi tim  after updating my phone to ios 11 my phn is giving a lot trouble heating auto shutdown restarting pl help,@536484 We'd certainly like to help look into this with you. DM us &amp; tell us more about what's going on &amp; we'll get started. https://t.co/GDrqU22YpT
1785716,536511,Wed Oct 11 12:27:09 +0000 2017,Everything on the iPhone 5S is Slow after iOS11 update. Why even provide update if it makes phone slow? 🤦🏻‍♂️ @115858 @AppleSupport,@536511 We want to investigate this further. When did you update to iOS 11.0.2? You can send us a DM with your answer. https://t.co/GDrqU22YpT
1786588,536744,Sat Oct 28 23:53:40 +0000 2017,"@AppleSupport Hello, can I make and order and pickup it in your Zürich Apple Store personally? Can't find the info on website. Thank you!","@536744 We'd love to assist. To begin, send us a DM, and we'll get you pointed in the right direction: https://t.co/GDrqU22YpT"
1786870,230664,Tue Oct 17 23:24:55 +0000 2017,"Hey @AppleSupport, I know I can preorder the #iPhoneX on 10/27. But what time 10/27 will that take place? 12:01am Cali time?",@230664 We're excited about the iPhone X as well! Reach out to our Apple Online Store Support team for answers here: https://t.co/8yjRd1Xo0i
1789013,537401,Tue Oct 17 23:46:00 +0000 2017,@AppleSupport does hitting play more/less on a custom radio station affect just that station? All stations? Or Apple Music overall?,@537401 Thanks for reaching out. Fine-tune your custom stations by tapping the star. Use this for guidance: https://t.co/roAVzgPVpH
1789189,537455,Thu Oct 12 18:03:03 +0000 2017,"@AppleSupport Please look into iPhone 8 Plus glitches. I’m on the new iOS 11.0.3 and this still happens when I open a folder, it’s annoying. https://t.co/ulI6CPr9jf",@537455 We'd like to look into this with you. When did this start happening? DM us the answer and we'll continue there. https://t.co/GDrqU22YpT
1789297,537489,Thu Oct 12 18:14:45 +0000 2017,@AppleSupport bug with the music app on the iPhone 6s Plus iOS 11.0.3 Even though there is music playing the lock screen doesn’t show it https://t.co/ci6S0P67kp,"@537489 Thank you for reaching out to us about this. So we know your support options, please DM your iPhone model and country. https://t.co/GDrqU22YpT"
1791311,538078,Thu Oct 12 22:49:58 +0000 2017,"@AppleSupport iOS 11 is draining my battery (iPhone 7 plus), my phone is restarting on its own, and my apps won’t open. https://t.co/soBzDBq3j1","@538078 Let's work together to investigate, so you can get back to using your iPhone normally. Let us know when you upgraded in DM. https://t.co/GDrqU22YpT"
1791812,538193,Wed Oct 18 00:21:31 +0000 2017,@AppleSupport The keypad lags then types more than one of the same number.,"@538193 So that we can avoid having you repeat steps, have you done any troubleshooting on your own so far? DM us and let us know. https://t.co/GDrqU22YpT"
1795322,552829,Wed Oct 18 03:22:16 +0000 2017,@539476 @AppleSupport My phone is now useless. Battery totally drained within two hours after updating 11.0.3. WTF ?  And.... you forced me to make this update.,@552829 We'd like to take a closer look at this with you. Let us know what type of iPhone you're using; we'll go from there. https://t.co/GDrqU22YpT
1795402,539495,Thu Oct 12 09:22:09 +0000 2017,Hi @AppleSupport - why does my phone no longer charge since updating to #iOS11 ? Presume you will fund a new device for me?!,@539495 That shouldn't be happening. Would you tell us more about what's happening and which iPhone you have via DM? https://t.co/GDrqU22YpT
1795843,539623,Thu Oct 12 12:27:24 +0000 2017,"@AppleSupport ""shift"" key to enable slow animations in High Siierra seems to be broken. Any news on when this will get fixed?",@539623 We're here for you! Would you join us in DM please and tell us more about the feature you're wanting to use? https://t.co/GDrqU22YpT
1795943,539650,Thu Oct 12 13:36:33 +0000 2017,@115858 @AppleSupport help https://t.co/l9spWRSKW9,"@539650 We’d love to help explore service options. To start, send us a DM letting us know in which country you are located. https://t.co/GDrqU22YpT"
1797270,163450,Fri Oct 13 20:46:54 +0000 2017,"@AppleSupport @115948 Can you explain what this means? I’m Music subscriber, &amp;b I’d love to hear this album https://t.co/DmHOmYXTQo",@163450 We know it's important to be able to listen to your music and we're here to help. DM us and we'll go from there. https://t.co/GDrqU22YpT
1800873,541109,Wed Oct 18 01:43:21 +0000 2017,"@AppleSupport Using a 128gb iPhone 7,  phone is freezing and will only be fixed by a soft restart, callers can’t hear me, fixed with a soft restart etc",@541109 We want to make sure this gets resolved! Do you have the most recent version of iOS 11.0.3 downloaded? DM us and let us know. https://t.co/GDrqU22YpT
1802443,541597,Fri Oct 13 06:03:50 +0000 2017,@AppleSupport Thanks for successfully ignoring my question. A lot of people are having this issue as you can see btw...,@541597 We'd like to hear about any issues you're experiencing with your device. You can reach out to us in DM at the link below. https://t.co/GDrqU22YpT
1802703,439416,Fri Oct 13 08:38:14 +0000 2017,"@AppleSupport iOS 11, iphone, trying to get the free trial of vscoX - “cannot connect to iTunes Store” - please help.",@439416 We want to be sure you can download apps as you'd expect. We can help! Send us a DM and we'll look into this with you. https://t.co/GDrqU22YpT
1806984,542870,Fri Nov 10 17:35:41 +0000 2017,"@AppleSupport I WAS excited until I wasn't able to download or listen to the album, same thing that happens to me with Beyonce's Lemonade, album that was released ""a few MONTHS ago"" and I was never able to download after o purchased it on iTunes",@542870 We understand and we definitely want to help you get those albums downloaded. Did you run through the previously shared article yet?
1807915,543138,Sat Oct 14 09:01:56 +0000 2017,"Hey @AppleSupport, why does the German Siri write “Tokyo Sushi Restaurant” as “Tokyo Souci Restaurant” when I ask her to remind me?",@543138 We'd be happy to look into this with you more in detail.  Please reach out to us via DM and we'll get started. https://t.co/GDrqU22YpT
1808768,205411,Sat Oct 14 13:42:07 +0000 2017,@AppleSupport it’s happening again! 🙄 https://t.co/oV2x6V7ytk,@205411 Thanks for keeping us updated. Let’s keep working together to get this addressed via Direct Message. https://t.co/GDrqU22YpT
1812249,544450,Wed Oct 18 02:33:53 +0000 2017,@AppleSupport thanks sister looks like i'm going to be looking for a different wifi or whateva,"@544450 If you have access to a computer with iTunes, follow the steps here: https://t.co/80YRnjDFDk  DM us if you have any trouble. https://t.co/GDrqU22YpT"
1813714,544875,Sun Oct 15 08:00:02 +0000 2017,#IOS11 an isssue iphone7 is facing that volume indicator doesn’t come up when adjusting vol.@AppleSupport .need to restart a lot @115858,@544875 We're here to help. In which apps are you adjusting volume? Why are you restarting? DM us these details and we'll get started. https://t.co/GDrqU22YpT
1817746,216860,Mon Oct 16 05:06:22 +0000 2017,"After installing 11.0.2, my iPhone battery is acting like quick sand. Revolutionary features at what cost? Funny! @115858 @AppleSupport","@216860 Battery life is important, and we're here for you. Send us a DM with more information, and we'll get started. https://t.co/GDrqU22YpT"
1817762,546014,Mon Oct 16 04:23:17 +0000 2017,@546013 @AppleSupport BRO I'M FUCKING LOCKED OUT OF MY OWN FUCKING PHONE! EVEN AFTER A RESTORE! I'm beyond pissed rn and I need my phone for tomorrow,"@546014 Let's look into this together. Please DM us and let us know exactly what occurred, and any steps you've tried so far. https://t.co/GDrqU22YpT"
1821619,546863,Mon Oct 16 19:13:20 +0000 2017,@AppleSupport #update 11.0.3 has completely ballsed my iPad. I want to return to the old iOS. Please advise me how.,@546863 That's not expected behavior. Send us a DM with the country that you are located in and we'll proceed from there. https://t.co/GDrqU22YpT
1823685,547438,Sun Oct 15 20:37:03 +0000 2017,"@AppleSupport I have a problem with my alarm .. after updating IOS 11 
I noticed that some times it doesn’t work!!",@547438 We'd be happy to take a look at what's happening with your alarms. Let us know what type of device you're using via DM. https://t.co/GDrqU22YpT
1824714,547770,Tue Oct 17 01:07:02 +0000 2017,@AppleSupport my wife's 1st Gen watch won't charge and just flashes the logo. I've cleaned everything and tried a different charger. Help?,@547770 Thank you for reaching out to us. We want to get you in the right place. Let us know in DM what symbol the watch is flashing. https://t.co/GDrqU22YpT
1824978,403086,Tue Oct 17 02:03:14 +0000 2017,"I finally got the app to work, thanks @AppleSupport","@403086 You're very welcome! We're glad to hear it's working. If we can help in any other way, don't hesitate to reach out. https://t.co/GDrqU22YpT"
1828348,548703,Tue Oct 17 07:25:18 +0000 2017,"@AppleSupport the worst and bad customer service with lack of communication in Apple store mall of emirates Dubai,#apple #iphone","@548703 That's certainly not the experience we want you to have. Please send us a DM with more details, and we'd be happy to look into it. https://t.co/GDrqU22YpT"
1834660,550265,Wed Oct 18 13:00:15 +0000 2017,This new iOS update crash my phone @AppleSupport 😠😠 so mad!!! It won’t even turn back on!,@550265 You've come to the right place. Try the steps in the article below; DM us if you have questions: https://t.co/8MvHMFZ83h https://t.co/GDrqU22YpT
1835272,550401,Wed Oct 18 15:07:04 +0000 2017,@AppleSupport Ok I think I can remove it now but why won’t even accept my card it keeps giving differ reasons on it won’t work,"@550401 That's a good question. To look into this further, we'd recommend connecting with iTunes Store Support: https://t.co/SDIe7UiyJN"
1838237,551009,Wed Oct 18 18:28:37 +0000 2017,@AppleSupport It is IPhone 6 and IOS 11.0.3. All apps take time to open. Even the message I’m typing takes more time than before the upgrade,@551009 Thanks for letting us know. We'd like to look at some additional details. Send us a DM using the link below and we'll continue. https://t.co/GDrqU22YpT
1838892,551134,Tue Oct 17 19:09:19 +0000 2017,@AppleSupport why are you updates so shit to the point that my phone will unlock and then not do anything else?? can I sue?? im so mad,@551134 We want you to be able to enjoy the latest iOS update. Send us a DM and we'll continue with you there. https://t.co/GDrqU22YpT
1840177,551495,Tue Oct 17 21:49:55 +0000 2017,All of my messages and pictures randomly got deleted. Is there an explanation or a resolution? @AppleSupport,"@551495 Let us know via DM the device this is on and when this occurred, then we can look in to this together. https://t.co/GDrqU22YpT"
1840201,551502,Tue Oct 17 22:21:53 +0000 2017,@AppleSupport is there any chance of retrieving data accidentally deleted off my phone and laptop due to having a wonderful break down...,"@551502 We're happy to help out! Join us in DM with more detail about what happened, we can take it from there. https://t.co/GDrqU22YpT"
1840231,551509,Tue Oct 17 22:13:04 +0000 2017,@AppleSupport hi Im from Mexico mi phone it’s not working well since the last IOS can you help me please :(,@551509 We'd be happy to help with your iPhone. Please DM us details on what's happening with your iPhone and we'll go from there. https://t.co/GDrqU22YpT
1847893,553391,Thu Oct 19 21:08:16 +0000 2017,"@266097 @AppleSupport Sorry figured it it!, it’s only tracks the stuff you you eat and the Nutritions involved in it, have to manually do the rest","@553391 Thank you for the update! We're glad you got that sorted. If you need anything else, please don't hesitate to let us know."
1848572,450805,Sun Oct 29 23:47:29 +0000 2017,@AppleSupport what does reach ability mean,"@450805 On supported models, Reachability brings items at the top of the screen down to the lower half of the screen."
1852280,554344,Thu Oct 19 01:13:55 +0000 2017,@AppleSupport How do I turn off iCloud on my iPad and iPhone? How do I stop apps reaching for it?,@554344 Thanks for reaching out to us for support. We would love to help you. Please DM us so that we can troubleshoot together. https://t.co/GDrqU22YpT
1857913,555562,Thu Oct 19 09:59:29 +0000 2017,@AppleSupport please can you help me fix autocorrect  - when typing ‘is’ it autocorrects to I.S. Not good and very annoying. Tks,@555562 We'll help out. Are you updated to iOS 11.0.3? What iPhone model is this? DM with that info and we'll work on sorting this out. https://t.co/GDrqU22YpT
1857927,367401,Thu Oct 19 15:17:36 +0000 2017,"@555564 @AppleSupport Mine drops 30-40% in less than an hour just listening to a podcast and doing basic browsing. I've optimized all I can, per guides. 👎😡","@367401 Hey there, we see you're reporting some battery issues with iOS 11. We'd love to investigate further. Please send us a DM. https://t.co/GDrqU22YpT"
1859019,555847,Thu Oct 19 14:44:54 +0000 2017,"@AppleSupport iPhone 7 Plus, ios11.0.3, 32gb. it works after restart but the lock screen is quite buggy. Sometimes the clock goes missing as well.",@555847 Thanks for reaching out to us for support. We would love to help you. Please DM us so that we can troubleshoot together. https://t.co/GDrqU22YpT
1860571,556175,Thu Oct 19 16:12:31 +0000 2017,"@AppleSupport Yes, weve tried on and off multiple times. Has only really occured since the update that was done to the device prior to the issue occuring",@556175 Thank you. We'd like to further look into this with you. Send us a DM by clicking on the link below. We'll continue there. https://t.co/GDrqU22YpT
1862049,556497,Thu Oct 19 17:47:30 +0000 2017,Cheers @AppleSupport for deleting all my notes! Not the only thing that's happened either 😒 Think it's time to switch to @125607 📱,"@556497 Having those notes ready when you need them is important, and we want to get this resolved for you. DM us and we'll get started. https://t.co/GDrqU22YpT"
1863863,556886,Fri Oct 20 07:46:46 +0000 2017,@115948 @7216 Either is this... I’m a bit disappointed in your categorizing capabilities 😱 @AppleSupport https://t.co/w1ynphDKja,@556886 We'd like to find out more about what's incorrect here. Send us a DM letting us know the discrepancies you're seeing. https://t.co/GDrqU22YpT
1864266,556985,Fri Oct 20 11:42:02 +0000 2017,@AppleSupport why have i been billed £45.20 for netflix??? I dont have it? Never used it! 😑😡😤,@556985 We'd like to help. Did you receive an email showing you've been billed for Netflix from iTunes? Let us know via DM. https://t.co/GDrqU22YpT
1864410,557019,Fri Oct 20 12:33:58 +0000 2017,@AppleSupport where can I send what seems to be a spoof email ( claiming I have won an iphone),@557019  We can help you with that.  Here's how to identify and report fraudulent emails: https://t.co/LNMCdqt6fD https://t.co/GDrqU22YpT
1864418,557022,Fri Oct 20 12:22:04 +0000 2017,Hey @AppleSupport ... ever since I updated my phone it now shuts off every two minutes and restarts and the battery doesn’t charge.. HELP,@557022 Let’s team up to get this addressed. Could you let us know more details via a DM? We’ll keep moving forward from there. https://t.co/GDrqU22YpT
1864712,557111,Fri Oct 20 13:18:47 +0000 2017,My 7+ battery never used to drain this fast and im not even updated to the latest iOS so I'm gonna need you to fucking stop @AppleSupport,@557111 We'd be happy to look into this battery drain with you. Let us know the version of iOS you're running via DM to get started. https://t.co/GDrqU22YpT
1866571,454666,Fri Oct 20 18:31:40 +0000 2017,@AppleSupport why won’t my music app open,@454666 We'd love to help you with your Music app. What happens when you try to open it? Let us know in DM and we'll get started. https://t.co/GDrqU22YpT
1868676,558185,Fri Oct 20 22:45:14 +0000 2017,@AppleSupport Fix the battery issues in 11.0.3. This is ridiculous.,"@558185 If you are having issues with the iPhone, we'll be happy to help. Click the DM link and let us know which iPhone model. https://t.co/GDrqU22YpT"
1870224,558565,Thu Oct 19 18:57:41 +0000 2017,Um @AppleSupport why is this just spinning in the upper left hand corner https://t.co/5ns54ru7fz,@558565 Hi there. That icon means that there is currently activity happening on your network. Learn more here: https://t.co/mjqYh45pOZ
1872079,559029,Fri Oct 20 02:12:02 +0000 2017,"@AppleSupport ordered full price iPhone, express overnight. Fedex lost. your people tell me 4 days to resolve. need it tomorrow!!! android?",@559029 Thanks for reaching out to us for support. We would love to help you. Please DM us so that we can look into this together. https://t.co/GDrqU22YpT
1874888,260547,Sat Oct 21 21:51:07 +0000 2017,"@AppleSupport my phone is good, but I don't think so... my question is if they can change my battery with my apple care. please help me",@260547 Thanks for reaching out to us. We can happily help if you'd reach out to us in DM so we can look at this further. https://t.co/GDrqU22YpT
1875529,559904,Sun Oct 22 00:53:43 +0000 2017,@AppleSupport is it possible to block someone’s calls without blocking their texts?,"@559904 Thanks for reaching out to us. If you block a contact or phone number, you won't receive their text messages. DM questions. https://t.co/GDrqU22YpT"
1875769,559967,Sun Oct 22 03:03:00 +0000 2017,@AppleSupport my WiFi has sucked since I updated to iOS11. How do I resort back to 10?,"@559967 Let us help with what you're experiencing. Please, DM us back the device and the exact iOS version you're using. https://t.co/GDrqU22YpT"
1877561,560447,Sun Oct 29 01:23:33 +0000 2017,"Tiens, cette saloperie d’iPhone deconne sur le passage à l’#heuredhiver  ... #Bug @AppleSupport https://t.co/UDRJUDx9Fg",@560447 We offer support via Twitter in English. Contact us for help in your preferred language here: https://t.co/IBIY3vMgPj
1877719,560493,Sat Oct 21 00:21:35 +0000 2017,@AppleSupport ever since I upgraded to ios11 on the iPhone 7 the speakerphone function functions only intermittently. Is there a resolution to this?,@560493 We'd like to look into this with you. Which version of iOS 11 are you using? Can you please reply in DM? https://t.co/GDrqU22YpT
1880262,262706,Sat Oct 21 04:31:02 +0000 2017,@AppleSupport I've been locked out of messenger on my iPad.,@262706 Let's work together to get you pointed in the right direction. DM us with more details and we'll meet you there. https://t.co/GDrqU22YpT
1880528,561237,Sat Oct 21 07:24:58 +0000 2017,"Cuz that that doesn’t look awful... @AppleSupport @115858 @116333 

Is that making it into public when 11.1 goes live?? Seriously?? https://t.co/MR1ThruV3i",@561237 We appreciate you reaching out to us today. We'll be glad to investigate the notifications issue with you. Please DM us. https://t.co/GDrqU22YpT
1880959,561370,Sat Oct 21 11:11:35 +0000 2017,@AppleSupport with iOS 11.0.3 on iPhone 6s the Battery life still sucks. Fix it now!,@561370 You're in good hands. Let's look into this issue with your battery together. Join us in DM with more information. https://t.co/GDrqU22YpT
1880971,561373,Sat Oct 21 12:16:16 +0000 2017,"@AppleSupport if a software update stopped a 3rd party touch screen working, but the latest one may have fixed it. (1/2)",@561373  Can you DM us some more details about the issue you're having?  What do you mean by 3rd party touch screen? https://t.co/GDrqU22YpT
1881571,561503,Sat Oct 21 12:53:01 +0000 2017,@AppleSupport my ipad's speaker damaged. Reason is unknown. Apple service centre refused to repair it. My favourite device....m really sad 😔 https://t.co/pRCunQeIvJ,@561503 We want to make sure we check all your options. Send us a DM with which country you are located in to start. https://t.co/GDrqU22YpT
1881957,561614,Sat Oct 21 15:52:28 +0000 2017,need a new charger already🙄 @AppleSupport ya’ll are terrible.,@561614 We'd like to see what options we can offer you. Which device are you using with your charger? Send us a DM and we'll help. https://t.co/GDrqU22YpT
1882518,561774,Sat Oct 21 18:23:17 +0000 2017,"Top status bar (wifi, clock, battery) is not rotating on rotation of iPad or is duplicating upon iPad rotation 2/2 @AppleSupport",@561774 This isn't the experience we would hope for you to have with your iPad Pro. Send us a DM and we'll get started on a solution. https://t.co/GDrqU22YpT
1882985,561933,Mon Oct 23 01:17:44 +0000 2017,Hey @AppleSupport How do I get more than five hours out of my iPhone 7 with iOS 11.0.3.  Would last whole day with iOS 10...,@561933 We'd love to look into this with you. We understand how important it is to have reliable battery life. Please DM us to proceed. https://t.co/GDrqU22YpT
1883191,561991,Mon Oct 23 02:14:52 +0000 2017,Let me say this .@AppleSupport. IoS 11.x up to 11.0.3 is the worst operating system ever made for iPhone. Now my books in iBook are deleted,@561991 Deleted files is something we don't expect for a working iPhone. Did you also have standard iBooks files downloaded? Send a DM. https://t.co/GDrqU22YpT
1883281,430150,Mon Oct 23 02:46:31 +0000 2017,"@AppleSupport this new update sucks!!!!! My phone crashes constantly! This is the first time, since I’ve had an iPhone, that it crashes.",@430150 We expect you to have a great experience with the latest version of iOS. Let's work together in DM to investigate further. https://t.co/GDrqU22YpT
1886351,562611,Mon Oct 23 03:42:59 +0000 2017,@AppleSupport has there been a report of phones freezing since the new update? Mine has been freezing and I didnt have this issue prior.,"@562611 It's important for your iPhone to work the way you expect. We're happy to help. To get started, DM us more information. https://t.co/GDrqU22YpT"
1886645,562708,Mon Oct 23 05:57:34 +0000 2017,"@AppleSupport Hi, I’d like to check the battery health of my iPhone.",@562708 Thanks for reaching out to us for support. We would love to help you. Please DM us and tell us what is going on with your battery. https://t.co/GDrqU22YpT
1887470,562933,Mon Oct 23 13:10:57 +0000 2017,"@AppleSupport Hi, I've just had an email come through as an invoice for $19.99 for Apple storage, I don't have an apple account?!",@562933 We'd love to help you with this. What's the email address this message came from? Let us know in DM and we'll get started. https://t.co/GDrqU22YpT
1889033,563337,Mon Oct 23 16:43:44 +0000 2017,"Hey @AppleSupport, IOS 11 is treating my iPhone very well. https://t.co/Yexv2JRMWa","@563337 Let us know via DM the issues that you're experiencing, then we can work with you on resolving it from there. https://t.co/GDrqU22YpT"
1889264,563412,Thu Oct 26 08:32:55 +0000 2017,@AppleSupport It doesn’t happen when using an app. The phone totates the screen at its will! Even if untouched...,@563412 We'd like to gather more information. For your privacy and security please use the link below to send us a private message. https://t.co/GDrqU22YpT
1889306,563426,Sun Oct 22 09:49:25 +0000 2017,@AppleSupport My iPhone 7 battery used to drop 1-2% overnight.Since the ios11 upgrade it drops more than 20%. Why have you done this?☹️😡,@563426 Let's look into what's happening with the battery performance. Send us a DM and tell us the country you're in to begin. https://t.co/GDrqU22YpT
1889350,517364,Sun Oct 22 19:38:17 +0000 2017,@AppleSupport iPhone 7. The phone resets itself a lot now. Copy/paste won’t move the little dot often.,@517364 What's the exact version of iOS it's running? Go to Settings &gt; General &gt; About. Let's dig into this further over DM: https://t.co/GDrqU22YpT
1889602,563510,Sun Oct 22 13:08:23 +0000 2017,@AppleSupport my iPhone 7 will not recognise phone calls either making or receiving,@563510 We're here to help. Do you get a notification that there's a phone call? What happens when you make one? Let us know in DM. https://t.co/GDrqU22YpT
1889667,563530,Sun Oct 22 12:27:12 +0000 2017,Has any one else got #problems with their new @115858 #IPhone8 freezing and glitching on the regular?? @AppleSupport,@563530 Let's look into it together. Certainly not what we want to see on your awesome new iPhone. Please DM us to proceed. https://t.co/GDrqU22YpT
1889697,563540,Sun Oct 22 13:03:08 +0000 2017,"Dear @AppleSupport, why the `kernel_task` is always eating up my CPU? Please, come up with a useful answer. Retina 15”, Mid ’15 #macOS 10.13",@563540 Let's see if we can help understand what you're seeing a little better. Can you DM us more information? https://t.co/GDrqU22YpT
1889700,563541,Sun Oct 22 13:22:07 +0000 2017,@AppleSupport hi. I've been on apple music for a week and i don't have any curated playlists. what should i do?,@563541 You can add an Apple curated playlist to your Library. DM us which device and OS you are using Apple Music on and we'll help. https://t.co/GDrqU22YpT
1890108,563663,Sun Oct 22 15:47:28 +0000 2017,my iphone just went from 100% to 20% in a matter of 3 minutes i'm suing @AppleSupport,@563663 That's not the experience we want you to have with your iPhone. Join us in DM so we may better assist you: https://t.co/GDrqU22YpT
1890342,504053,Sun Oct 22 17:22:01 +0000 2017,@AppleSupport can you guys fix the new update already bc I’m tired of my Bluetooth messing up when connected to my car,@504053 Let's look into this Bluetooth issue for you. What happens when you connect to your car? Let us know in DM. https://t.co/GDrqU22YpT
1891228,563982,Sun Oct 22 19:38:22 +0000 2017,@AppleSupport how do I resolve this issue that I’ve had since upgrading to watchOS 4? Notifications won’t load app icons https://t.co/EXgAJQB5cw,"@563982 Thanks for reaching out! So we can provide you with the best options, reach out to us in DM and we'll continue there. https://t.co/GDrqU22YpT"
1892627,245638,Sun Oct 22 23:18:42 +0000 2017,@AppleSupport in need for support with IOS 11,"@245638 We'd be happy to help. DM us the details of any issue you're experiencing, and we'll continue from there. https://t.co/GDrqU22YpT"
1893987,497020,Wed Oct 18 03:38:30 +0000 2017,@AppleSupport @10190  My phone got hang when watsapp notification came on screen even not able switch off my phone https://t.co/3kNPNy8dDu,@497020 Thanks for the video. Let's work through the steps in this article to see if we can get it restarted: https://t.co/iE95lxiuIy
1894007,564611,Wed Oct 18 03:47:27 +0000 2017,Omg  @AppleSupport fix your fucking phone my battery goes down hella fast,@564611 Let's work together to figure out what's happening. What type of iPhone do you have? Tell us via DM. https://t.co/GDrqU22YpT
1895264,564923,Tue Oct 24 03:23:00 +0000 2017,@AppleSupport i couldnt do anything!! incoming calls isnt appears on screen!! what else i can do ???,@564923 Thank you for reaching out to us. Please let us know in DM if you've been able to restart your iPhone since updating. https://t.co/GDrqU22YpT
1895711,565033,Tue Oct 24 08:32:47 +0000 2017,"@AppleSupport After Ios 11 i cant get onto my Apple id even though I have the right password, it's asking for a phone number i don't have","@565033 Let's look into this together. Please DM us and let us know all about the message you're seeing, and where you're signing in. https://t.co/GDrqU22YpT"
1895795,565054,Wed Oct 18 04:38:52 +0000 2017,"@AppleSupport my phone deleted over 4,000 pictures and videos from my phone for no reason",@565054 We know how important photos and videos are and would like to help. Do you use iCloud Photo Library?
1895895,565079,Tue Oct 24 10:45:37 +0000 2017,"@AppleSupport your new iOS is shocking on 6s never have you put out a worse update, slow, sticky, phone turns off, apps do what they want 😡 https://t.co/djU7P1Nvy5",@565079 We'd like to hear more about what's happening. Please DM us more details about what you've noticed and let's go from there. https://t.co/GDrqU22YpT
1895988,565110,Tue Oct 24 11:26:36 +0000 2017,"so the new IPhone comes out, IOS 11 got dropped, and suddenly my 6s don’t wanna operate 🤔🤔🤔 care to explain @AppleSupport",@565110 We want to make sure your iPhone is working as it should. What's happening specifically? DM us with the details. https://t.co/GDrqU22YpT
1896004,565115,Tue Oct 24 10:52:44 +0000 2017,@AppleSupport my iPhone 6s is very quite all of a sudden 🤷🏽‍♂️. Any suggestions as to why ?,@565115 We'd like to know more so we can work through this with you. DM us with more details; we'll meet up with you there. https://t.co/GDrqU22YpT
1896006,565116,Tue Oct 24 11:26:51 +0000 2017,I really need to know why @115858 has the crappiest battery life since the conception of their hardware. #imisssteve @AppleSupport,@565116 DM us some details on what you’re noticing with your iPhone’s battery. We’ll be glad to take steps towards a resolution. https://t.co/GDrqU22YpT
1896122,565155,Tue Oct 24 13:01:23 +0000 2017,"@AppleSupport since updat to new iOS my phone battery barely lasts 3 hours, charge to 45% with 10 minutes of using it back down 22%???","@565155 Let's work on this together. Here are a few tips to improve battery life, try them out, then DM us: https://t.co/bivpdfBNJ6 https://t.co/GDrqU22YpT"
1897585,121289,Tue Oct 24 17:14:43 +0000 2017,"@AppleSupport #iPhone8Plus. While d'loading App it says- Not signed in istore, asks me 2 click on Review button n lands on a blank screen.",@121289 Let us know which device and OS you're having this issue on in DM and we'll be happy to help and see why this is happening. https://t.co/GDrqU22YpT
1897673,565582,Tue Oct 24 17:12:07 +0000 2017,Hey @AppleSupport my phone says it can't install the iOS 11.0.3 update. Any ideas why? https://t.co/VRG3Kvd1SH,@565582 We're glad you reached out to us today. We understand how important it is keeping your device up to date. DM us here: https://t.co/GDrqU22YpT
1897902,565645,Wed Oct 18 06:18:45 +0000 2017,@115858 my WiFi keeps turning itself on. Will this be fixed in the next update?@AppleSupport,@565645 Hey there! We made some new changes to our Control Center! Here's a great article with more info: https://t.co/vzVz37YMv0
1897902,565645,Wed Oct 18 06:18:45 +0000 2017,@115858 my WiFi keeps turning itself on. Will this be fixed in the next update?@AppleSupport,@565645 Hey there! We made some new changes to our Control Center! Here's a great article with more info: https://t.co/vzVz37YMv0
1898010,136087,Wed Oct 18 05:16:46 +0000 2017,@AppleSupport the 11.0.3 upgrade caused some irritating earpod audio jack issues for iphone 6s. Sound in right ear diminished.,@136087 Let's check into this together. Are you using the EarPods that came with your iPhone?
1898069,565697,Wed Oct 18 13:46:17 +0000 2017,@AppleSupport I scroll up and use the quick access panel. Turn it off and then 5 mins later it has turned itself back on.,@565697 Got it. Controlling Bluetooth and Wi-Fi from Control Center has changed. Here's some info to help: https://t.co/G7BHuQnDS6
1898771,565889,Mon Oct 23 19:52:56 +0000 2017,"@AppleSupport @115858 #iOS 11.0.3 #battery a BIG 👎 disabled app refresh,location servcs , re installed NoHelp. See % 👎in a 1 tweet #iphone7 https://t.co/1Af1DedHXn","@565889 Let us know via DM which device this is on, then we'll be happy to take a look in to this with you from there. https://t.co/GDrqU22YpT"
1900089,566253,Wed Oct 18 05:30:53 +0000 2017,@AppleSupport I’m still running into problems with accessing my Apple Music. Help!,@566253 We'd be happy to look into this with you. Can you provide us details of what you're experiencing with your Apple Music?
1900204,566282,Mon Oct 23 22:34:04 +0000 2017,@AppleSupport @115858 since the iOS 11.0 3 update its been hell with Bluetooth connectivity. Many are having the same issue. Please help,"@566282 We're happy to help. What issues are you having exactly? Also, which device are you having this problem on? DM us, please. https://t.co/GDrqU22YpT"
1901143,566561,Tue Oct 24 01:20:40 +0000 2017,I updated my @115858 6S Plus to iOS 11.0.3. It’s super slow w/ laggy app launches w/ massive battery drain-35% decrease in 1 hr @AppleSupport,"@566561 We'd love to help with your iPhone! Please send us a DM to let us now when you updated, and we'll get started. https://t.co/GDrqU22YpT"
1901157,566565,Tue Oct 24 01:35:18 +0000 2017,"Reasons new iOS update makes me wanna die:
Can’t put someone on speaker?
Literally just 0 volume control??
Ugly AF.
@AppleSupport : fix plz",@566565 We certainly want to help work towards a resolution for these issues. Select the following link to join us in a DM. https://t.co/GDrqU22YpT
1902230,566901,Tue Oct 24 23:22:25 +0000 2017,@AppleSupport help help!! What’s wrong with my phone?? https://t.co/mOaC4M8z1E,"@566901 We'd be happy to take a look at what's going on with your display! Send us a DM, and we'll get started. https://t.co/GDrqU22YpT"
1902831,567070,Wed Oct 25 01:10:38 +0000 2017,"@AppleSupport have had issues with outgoing caller ID not showing up since iOS11 installed, checked settings, factory restore, no luck #help",@567070 Being able to see who's calling is important. Let's see what we can do to help. Let us know in DM what app you are using. https://t.co/GDrqU22YpT
1903114,371017,Wed Oct 25 02:14:03 +0000 2017,@AppleSupport In the last two days my Apple Watch face popped off and now my iPad just went dead. I bought this a year ago. #wtf,@371017 We're sorry to hear your experiencing this at the same time. Join us in DM so we can assist you with these issues: https://t.co/GDrqU22YpT
1903654,199862,Wed Oct 18 10:35:37 +0000 2017,@AppleSupport @AppleSupport Says there’s ink all over the speaker. Is there anything she can do? Will she still be able to use it? Thanks. /2,@199862 We're here for you! Check out this article for tips on cleaning the iPhone: https://t.co/YPGBJvoILX
1903703,567321,Wed Oct 18 09:21:17 +0000 2017,@applesupport Hi! As many others I also got serious battery issues after upgrading my iPhone 6s to IOS 10. It goes from 100-10% in one hour,@567321 We can assist you. Please DM us via the following link and we'll help you from there. https://t.co/GDrqU22YpT
1903705,567322,Wed Oct 18 10:38:25 +0000 2017,"@applesupport 11.0.3 battery drain makes my phone almost unusable! and yes, background refresh, push notifications, etc are all turned off",@567322 We've received your DM as well. We will reply to you in there so we can get started on assisting you with your battery.
1905493,567808,Wed Oct 25 04:40:14 +0000 2017,@AppleSupport my iPhone 7 never had an adapter in the box for my headphones,@567808 Thanks for reaching out. Go ahead &amp; DM us so we can look into this further with you. We'll be glad to help! https://t.co/GDrqU22YpT
1905990,567946,Wed Oct 25 08:11:34 +0000 2017,"Hi @AppleSupport , after installing the latest software update (11.0.3) my iPhone7 has been practically inoperative...","@567946 We know the importance of being able to use your iPhone. Please share a few details with us in DM, and we'll help. https://t.co/GDrqU22YpT"
1906176,567985,Wed Oct 25 11:42:34 +0000 2017,"@115858 @AppleSupport 
Can i have one appointment for all my devices to be fixed?
Thanks,
Loyal customer 😬 https://t.co/C1uQ12kCzM",@567985 We're happy to help you. Send us a DM and let us know what's happening with your devices. We'll go from there. https://t.co/GDrqU22YpT
1906460,568039,Wed Oct 25 11:24:24 +0000 2017,"@AppleSupport - my iPhone 6 upgrade from iOS 10 to iOS 11.0.3 battery draining. Until this occurred, I could go 2.5 days, now only hours 👎🏼",@568039 We'd like to look into the situation together. Let's team up in DM and get going! You can reach us at the link below: https://t.co/GDrqU22YpT
1906582,568076,Wed Oct 25 13:07:29 +0000 2017,"Hey @AppleSupport, If I'm listening to a podcast on the app, why does a song show on my lock screen? I want see what I'm listening to!",@568076 Thanks for reaching out to us for support. We would love to help you. Please DM us so that we can look into this together. https://t.co/GDrqU22YpT
1906929,568173,Wed Oct 25 14:47:00 +0000 2017,@AppleSupport After updating to High Sierra my “replace with” list is empty. Anyway to repopulate that without reinstalling the OS? https://t.co/N4cBZWm7Qg,@568173 We can look into this with you. Do you know if you have a backup of the info on your Mac? Let us know in DM to continue. https://t.co/GDrqU22YpT
1907195,568237,Wed Oct 25 15:31:58 +0000 2017,@AppleSupport  anyway to check the overall health of my battery 5s?,@568237 We'll be glad to assist you. What are you experiencing with your battery? Please DM us where we can troubleshoot further. https://t.co/GDrqU22YpT
1907195,568237,Wed Oct 25 15:31:58 +0000 2017,@AppleSupport  anyway to check the overall health of my battery 5s?,@568237 We'll be glad to assist you. What are you experiencing with your battery? Please DM us where we can troubleshoot further. https://t.co/GDrqU22YpT
1907221,503752,Wed Oct 25 15:11:41 +0000 2017,@406735 @AppleSupport I’m glad I’m not the only one,"@503752 We want you to be able to count on your iPhone; we'll do all we can to help. To start, connect with us here in DM: https://t.co/GDrqU22YpT"
1908647,315081,Tue Oct 24 18:27:00 +0000 2017,"@AppleSupport why is snapchat using 53% of my battery on my iPhone SE, I can’t even go 3 hours without my phone dying when I don’t even use",@315081 We can take a closer look into this. DM us the exact iOS version installed on your iPhone and we'll go from there. https://t.co/GDrqU22YpT
1909094,568716,Tue Oct 24 18:55:02 +0000 2017,@AppleSupport worse updates ever!! Making my phone freeze and drain battery faster - iphone7plus,"@568716 
We'd like to gather some more information for better troubleshooting. Can you DM us the country you are located in? https://t.co/GDrqU22YpT"
1909627,568876,Tue Oct 24 19:57:36 +0000 2017,Dear #ios11 you’ve fucked up my battery 🙂💔 it goes for 100 to 0 real quick 🙂and it takes for ever to charge @AppleSupport fix your shit plz😒,@568876 We want you to be able to rely on your battery and would like to look into this with you. DM us about your battery issue. https://t.co/GDrqU2kzhr
1910233,518417,Tue Oct 24 21:43:32 +0000 2017,@AppleSupport bring back being able to see the cover of the music on your lock screen I dislike this new update,"@518417 Let's team up on this. Send us a DM with the device you're experiencing this on, and we'll go from there. https://t.co/GDrqU22YpT"
1911395,569386,Thu Oct 26 17:23:44 +0000 2017,@AppleSupport @53755 fix bug in OS11 or reinstall OS10.Since update my phone getting appsgetting crashed phone heating can’tmakecalls,@569386 We want to ensure you're able to use your iPhone properly after the update. Let's look into these troubles over in Direct Message. https://t.co/GDrqU22YpT
1911395,569386,Thu Oct 26 17:23:44 +0000 2017,@AppleSupport @53755 fix bug in OS11 or reinstall OS10.Since update my phone getting appsgetting crashed phone heating can’tmakecalls,@569386 We want to ensure you're able to use your iPhone properly after the update. Let's look into these troubles over in Direct Message. https://t.co/GDrqU22YpT
1911702,569471,Thu Oct 26 18:05:12 +0000 2017,@AppleSupport Since I updated my iPhone 6 Plus and my iPad Air to iOS 11.0.3 I stopped receiving notifications from several apps...,@569471 We'd like to gather some more information for better troubleshooting. Can you DM us the country you are located in? https://t.co/GDrqU22YpT
1913131,569868,Sat Nov 25 08:47:26 +0000 2017,@AppleSupport IOS 11.1.2 is killing the battery.  Not charging while plugged in. I have to unplug then plug back in for charging to work. I don't have time for this crap. FIX IT!!!!   It didn't do that before... It stayed charged all the time. Also Home and lock screen suck batry,@569868 We'll gladly assist with your power issues. Please join us in DM where we can do that. https://t.co/GDrqU22YpT
1915864,181928,Thu Oct 26 02:15:03 +0000 2017,Every since I did the new #software update on my @AppleSupport #IPad it’s worked like crap with many glitches! So annoying! #AppleNews #crap,"@181928 Glitches are no good, let's take care of that. Please send us a DM with the details, we'll meet you there to help. https://t.co/GDrqU22YpT"
1918036,571240,Thu Oct 26 04:11:17 +0000 2017,Where’s my status bar in the home screen? @AppleSupport #iOS11 https://t.co/b6gNQgt1jD,@571240 We'd like to look into this with you. DM us which iPhone and version of software you're using and we'll get started. https://t.co/GDrqU22YpT
1918142,571271,Thu Oct 26 04:56:01 +0000 2017,@AppleSupport yooo my phone has been tweaking since the update,@571271 Thanks for reaching out to us. We are always happy to help. Send us a DM and tell us what's going on so we can help you there. https://t.co/GDrqU22YpT
1918492,571363,Thu Oct 26 09:00:27 +0000 2017,@AppleSupport my apple music is not working. It is asking my to subscribe even though i am already a member. And yes you have taken my £££,@571363 We're happy to look into this issue with you. Please let us know in DM which device you're using with Apple Music to start. https://t.co/GDrqU22YpT
1919727,416974,Thu Oct 26 13:07:06 +0000 2017,@115948 @115858 @AppleSupport every time i try to play something it tells me to choose a plan. i very obviously am already subscribed. this isn’t what i am paying for....,"@416974 Let's look into this together. Send us a DM with any troubleshooting steps you've tried, and we'll go from there. https://t.co/GDrqU22YpT"
1920102,571623,Wed Oct 18 15:16:18 +0000 2017,@AppleSupport I have the latest version of iOS- I just downloaded it yesterday,@571623 What happens when you try to change songs? Are you using Apple Music or is it something else?
1920128,571627,Thu Oct 26 14:27:22 +0000 2017,@115858 @AppleSupport why is my iMessage messing up. I will not buy the iPhone 8,"@571627 We'd like to look into this with you. Send us a DM with more information about what's going on, and we'll go from there. https://t.co/GDrqU22YpT"
1921625,572054,Fri Oct 27 01:26:16 +0000 2017,"After i updated my phone to iOS 11, suddenly i lost my iCloud Drive app... @AppleSupport I wonder....",@572054 On iOS 11 you can access your iCloud Drive files from the new Files app. Let's continue working together in DM. https://t.co/GDrqU22YpT
1921709,572075,Fri Oct 27 01:30:45 +0000 2017,@AppleSupport updated to the iOS 11.0.3 now I have an iPhone 6s that won’t work!,@572075 We'd like to hear more about what's happening with your iPhone 6s. Please send us a DM with details of what's happening. https://t.co/GDrqU22YpT
1924566,180070,Thu Nov 16 16:23:34 +0000 2017,@AppleSupport Just restarted my phone. It wentback to okay. Im not sure why it lags like that all of a sudden. Is it normal? I don’t think so. Is it bcos of the new ios update?,@180070 Great! We're glad it's back to normal again. Sometimes a simple restart is all it takes.
1924737,572903,Fri Oct 27 06:19:50 +0000 2017,"@AppleSupport 

My Macbookpro does not turn on now my last use was end of September",@572903 You've come to the right place. Begin with the steps in the article below and DM us the results: https://t.co/RqWW0duJ0U https://t.co/GDrqU22YpT
1924774,572911,Thu Nov 16 15:41:25 +0000 2017,@AppleSupport My iMessage app and I have a iPhone 6s.,@__noname____ Thanks. Let's look into that further. Send us a DM and we'll go from there. https://t.co/GDrqU22YpT
1924830,572923,Thu Nov 16 10:57:18 +0000 2017,"@AppleSupport No, all green!","@572923 Ok, thank you. Let's take a closer look at this together. Please DM us about this Mail issue and we'll continue there. https://t.co/GDrqU22YpT"
1924837,572923,Tue Nov 14 10:39:05 +0000 2017,"@AppleSupport Retina 5K, 27-inch, Mid 2015 High Sierra. Mail: Not syncing with gmail/g suite. Messages: Can't use Gooogle chat on it anymore... Would I need to use different app as a desktop client for google chat. If yes which one? Cheers","@572923 Perfect, thank you. Do you have other mail accounts on your Mac? If so, are they syncing without issues?"
1925030,572987,Fri Oct 27 06:31:30 +0000 2017,"@AppleSupport does new IOS has some issues, I m facing some hanging issues with my iphone 6 32gb","@572987 We'd like to look into this with you, please join us in DM and let us know which iOS version is installed to get started. https://t.co/GDrqU22YpT"
1925557,573128,Fri Oct 27 09:19:18 +0000 2017,@AppleSupport are there any plans to roll back iOS to one that works properly while you fix the updated version? So buggy :-(,@573128 We are here to help. What's going on with your device? DM us the details and we'll work together to get things sorted. https://t.co/GDrqU22YpT
1925614,573148,Fri Oct 27 10:40:20 +0000 2017,@AppleSupport using Apple Watch to unlock my iMac seems to work only 40% of the time. Late 2015 iMac. Apple Watch Series 3. Latest OS. 😞 https://t.co/ap1uXtYxhZ,"@573148 We can help out! Meet us in DM so we can look in to this with you further, then we can work together to resolve this. https://t.co/GDrqU22YpT"
1926205,573273,Fri Oct 27 09:58:01 +0000 2017,@AppleSupport @115858 @116333 this makes no sense....apple‘s apps are killing my battery! It is noon and im almost on 20% iPhone7 https://t.co/O3kui4KqNT,@573273 Let's look into this battery issue for you. How many hours does a full charge usually last? Let us know in DM. https://t.co/GDrqU22YpT
1927242,573556,Fri Oct 27 14:52:02 +0000 2017,@AppleSupport can you fix ios 11?? It’s making my brand new iphone 7 run horrible. Foh,@573556 We'd like to work on addressing any issues you're having. Let us know in a DM which iOS 11 version you're using. https://t.co/GDrqU22YpT
1928273,249471,Mon Oct 30 03:19:39 +0000 2017,"@AppleSupport Thanks, but it looks like the problem solved itself. Suddenly the alarm started working even when locked.",@249471 That's great to hear. You're very welcome. Please contact us with any additional questions. Have a great week!
1930851,574571,Sat Oct 28 11:21:26 +0000 2017,@AppleSupport any reason why my series 3 watch resets every time I try to use Siri?,"@574571 This isn't expected and we'd like to help. Is it restarting, or resetting completely? Let's move to DM for a closer look. https://t.co/GDrqU22YpT"
1931130,299764,Sat Oct 28 13:28:45 +0000 2017,@AppleSupport But no email has come yet. Is there a way to lookup the reservation number to complete the order myself?,"@299764 Hello, which country are you located in? Let us know in DM and we can then get you pointed in the right direction. https://t.co/GDrqU22YpT"
1932412,195491,Sat Oct 28 18:23:49 +0000 2017,Only can’t move apps out of folders I think it’s ios11.03 bc other iPad on ios11.0 &amp; it’s fine @AppleSupport,@195491 It's important to be able to organize apps; we'll do all we can to help. Do these steps do the trick? https://t.co/HCNNE423U4 https://t.co/GDrqU22YpT
1933192,575261,Sat Oct 28 21:36:21 +0000 2017,@AppleSupport my imac got bricked because an update got trigger while my user dir was encrypting. Any suggestions?,"@575261 We'll do all we can to help with your iMac. What do you currently see on screen? DM us, and we'll pick back up there. https://t.co/GDrqU22YpT"
1936036,575999,Fri Oct 27 19:20:29 +0000 2017,@AppleSupport ... battery is going so quickly and a couple of apps are simply not functioning...,"@575999 We're here to help you with your iPhone. DM us more about what happens when attempting to use your apps, and we'll begin there: https://t.co/GDrqU22YpT"
1936627,187947,Fri Oct 27 21:25:49 +0000 2017,#ios11 restart of the day -with no data going in/out it continually spins and the only way to make it stop is to restart #FYI @AppleSupport https://t.co/gaRgRosc6M,@187947 Let’s work together on this behavior. Could you let us know more details via a DM? We’ll move forward from there. https://t.co/GDrqU22YpT
1936746,576189,Wed Oct 18 15:48:54 +0000 2017,@AppleSupport Standard photos work. The time lapse works. Video and slo-mo do not work. It is happening with the app and third party apps too.,@576189 Have you restarted your iPhone since updating? What happens when you try to use Video or Slo-Mo within the Camera app?
1937218,576315,Fri Oct 27 23:17:30 +0000 2017,"@AppleSupport I will buy an iPhone8 in the USA, I need to use it with a company in MEX and another company in the USA any recommendations?","@576315 To see how we can help, please let us know in DM if you are asking about carriers that can be used with an iPhone 8. https://t.co/GDrqU22YpT"
1940496,577148,Sun Oct 29 20:40:12 +0000 2017,@AppleSupport deleted all of my photos from my album??? What is going on. Lost so so many memories,@577148 We've got you covered. Can you tell us if the iCloud Photo Library is enabled? Thanks.
1940901,577210,Sun Oct 29 21:40:23 +0000 2017,@AppleSupport why tf does my phone drop from 100%-20% in 12 seconds but charge back to 100% in 6 seconds?????,@577210 That doesn't sound right. We'll be happy to work with you to get to the bottom of this. Please DM us the iOS version running: https://t.co/GDrqU22YpT
1941470,577360,Sun Oct 29 22:53:05 +0000 2017,@AppleSupport give me a new update where my phone doesn’t freeze constantly and eat chodes all the time,@577360 We'd like to look into the freezing with you. Please send us a DM with which version of iOS 11 you're using. https://t.co/GDrqU22YpT
1941665,577408,Sun Oct 29 22:29:58 +0000 2017,@AppleSupport  https://t.co/i35StbD2bE,@577408 Thanks for that screenshot. Is there anything you're able to do to get the overlay off the screen?
1943287,577782,Mon Oct 30 02:30:07 +0000 2017,@AppleSupport my iPhone 7 is on airplane mode and still receives and sends msgs. Help pls,@577782 Let's look in to this together and figure out what is occurring. Which version of the iOS is installed on your iPhone? https://t.co/GDrqU22YpT
1943601,577847,Mon Oct 30 02:19:14 +0000 2017,Are all your physical stores oriented to working with reverse logistics?@AppleSupport,"@577847 To make sure we're on the same page, are you referring to our Apple Recycling Program: https://t.co/vXHgyU2xO9"
1947684,359396,Mon Oct 30 09:43:26 +0000 2017,@AppleSupport can someone message me about Apple Pay ASAP please,@359396 We'd certainly be more than happy to talk to you about Apple Pay. Please join us in DM and let us know how we can help. https://t.co/GDrqU22YpT
1947983,578800,Mon Oct 30 09:38:25 +0000 2017,@115858 @AppleSupport I have a MacBook and iMac but need new software to be able to download apps. How would I get new software?,@578800 You can update your software through the App Store. This article explains how: https://t.co/CyQnCwrXCa
1948202,578848,Mon Oct 30 14:20:07 +0000 2017,"@AppleSupport is my iPhone 6S too old (less than 2 years bought from Apple Store), or is it not built for iOS 11. Battery doesn’t last now",@578848 Thanks for reaching out and we'd like to look int this with you. Send us a DM with more information about what's going on: https://t.co/GDrqU22YpT
1948290,578861,Mon Oct 30 12:12:37 +0000 2017,"@AppleSupport my alarm didn’t go off this morning, it just vibrated. This has happened multiple times since updating to iOS11","@578861 Let’s look into this together. To start, can you tell us the version of iOS 11 your device is on?"
1951508,579563,Sun Oct 29 22:27:54 +0000 2017,"@AppleSupport Solved! 👍🏻
Thank you",@579563 That's great news! Glad to hear it's resolved. Reach back out if you need us in the future. Take care.
1951858,326822,Sun Oct 29 15:27:54 +0000 2017,@AppleSupport Yes,@326822 Thank you. Please send us a DM and tell us what version of iOS is on your iPad under Settings &gt; General &gt; About &gt; Version. https://t.co/GDrqU22YpT
1952313,579731,Sun Oct 29 15:34:09 +0000 2017,"@AppleSupport My camera quit working, no apps that use the camera will open it either. I get notifications hours after I have already saw said content.",@579731 Which iOS version are you running in Settings &gt; General &gt; About &gt; Version? Have you restarted your iPhone? Let us know in DM: https://t.co/GDrqU22YpT
1954523,580189,Sun Oct 29 18:37:22 +0000 2017,@AppleSupport what should i do?. https://t.co/CfQfc1386K,@580189 We can help. It appears you've started the account recovery process &amp; it will take about 5 days to complete. DM us any questions. https://t.co/GDrqU22YpT
1955495,580404,Wed Oct 18 16:59:14 +0000 2017,@AppleSupport Is this fake or real email?  Thanks https://t.co/8zxmyebscB,"@580404 Let's take a look at this for you. What email address did the message come from? 
Let us know in DM. https://t.co/GDrqU22YpT"
1957010,580725,Mon Oct 30 04:42:55 +0000 2017,Hey @115858! Thank you for making my phone act up even more with this update. I appreciate it so much. @AppleSupport much love,@580725 That's not the experience we want you to have. We'd be happy to see how we can help. Which iPhone and iOS version are you using?
1957954,580921,Mon Oct 30 19:53:07 +0000 2017,"@AppleSupport I totally understand the change, but it’s a backwards change. Why not allow us to toggle Wi-Fi/Bluetooth on/off?! It’s terrible!",@580921 We certainly invite your feedback here: https://t.co/oWzjJxkvlC We hope that the changes work well for you in the future.
1957988,580925,Mon Oct 30 17:56:11 +0000 2017,"Why can’t I download anything from the AppStore? Man if this is all iOS 11, then this sucks. @AppleSupport",@580925 We'd like to take a look at what's going on with your App Store. What happens when you try and download? Do you get an error?
1958499,581190,Mon Oct 30 20:47:24 +0000 2017,@581041 @AppleSupport Screwed my phone for good measure,@581190 We want to help. Please DM us details of the issues you're having with your iPhone and we'll work together there. https://t.co/GDrqU22YpT
1960601,581512,Mon Oct 30 22:15:24 +0000 2017,"@AppleSupport I haven’t added the photos they were taken a couple of years ago &amp; suddenly appeared at the end, this happened the other day with others.","@581512 In order to look into this a bit futher, we'll need to know where you're located. DM us and we'll work on a plan with you. https://t.co/GDrqU22YpT"
1963189,582090,Tue Oct 31 01:29:23 +0000 2017,@115858 @AppleSupport when are you going to take accountability for the fact your updates have ruined our phones?! I never have a battery...,@582090 We certainly want to look into the problem with your battery. Send us a DM with which version of iOS you're updated to. https://t.co/GDrqU22YpT
1963707,582219,Tue Oct 31 02:35:57 +0000 2017,"@AppleSupport my iphone 6s has been chalk full of issues since osx11 !  Screen flickering, false storage alerts, keyboard vanishing! All apl","@582219 We want your iPhone to function normally, &amp; we can definitely help out. To start, DM us the version of iOS 11 your iPhone is on. https://t.co/GDrqU22YpT"
1964008,176635,Tue Oct 31 03:10:59 +0000 2017,@AppleSupport I changed my email password . Is there anything else I can do ?,@176635 We know your account is important and we want to help you ensure everything is as secure as possible. DM us and we'll go from there. https://t.co/GDrqU22YpT
1966017,582724,Wed Oct 18 16:40:01 +0000 2017,@AppleSupport hey! Where can I forward a fraudulent email? Thanks,"@582724 Let's help. To report phishing emails, please check out: https://t.co/LNMCdqt6fD"
1966035,582729,Wed Oct 18 16:30:11 +0000 2017,@AppleSupport i think the bug with music is still occuring. using spotify but it doesn’t appear on the lock screen or scroll up bar https://t.co/E2cjLugL0b,"@582729 If you're not having any issues controlling the Music app, begin with these steps: https://t.co/fUZ0NRJxcn"
1966600,582811,Tue Oct 31 13:51:12 +0000 2017,@AppleSupport iPhone 6s and the latest iOS version,@582811 Thanks. Use the link to meet us in DM so we can dig deeper into what you are experiencing. https://t.co/GDrqU22YpT
1967955,583134,Tue Oct 31 12:49:23 +0000 2017,@AppleSupport why is my iphone 7+ losing 40-50% of the battery while i don’t use it (8-11 hours)?,@583134 We want to make sure your iPhone works the way you expect it to. Let's get paired up in DM to get started. https://t.co/GDrqU22YpT
1968138,583177,Tue Oct 31 15:43:40 +0000 2017,@AppleSupport in terms of design. A company based on that premise is severely backwards now.,"@583177 If you're having issues with your iPhone, we'd like to know more. Reach out to us via DM with the details. https://t.co/GDrqU22YpT"
1969215,583405,Tue Oct 31 15:39:18 +0000 2017,And my iPhone touch screen has stopped responding @AppleSupport,@583405 We'd like to gather some more information for better troubleshooting. Can you DM us the country you are located in? https://t.co/GDrqU22YpT
1969592,583467,Tue Oct 31 16:12:23 +0000 2017,"Hello @AppleSupport ,

Do you also sell a plug to prevent energy leaking out of mij iPhone battery..?","@583467 Reach out to us in DM and let us know the type of iPhone you have, then we can look into any battery drain issue together. https://t.co/GDrqU22YpT"
1969667,583485,Tue Oct 31 16:29:48 +0000 2017,"@AppleSupport Yeah, it’s been draining my battery since I updated a little over a week ago. https://t.co/Ep4CcCP8pz",@583485 Thanks. DM us using the following link and we'll continue working with you on this issue there. https://t.co/GDrqU22YpT
1969986,583583,Tue Oct 31 16:53:02 +0000 2017,Yooo 👋🏾 @115858 @AppleSupport  sooooo what’s up with this battery dying fast right after I updated to iOS 11??? ☹️,@583583 We want to help with your iPhone's battery. DM us details on the issues you're having and we'll work with you there. https://t.co/GDrqU22YpT
1971418,583952,Wed Nov 01 17:15:51 +0000 2017,@AppleSupport I*,@583952 Let's check this out together. Follow us to DM and we'll take a closer look. https://t.co/GDrqU22YpT
1973399,584436,Tue Oct 31 01:50:04 +0000 2017,@AppleSupport why is apple now requiring you to add a payment method for apps what if you didn’t have a payment method,@584436 We have a helpful article that may explain what you are seeing: https://t.co/rnB74M0zio
1973620,212523,Wed Oct 18 17:21:40 +0000 2017,@AppleSupport in two hours iOS 11.0.3 has taken my iPhone 6 Plus’ battery from 100% down to 26% with normal usage. https://t.co/IexT3ef7Zc,@212523 We'd like to look into this with you. Could you please send us a DM so we can gather some info? https://t.co/GDrqU22YpT
1973824,568411,Wed Nov 01 09:28:15 +0000 2017,@115858 @AppleSupport the last few updates have messed my phone up. It’s constantly freezing and crashing. Sort it outttttt 😒😒😒,@568411 Thanks for reaching out to us. We are always happy to help. Send us a DM so we can look into this with you together. https://t.co/GDrqU22YpT
1974161,161904,Wed Nov 01 13:53:07 +0000 2017,@AppleSupport Reachability is not working on my iPhone 8 Plus. Is it a OS bug or device issue? Pls help.,@161904 We'd like to see how we can help. Send us a DM of the iOS version you have installed on your iPhone and we'll get started. https://t.co/GDrqU22YpT
1975813,585110,Tue Oct 31 17:39:41 +0000 2017,@AppleSupport 11.0.3 - all up-to-date.,"@585110 We just released iOS 11.1. Let's go ahead and back up, update, and then test the device, please."
1976139,585202,Wed Nov 01 17:21:12 +0000 2017,@AppleSupport hi... the I️ on my keyboard isn’t working since I️ updated it. Whenever I️ type I️ it’s comes up at boxes. how do I️ fix it?,@585202 Let's get to the bottom of this together. Please DM us and let us know which device and software version you're using. https://t.co/GDrqU22YpT
1976922,585417,Wed Oct 18 17:29:55 +0000 2017,IOS 11 is the worst! Can’t even see what I’m typing or dictating &amp; screen gets stuck sideways. 😡 @AppleSupport @115858 Please fix this! https://t.co/ruGbucOlaX,@585417 We want you to be able to finish your list. Are you creating the list and it won't scroll up to show the last item?
1978171,585739,Tue Oct 31 17:35:31 +0000 2017,@585740 @AppleSupport Would be nice... really getting fed up with this,@585739 We'd like to help with any issues you're seeing. Please let us know which version of macOS you're using &amp; steps you've tried.
1980400,586237,Tue Oct 31 21:58:47 +0000 2017,"@AppleSupport Yes, still happens after restarting my Mac. Version is 10.13.1 Beta (17B46a) https://t.co/sRLQBMns41","@586237 Thanks for confirming. Let's move over to DM, where we'll work through this together. Send us a message using the link below. https://t.co/GDrqU22YpT"
1980864,586368,Wed Oct 18 18:03:01 +0000 2017,@149329 @AppleSupport any reason why I had a few text messages timestamped in the morning that didn’t arrive until the evening?,@586368 Thanks for reaching out. We're here to help. DM us so we can look into this further with you. https://t.co/GDrqU22YpT
1980931,586386,Wed Oct 18 17:31:02 +0000 2017,Ever since I updated my phone the other night it’s been soooo slow and laggy @AppleSupport pure bs,@586386 Send us a DM and let us know what version of iOS 11 you're running. We'll get started. https://t.co/GDrqU22YpT
1981108,427003,Tue Oct 31 23:53:29 +0000 2017,@AppleSupport I️ want my question answered,@427003 We want to help you with this issue. Please send us a DM with what iOS version you have on the iPhone. https://t.co/GDrqU22YpT
1981169,117100,Wed Nov 01 00:15:22 +0000 2017,@AppleSupport  look at this https://t.co/4KaJOn9FSl,@117100 Lets take a closer look into this issue. Select the following link to join us in a DM and we'll go from there. https://t.co/GDrqU22YpT
1981863,586640,Thu Nov 02 15:58:07 +0000 2017,@115858 @AppleSupport actually not sure if you read this complaint correctly since the glitch screwed that up too 🤔,@586640 We’re glad you reached out. Let us know which version of iOS you’re running in DM. We’ll continue there. https://t.co/GDrqU22YpT
1982315,586774,Thu Nov 02 16:50:09 +0000 2017,@AppleSupport I️,@586774 Let's gather some additional information about your iPhone. DM us which iPhone you have and the iOS version it's running. https://t.co/GDrqU22YpT
1982662,586865,Wed Nov 01 19:59:09 +0000 2017,"On a perfectly preserved iPhone 6s battery with iOS 10.x lasted 3 days, iOS 11.3 drains battery in less than 20 hours @AppleSupport help!!!","@586865 We're happy to do everything we can to help. To start, please DM us with the country where you're located. https://t.co/GDrqU22YpT"
1982830,477141,Wed Nov 01 20:16:43 +0000 2017,@AppleSupport iOS 11.1 is so bad my phone crashes whenever I try to make a phone call.,"@477141 Let's work on a solution together. To start, DM us with the country where you're located and model iPhone you're using. https://t.co/GDrqU22YpT"
1982878,586930,Wed Nov 01 20:33:15 +0000 2017,@AppleSupport if I’m on the public iOS beta will I have trouble transferring all my stuff to my new iPhone? This was an issue previously.,@586930 We can assist you. Please DM us via the following link and let us know if you have already updated to the latest beta software. https://t.co/GDrqU22YpT
1982984,586957,Wed Nov 01 20:51:37 +0000 2017,@AppleSupport fix this issue with the letter “I️” please,@586957 We'd like to take a closer look. Please DM us your current country and exact iOS version found at Settings &gt; General &gt; About. https://t.co/GDrqU22YpT
1984517,587426,Thu Nov 02 01:32:34 +0000 2017,"@AppleSupport nothing but problems since I downloaded the new iOS. Issues with texts, emails, phone volume, etc... Seems like sabotage.","@587426 We'd love to look into this with you. Send us a DM with details on what you're experiencing, and we'll go from there: https://t.co/GDrqU22YpT"
1985008,587566,Thu Nov 02 02:19:08 +0000 2017,"Nice @115858 iOS bug going around. It seems to spread if you copy/paste from someone who has it (even on a Mac)

@AppleSupport Any thoughts? https://t.co/I2XbSCrnLz",@587566 We'd love to help with the text problem! Please send us a DM with which version of iOS you're using to begin. https://t.co/GDrqU22YpT
1988501,588541,Thu Nov 02 00:09:47 +0000 2017,@AppleSupport is there any way to recover deleted files from Mac?,@588541 Thanks for reaching out. We're here to help. DM us so we can look into this further with you. https://t.co/GDrqU22YpT
1989053,588702,Thu Nov 02 07:25:11 +0000 2017,Hi @AppleSupport. Bought an #iphone8 from @127894 less than 3 weeks ago and screen has already cracked without any unusual use  :-(,@588702 Let's take a look at the situation. Please meet us in DM and we'll get you pointed in the right direction. https://t.co/GDrqU22YpT
1989800,588870,Thu Nov 02 11:39:49 +0000 2017,@AppleSupport I have this glitch in iOS 11.1 https://t.co/IPTfIRg9WZ,@588870 Let's help to get this resolved. DM us and tell us more about this and which device this is happening on. https://t.co/GDrqU22YpT
1989823,160035,Thu Nov 02 11:35:46 +0000 2017,@AppleSupport MacBook pro has a virus. How do I get rid of it? https://t.co/KMctg6oeZm,@160035 Please let us know in DM what happened before this message appeared on your screen &amp; we'll help sort things out. https://t.co/GDrqU22YpT
1990013,588942,Thu Nov 02 13:24:49 +0000 2017,.@AppleSupport Why is the letter “I”?trying to autocorrect to an A with a weird symbol next to it?,@588942 We're here for you. DM us which version of the iOS you're running using the link below and we'll go from there. https://t.co/GDrqU22YpT
1990486,589076,Thu Nov 02 14:44:03 +0000 2017,A total disappointment the new actualization IOS 11 and all the patches!! The battery doesn’t work like before @AppleSupport @115858,@589076 We certainly want you to be able to rely on your battery. Please send us a DM with which version of iOS you're updated to. https://t.co/GDrqU22YpT
1990549,511719,Thu Nov 02 23:48:31 +0000 2017,"Dear @115858 @AppleSupport,
#l
Get this 👉🏾 I️ shit together. To much money is spent on these phones for this bull.",@511719 Which device do you own? What is the iOS version shown in Settings &gt; General &gt; About? Let us know in DM. https://t.co/GDrqU22YpT
1991015,589248,Fri Nov 03 01:31:29 +0000 2017,@AppleSupport Why can I️ type the letter I️,@589248 Let's help with this. Please DM us the device and version of OS you're using for us to take a closer look. https://t.co/GDrqU22YpT
1991161,589289,Fri Nov 03 01:58:43 +0000 2017,@AppleSupport BITCH I️ CANT TYPE THE LETTER “II” what’s going on,@589289 We want to help you. Please DM us the iOS version your device is currently running and we'll take it from there. https://t.co/GDrqU22YpT
1991298,249471,Fri Nov 03 02:03:45 +0000 2017,"@AppleSupport Safari stopped opening yesterday. Tried restarted, installed latest update, deleted preferences file, still won't open.","@249471 Let's work on getting Safari to open. To start, DM us with the device model and version of software you're using. https://t.co/GDrqU22YpT"
1993387,589932,Fri Nov 03 04:14:32 +0000 2017,Why all my i’s coming up as question marks? @AppleSupport,"@589932 Hey, we can offer some assistance with this. DM us the exact iOS version of the device you're experiencing this on. https://t.co/GDrqU22YpT"
1993431,589947,Fri Nov 03 04:20:42 +0000 2017,This question box shit need to stop @AppleSupport 🤦🏾‍♂️,"@589947 If you're having an issue, please DM us with the version of iOS you're running and the device model. We'll be happy to help! https://t.co/GDrqU22YpT"
1996040,590220,Fri Nov 03 07:34:21 +0000 2017,@590221 @AppleSupport But I️ tried that the first time and nothing happened. Mad annoying lol,@590220 We'd love to assist you with this issue. Which iPhone and Software Version are you using? Click here and let us now in DM: https://t.co/GDrqU22YpT
1997967,590762,Fri Nov 03 13:01:41 +0000 2017,@115858 #apple @AppleSupport #ios11 #iOS111 screen recorder doesn’t work!!! iphone 6s,"@590762 We’d love to help with your screen recordings. To start, send us a DM letting us know the exact software version you’re using. https://t.co/GDrqU22YpT"
1998563,590934,Fri Nov 03 14:41:17 +0000 2017,@115858 @AppleSupport I downloaded the new update last night and now all of my music is gone.. hundreds of songs. How do I fix this?,@590934 Let's work together to look into what's going on with your Apple Music. Are you a current subscriber? Let us know in DM. https://t.co/GDrqU22YpT
1999289,591147,Thu Nov 02 18:34:32 +0000 2017,"@AppleSupport I’ve updated to iOS 11.1 on both my Verizon and Virgin Mobile SEs, and the battery life got much worse than it already was.",@591147 Let's see what we can find with you today. Please meet us in DM so we can obtain some additional information to proceed. https://t.co/GDrqU22YpT
1999291,591148,Thu Nov 02 18:40:02 +0000 2017,@AppleSupport why has my phone stopped recognizing the letter I️ by itself on my phone?,"@591148 Thanks for reaching out to us. We'd be happy to discuss this issue with you. Send us a DM, we'll talk with you there. https://t.co/GDrqU22YpT"
1999615,591246,Thu Nov 02 19:20:58 +0000 2017,@AppleSupport can u tell me y my entire phone jus deleted all my synced contacts incld ME?? Ughhhh 😫 Been havin such issues w #iPhone update https://t.co/B5tjVYlz3d,"@591246 We'd like to help. If you go to https://t.co/tmRhWEkIq4 from a computer, do you see these contacts? Reply in DM. https://t.co/GDrqU22YpT"
1999750,591289,Thu Nov 02 19:34:18 +0000 2017,@115858 @AppleSupport wtf is going on with this update. Every “I️” I️ type comes out as “A” with a mf box around a question mark https://t.co/1imgWGoxpN,@591289 We're happy to look into this with you. Please DM us the iOS 11 version installed &amp; additional details about this issue. https://t.co/GDrqU22YpT
2000279,591455,Thu Nov 02 21:46:58 +0000 2017,@AppleSupport I not I️ please! #help #withoutani #whoami #apple #iphone,"@591455 We're happy to help. To start, please DM us with the model iPhone and the exact iOS version you're using. https://t.co/GDrqU22YpT"
2000496,591514,Thu Nov 02 22:46:05 +0000 2017,@AppleSupport what is up with the iPhone glitch when you type I️ ?! How do you fix it,"@591514 We'd like to help with the problem you're having with text. Please send us a DM, and we'll look into this with you. https://t.co/GDrqU22YpT"
2002212,592044,Fri Nov 03 17:32:50 +0000 2017,@applesupport. hi. word on the street is i can inquire about my phone's battery life here. seems to be dying ...,@592044 We can help. Follow these steps and DM us what iPhone and version of iOS you are using if issues persist: https://t.co/bivpdfBNJ6 https://t.co/GDrqU22YpT
2002297,592069,Fri Nov 03 17:15:09 +0000 2017,@AppleSupport how can I fix this? https://t.co/rRw0Giqh2J,"@592069 We’re happy to help. Try restarting your iPhone with these steps, and let us know what happens in DM: https://t.co/OWRDHWSt4h https://t.co/GDrqU22YpT"
2002448,592117,Fri Nov 03 18:24:18 +0000 2017,@AppleSupport @115858 FIX THIS https://t.co/ZsOq94tkzO,"@592117 We'd be happy to look this over with you. Please meet us in DM so we may gather information, and better assist. https://t.co/GDrqU22YpT"
2002696,592192,Fri Nov 03 18:30:39 +0000 2017,@AppleSupport  what is this?!  My friends and I are getting this and it turns I️’s in A with a ? or box beside it.  @115858 https://t.co/RFAZ7cKedL,@592192 Thanks for reaching out. Which device and iOS version are you using? Let us know via a DM. We’ll go from there. https://t.co/GDrqU22YpT
2003056,592307,Fri Nov 03 19:12:00 +0000 2017,What's with these question marks instead of emojis? @AppleSupport,"@592307 Hi there. Please send us a DM with more information about the issue you're seeing, and we'll do our best to help. https://t.co/GDrqU22YpT"
2004175,592656,Fri Nov 03 21:21:41 +0000 2017,"@AppleSupport hello! Hello, can y’all please get I️t together. I️ look crazy right now.",@592656 We'd be happy to look this over with you. Check out our link here: https://t.co/xU1AGHStV6 DM us any questions. https://t.co/GDrqU22YpT
2004283,592690,Fri Nov 03 21:33:59 +0000 2017,@115858 @AppleSupport help a girl out https://t.co/vMjcc7Mcae,@592690  Maybe we can help. Check out this article for some guidance: https://t.co/xU1AGHStV6 Need anything else? Let us know in DM. https://t.co/GDrqU22YpT
2004301,592699,Fri Nov 03 21:42:27 +0000 2017,@AppleSupport Nor that.,@592699 Let’s work together on this situation. Which device and iOS version are you using? Let us know in DM. We’ll move from there. https://t.co/GDrqU22YpT
2004330,592708,Fri Nov 03 21:38:14 +0000 2017,@AppleSupport what’s going on with the letter “I” turning into this instead... I️ I️ I️ ??? #SuperAnnoying lol,@592708 Thanks for reaching out to us. We'd like to help you and look into this further. Please DM us to continue working on this. https://t.co/GDrqU22YpT
2004589,185129,Fri Nov 03 22:32:13 +0000 2017,"@AppleSupport is it normal for the iPhone X to be running hot? It’s done restoring, not running in the background at all. It’s just charging",@185129 Congratulations on your amazing new iPhone! We'd love to work with you. Are you restoring from a backup? Let's meet in a DM. https://t.co/GDrqU22YpT
2004697,592814,Fri Nov 03 23:14:46 +0000 2017,@AppleSupport @115858 .. are you able to answer why every photo and video that I had on my phone was wiped when I did the IOS 11.1 update? 😡,@592814 We know your memories are important. Reach out to our Photos specialists here: https://t.co/IBIY3vMgPj DM us with questions. https://t.co/GDrqU22YpT
2005427,593040,Sat Nov 04 01:07:26 +0000 2017,New iPhone X just got it today and unboxed it today to find out it won’t turns on. What a bad luck....@115858 @AppleSupport @116333 @ATT https://t.co/pfAgKmk4js,@593040 Congratulations on your new iPhone X! Have you tried this? https://t.co/o7nB3pXfMv DM if you're still not activated. https://t.co/GDrqU22YpT
2006544,593365,Sat Nov 04 01:54:04 +0000 2017,"@115858 @AppleSupport So I updated my phone, as requested....Now my phone my is shutting off on its own. THANKS!!! #AppleNews #Apple #Samsung","@593365 We can look into this with you. When the iPhone restarts or shuts down, do you see the Apple logo or a spinning gear? DM us here: https://t.co/GDrqU2kzhr"
2007702,593693,Sat Nov 04 05:09:39 +0000 2017,"@AppleSupport  fix whatever y’all doing with these updates . My phone always glitches when I update it . 
Im about to get an Android",@593693 We’re happy to help with any complications you’re facing? Could you let us know more details via a DM? We’ll go from there. https://t.co/GDrqU22YpT
2008817,594013,Sat Nov 04 12:49:27 +0000 2017,@AppleSupport I’m disgusted.  The 11.0 updates were nothing but viruses!  My iPhone 6plus is all messed up.  Please help!,"@594013 We'd love to help. DM us what issues you're seeing, and if you've updated to 11.1 and we'll team up to get them resolved. https://t.co/GDrqU22YpT"
2008939,594040,Sat Nov 04 13:19:19 +0000 2017,New iPhone update has fucked my phone right up thanks @AppleSupport,@594040 We’re happy to help with any complications you’re facing. Could you let us know more details via DM? We’ll go from there. https://t.co/GDrqU22YpT
2010130,594400,Wed Oct 18 19:24:20 +0000 2017,@AppleSupport iOS 11 has ruined my phone. Everything crashes and the battery is trash and I have to restart it multiple times a daaaaay,@594400 We want to help get your iPhone working properly. Which iPhone and exact iOS version are you using?
2010245,594431,Sat Nov 04 17:04:34 +0000 2017,So it’s @AppleSupport going to fix these boxes and question marks we see because of this update? 🙄,@594431 Hey there. Check out this article for steps that might help: https://t.co/sDSg942Lx2 DM us if you have any questions. https://t.co/GDrqU2kzhr
2010260,594436,Fri Nov 03 15:02:32 +0000 2017,@AppleSupport PLEASE FIX THIS ANNOYING ASS GLITCH!! https://t.co/yctquiqRYI,@594436 We're here for you. What iOS version and model of iPhone are you using? Let's connect by DM to get started. https://t.co/GDrqU22YpT
2013383,595344,Sun Nov 05 06:29:06 +0000 2017,Dear @115858 wtf is this??? @AppleSupport https://t.co/xbyTsTeAal,@595344 Thanks for reaching out. We have a workaround for this here: https://t.co/xXaXeeSRt9 DM us if you still need help. https://t.co/GDrqU22YpT
2013443,595364,Sun Nov 05 06:40:50 +0000 2017,@AppleSupport Y’all need to get y’all shit together with this update before I️ flash out!,@595364 Thanks for reaching out. We have a workaround for this here: https://t.co/xXaXeeSRt9 DM us if you still need help. https://t.co/GDrqU22YpT
2013681,595430,Sun Nov 05 14:45:06 +0000 2017,@AppleSupport can we PLEASE get this “I️” thing under control because I’m tired of having to autocorrect it every time!!!1!1!!,@595430 Thanks for reaching out. We have a workaround for this here: https://t.co/xXaXeeSRt9 DM us if you still need help. https://t.co/GDrqU22YpT
2013688,119996,Sun Nov 05 06:24:39 +0000 2017,@AppleSupport what the hell is going on? I need this fixed! Im sending important emails out! https://t.co/ZAHhsYmfbP,@119996 Thanks for reaching out. We have a workaround for this here: https://t.co/xXaXeeSRt9 DM us if you still need help. https://t.co/GDrqU22YpT
2013991,595520,Sun Nov 05 12:13:57 +0000 2017,@AppleSupport whenever u would like to fix this I️ bullshit w/ my keyboard I’d appreciate it. I’m tired of typing ‘ii’ so it won’t show. TY,@595520 Thanks for reaching out. We have a workaround for this here: https://t.co/xXaXeeSRt9 DM us if you still need help. https://t.co/GDrqU22YpT
2014059,595544,Sun Nov 05 09:37:58 +0000 2017,can y’all fix the iphone battery and my life pls @AppleSupport,@595544 We’d be glad to help with your battery. Can you start by letting us know more about the situation via DM? https://t.co/GDrqU22YpT
2014162,595570,Sun Nov 05 12:49:27 +0000 2017,"@AppleSupport @115858 

I️ hope there will be a fix to the letter “I” problem soon in iOS 11.1.",@595570 Thanks for reaching out. We have a workaround for this here: https://t.co/xXaXeeSRt9 DM us if you still need help. https://t.co/GDrqU22YpT
2014505,249536,Sun Nov 05 13:41:50 +0000 2017,@AppleSupport da fawck🤬 https://t.co/yRuKDL3EOy,@249536 Thanks for reaching out. We have a workaround for this here: https://t.co/xXaXeeSRt9 DM us if you still need help. https://t.co/GDrqU22YpT
2014716,595739,Sun Nov 05 16:15:14 +0000 2017,i️ don’t want to keep seeing these symbols so please fix this so i️ can type the letter between H and J @AppleSupport,@595739 Thanks for reaching out. We have a workaround for this here: https://t.co/xXaXeeSRt9 DM us if you still need help. https://t.co/GDrqU22YpT
2014753,595752,Sun Nov 05 16:39:33 +0000 2017,@AppleSupport @115858 whyyy does the letter  iiii turn into question marks!! Fix this shit!!,@595752 Thanks for reaching out. We have a workaround for this here: https://t.co/xXaXeeSRt9 DM us if you still need help. https://t.co/GDrqU22YpT
2014845,595783,Sun Nov 05 13:46:41 +0000 2017,@AppleSupport since ios11 iMessage I type a name to text &amp; I get their name in group texts and not Indiv contact record.others complaining 2,@595783 Let’s work together on this situation. Could you let us know more details via a DM? We’ll keep moving from there. https://t.co/GDrqU22YpT
2015232,595909,Sun Nov 05 14:52:54 +0000 2017,"I️ I️ I️ 
Can @AppleSupport fix this mess any sooner?",@595909 Thanks for reaching out. We have a workaround for this here: https://t.co/xXaXeeSRt9 DM us if you still need help. https://t.co/GDrqU22YpT
2015303,595928,Sun Nov 05 15:42:18 +0000 2017,literally wtf @AppleSupport,@595928 Thanks for reaching out. We have a workaround for this here: https://t.co/xXaXeeSRt9 DM us if you still need help. https://t.co/GDrqU22YpT
2015328,595936,Sun Nov 05 18:42:49 +0000 2017,@AppleSupport how come everytime I️ type an “I” it pops up as a weird symbol y’all gotta fix this,@595936 Thanks for reaching out. We have a workaround for this here: https://t.co/xXaXeeSRt9 DM us if you still need help. https://t.co/GDrqU22YpT
2015662,596041,Sun Nov 05 18:34:11 +0000 2017,@AppleSupport fix this shit y’all making me look stupid in front of my friends smh https://t.co/vr8DOXAjWK,@596041 Thanks for reaching out. We have a workaround for this here: https://t.co/xXaXeeSRt9 DM us if you still need help. https://t.co/GDrqU22YpT
2015844,596107,Sun Nov 05 16:18:52 +0000 2017,@115858 @AppleSupport WHY ARE THE I’S NOT I’S,@596107 Thanks for reaching out. We have a workaround for this here: https://t.co/xXaXeeSRt9 DM us if you still need help. https://t.co/GDrqU22YpT
2016034,596170,Sun Nov 05 17:10:34 +0000 2017,I️m so sick of all these damn question marks @AppleSupport get it together,@596170 Thanks for reaching out. We have a workaround for this here: https://t.co/xXaXeeSRt9 DM us if you still need help. https://t.co/GDrqU22YpT
2016221,596230,Sun Nov 05 17:32:08 +0000 2017,Since the iPhone software update my battery life has gone from a full day to about 3hours is this normal?@AppleSupport,@596230 That is not an expected behavior. Let's work together to maximize your battery life. Please DM us the device you are using. https://t.co/GDrqU22YpT
2016714,596392,Sun Nov 05 18:13:28 +0000 2017,Why tf does my phone keep autocorrecting “I” to this crap!??? @AppleSupport https://t.co/gDCQHMujK4,@596392 Here’s what you can do to work around the issue until it’s fixed in a future software update: https://t.co/xXaXeeSRt9 https://t.co/GDrqU22YpT
2017258,448093,Sun Nov 05 18:27:56 +0000 2017,@AppleSupport Airdrop isnt working on my iPhone X. Please check my topic and HELP ! https://t.co/DgF38COJw6 https://t.co/TBpTbomovq,"@448093 We want to help. Make sure Wi-Fi and Bluetooth are turned on, and let's try restarting your iPhone. Send a DM for more help. https://t.co/GDrqU22YpT"
2018339,596896,Sat Nov 04 17:17:42 +0000 2017,"😱 My activity awards didn't restore from iCloud backup when upgrading from iPhone 7 Plus to iPhone X, @AppleSupport. https://t.co/7psoFRYUyb",@596896 Let's take a closer look together. Please DM us the version of iOS and watchOS you're currently using. https://t.co/GDrqU2kzhr
2019133,597123,Sat Nov 04 19:16:06 +0000 2017,@AppleSupport why does my stuff keep autocorrecting to a ? This bug is driving me crazy https://t.co/FBTijzaD88,"@597123 We can provide you with some guidance. Check out this resource: https://t.co/xXaXeeSRt9

DM if you need more help. https://t.co/GDrqU22YpT"
2019304,597142,Sat Nov 04 19:27:24 +0000 2017,@AppleSupport what’s wrong with the capital i guys,@597142 We are pleased to provide a great workaround. Let us know if you have any questions after these steps: https://t.co/xXaXeeSRt9 https://t.co/GDrqU22YpT
2019326,597151,Sat Nov 04 19:39:32 +0000 2017,@AppleSupport bought I phone 6s few months ago and typically battery life starts playing up. Absolute trash,@597151 We'd like to know more about what's happening with your iPhone's battery. Send us a DM with the details. https://t.co/GDrqU22YpT
2019426,597176,Sat Nov 04 19:47:08 +0000 2017,@AppleSupport I️ updated my phone why am I️ still seeing random exclamation points &amp; boxes???!!!!,@597176 Thanks for reaching out. Check out this article for help: https://t.co/xU1AGHStV6 DM us if the issue persists. https://t.co/GDrqU22YpT
2019721,597260,Sat Nov 04 20:57:41 +0000 2017,Trying to reset my MacBook Air to factory settings and getting this error message after I try to sign in w/ Apple ID.. help @AppleSupport https://t.co/erBHwZ5Jcu,@597260 We're here for you. Have you tried the steps outlined in our support article here? https://t.co/rG6X7FwMFb DM us and let us know. https://t.co/GDrqU22YpT
2019791,597285,Sat Nov 04 21:27:56 +0000 2017,"@AppleSupport please tell me how I️ can get the I️ off of my keyboard. 

Only seems to be happening on @123765 &amp; @126. #Help https://t.co/fx32aCpiUh",@597285 We've got steps that can solve that. Check those out here: https://t.co/xU1AGHStV6 and let us know if that doesn't help. https://t.co/GDrqU22YpT
2019866,597304,Sat Nov 04 21:26:29 +0000 2017,Uhm is anyone else’s iPhone autocorrecting I to I️ for no reason?? @AppleSupport  🙃,@597304 We would like to offer some guidance with this. Please review: https://t.co/xXaXeeSRt9 DM us if you have any questions. https://t.co/GDrqU22YpT
2020145,597395,Wed Oct 18 20:33:29 +0000 2017,"@AppleSupport what is going on with this last update! All of our phones going crazy. Freezing, rebooting, moving slowly...",@597395 We can help out. Could you Direct Message us and let us know what country you're located in? https://t.co/GDrqU22YpT
2020724,597599,Sun Nov 05 23:03:42 +0000 2017,"@597600 @180336 @AppleSupport They got me.  I gave up and spent $1,000 on new iPhone 8.  My phone died and rebooted itself every 15 minutes. Not acceptable.  I miss Steve",@597599 This is not the experience we want you to have. We're here to help. Send us a DM and we can look into this for you. https://t.co/GDrqU22YpT
2021549,597864,Mon Nov 06 02:08:05 +0000 2017,Omfg @AppleSupport or somebody fix this box shit before I️ start spazzing man https://t.co/Q9RrdGmEMq,@597864 Here’s what you can do to work around the issue until it’s fixed in a future software update: https://t.co/xXaXeeSRt9 https://t.co/GDrqU22YpT
2021640,597892,Mon Nov 06 02:13:34 +0000 2017,how the hell do i get rid of this apple glitch? I’m so tired of seeing a “?” every goddamn time the letter “i” is tweeted. @AppleSupport,@597892 Here’s what you can do to work around the issue until it’s fixed in a future software update: https://t.co/xXaXeeSRt9 https://t.co/GDrqU22YpT
2023210,598360,Wed Oct 18 20:49:52 +0000 2017,"@AppleSupport Hi there, is MacKeeper safe? It's on my mac.",@598360 We'd be happy to look into this with you.  Please reach out to us via DM and we'll get started. https://t.co/GDrqU22YpT
2023212,598361,Wed Oct 18 21:05:02 +0000 2017,"@AppleSupport 6, version 11.0.3 (15A432)","@598361 Thank you. Next, take a look at the steps in the following article to optimize your battery life: https://t.co/bivpdfBNJ6"
2024248,598651,Mon Nov 06 04:28:49 +0000 2017,@115948 @AppleSupport Hello. read above thank u 😘💖,"@598651 Hey, we'll take a look and help you out. DM us the iOS version of your device and let's look into this. https://t.co/GDrqU22YpT"
2024569,142822,Mon Nov 06 05:47:14 +0000 2017,Hey @115858 were you actually planning on fixing the iOS 11 calculator or... 🤔 @AppleSupport @318,"@142822 We can definitely look into any issue you're experiencing. Send us a DM, and let us know which device you're using. https://t.co/GDrqU22YpT"
2024590,598733,Mon Nov 06 06:40:33 +0000 2017,@AppleSupport The latest update has my phone restarting at every 10 minutes at one point the whole screen was glitched,@598733 Thanks for reaching out. We definitely want to look into this further with you. DM us and we'll go from there. https://t.co/GDrqU22YpT
2025610,599017,Mon Nov 06 12:52:32 +0000 2017,@AppleSupport Since latest #apple #iphoneupdate  even more floods of ghost 01/01/1970 emails. And now almost entire phone call log vanished https://t.co/0QYPR0Xgt6,@599017 We're here for you. Does this happen on your email provider's website or other devices? DM us with details here: https://t.co/GDrqU22YpT
2026100,599151,Mon Nov 06 15:12:56 +0000 2017,@599152 Wtf is up with these question marks? @AppleSupport,@599151 Here’s what you can do to work around the issue until it’s fixed in a future software update: https://t.co/xXaXeeSRt9 https://t.co/GDrqU22YpT
2026295,599206,Mon Nov 06 16:46:46 +0000 2017,Apple is so disrespectful. Fix this damn glitch. I just bought this phone and this is ridiculous! @AppleSupport,@599206 We're here for you. Can you tell us more about the issue you're experiencing? DM us and we'll go from there. https://t.co/GDrqU22YpT
2027501,599575,Mon Nov 06 17:39:10 +0000 2017,"@AppleSupport need your help !
My iphone 7 suddenly turned off and can't access!! #iOS11 https://t.co/l2HCMbPEWg",@599575 We can help. Let's start with the steps here: https://t.co/1gNtc8oo9M Questions? DM us with your iOS version. https://t.co/GDrqU22YpT
2029075,600040,Sun Nov 05 20:49:30 +0000 2017,@AppleSupport need help with the iCloud please ?,"@600040 We'd be happy to help out. Meet up with us in DM with some details, and we'll see what we can get done together. https://t.co/GDrqU22YpT"
2029086,600046,Sun Nov 05 20:51:15 +0000 2017,@600047 @AppleSupport I’m gonna punch someone,@600046 Here’s what you can do to work around the issue until it’s fixed in a future software update: https://t.co/xXaXeeSRt9 Issues? DM us https://t.co/GDrqU22YpT
2029264,600106,Sun Nov 05 21:38:28 +0000 2017,"*receives text*
*opens notifications menu, ForceTouches text &amp; begins typing in mini text menu*
*text menu goes away* @AppleSupport #ios11",@600106 Let’s team up to get this addressed. How long has this been happening? Let us know via a DM. We’ll go from there. https://t.co/GDrqU22YpT
2032317,600965,Tue Nov 07 09:00:20 +0000 2017,@AppleSupport   I have 6S after updating to 11.1 it broke down started restarting endlessly I had to restore it but broke down AGAIN 😑,@600965 We understand your concern. Are you able to check for app updates? This can sometimes help with these issues. Please DM us. https://t.co/GDrqU22YpT
2032488,510891,Tue Nov 07 10:51:11 +0000 2017,"Hi @AppleSupport, yesterday my MacBook is not working, and now, my phone is not even turning on.. so what's with your devices now? 😭",@510891 We'd like to know more about what's happening with your MacBook and iPhone. Let's continue chatting via DM. https://t.co/GDrqU22YpT
2032604,601048,Tue Nov 07 12:05:57 +0000 2017,"@AppleSupport hi, why is your new update a total bag of human turd? Battery lasts less time than a toddlers patience. Kind regards","@601048 We can help with battery life. Could you Direct Message us and let us know what iOS version you're using, and which device? https://t.co/GDrqU22YpT"
2033127,161904,Tue Nov 07 14:10:20 +0000 2017,@AppleSupport my iPhone x battery is getting drained even when its kept at home in box. Pls help,@161904 We want to be sure you get the most out of your iPhone battery life. Send us a DM so we can look into this further with you. https://t.co/GDrqU22YpT
2033136,601190,Tue Nov 07 14:07:29 +0000 2017,@115858 the iOS 11 still has problems the I key notifications for texts and emails not coming up even though they are enabled. @AppleSupport,"@601190 Let's work on resolving this together. DM your complete software version from Settings &gt; General&gt; About, next to version. https://t.co/GDrqU22YpT"
2034330,601498,Tue Nov 07 14:28:57 +0000 2017,@AppleSupport any plan to fix the bug in calculator app in iOS 11? I just want a correct result for 1+2+3+4+5 https://t.co/DH4mdhUVoL,@601498 Thanks for reaching out. Which device are you using? Which version of iOS 11? Let us know via a DM. We’ll keep moving from there. https://t.co/GDrqU22YpT
2035625,601824,Tue Nov 07 16:18:11 +0000 2017,"Aye @115858 @AppleSupport, get this question box shit together man.","@601824 If you are having trouble with your Apple product, we can help. Send us a DM and tell us what is going on. https://t.co/GDrqU22YpT"
2036018,500194,Tue Nov 07 16:48:39 +0000 2017,"@AppleSupport Please let me go back to iOS 10.3.3, my iPhoneSE battery does not last on iOS 11.1 🙏🙏",@500194 Thanks for reaching out. We'd like to learn more about what you're experiencing. Could you meet us in DM? https://t.co/GDrqU22YpT
2036549,602118,Mon Nov 06 22:05:59 +0000 2017,@AppleSupport need to live chat with someone about account how can I do this,"@602118 Thanks for reaching out. You sync iTunes content with an iPod using the steps here: https://t.co/biks8MpbiM

DM us your questions https://t.co/GDrqU22YpT"
2037669,602499,Tue Nov 07 02:03:29 +0000 2017,@AppleSupport are you planning to fix the bugs with IOS11 on IPhone 6?,@602499 What bugs are you seeing? We'll be happy to assist in getting this sorted out. DM us and we'll continue from there. https://t.co/GDrqU22YpT
2039480,603037,Tue Nov 07 21:27:24 +0000 2017,@AppleSupport Why is Messages in the background for this long? What’s up with that?,@603037 The app is refreshing in the background. Let's team up in Direct Message using the link below if you have further concerns. https://t.co/GDrqU22YpT
2039942,603165,Tue Nov 07 20:29:31 +0000 2017,"@AppleSupport I'm thinking of buying an iPhone and I was wondering if watching shows I've downloaded from iTunes, on the iphone is possible?","@603165 Yes you can! Learn more about what you can do with iOS 11 here: https://t.co/LVMJqqcDhs

DM us with any more questions. https://t.co/GDrqU22YpT"
2040071,603212,Tue Nov 07 21:06:42 +0000 2017,Hey @AppleSupport why can I️ not use the letter “I️” without it glitching our into some weird symbols?,@603212 Here’s what you can do to work around the issue until it’s fixed in a future software update: https://t.co/xXaXeeSRt9 https://t.co/GDrqU22YpT
2040076,603214,Tue Nov 07 21:07:55 +0000 2017,Hey @AppleSupport what’s with the music on the locked screen? Have my headphones plugged in and can’t change songs.... https://t.co/g7JYVl9GMN,@603214 We know how convenient it is to control music from the lock screen. Can you DM us the exact version of iOS running? https://t.co/GDrqU22YpT
2040107,603221,Tue Nov 07 20:59:38 +0000 2017,@AppleSupport fix this,@603221 Here’s what you can do to work around the issue until it’s fixed in a future software update: https://t.co/xXaXeeSRt9 https://t.co/GDrqU22YpT
2040792,603415,Tue Nov 07 23:23:29 +0000 2017,WTH @AppleSupport can’t verify iOS update?  Hours?? b/c no internet but totally on internet. Plz fix. Thx.,@603415 Let’s work together on this. Which device are you using? Which version of iOS are you attempting to install? Let us know via DM. https://t.co/GDrqU22YpT
2041042,603490,Wed Nov 08 00:38:40 +0000 2017,why is my iphone 6 plus hot in the top right corner whenever im on youtube or something??? this started happening after the latest ios update @AppleSupport,@603490 We're here to help. Is this happening only on YouTube? Is the iPhone connected to the charger when this happens? DM us below. https://t.co/GDrqU22YpT
2041373,603585,Wed Nov 08 01:15:09 +0000 2017,@AppleSupport Support website down?  It keeps telling me it cannot complete my request for a call or a chat.,"@603585 We aren't seeing problems on our end, but we can check out the problem! Send us a DM with which country you're in. https://t.co/GDrqU22YpT"
2041623,603667,Wed Nov 08 02:59:45 +0000 2017,@AppleSupport Something is wrong with your update verification server. Check out this message. Also I deleted and reinstalled the update and have internet. Thanks. https://t.co/hIrBmSMMLd,"@603667 We can help. Try these steps, DM us if you need more help. Get help with the over-the-air update here: https://t.co/Ui1yTnOCUz https://t.co/GDrqU22YpT"
2041646,603679,Wed Nov 08 00:59:16 +0000 2017,@115858 your phones cost way too much for the inconvenience of these glitches. Several updates &amp; still a mess. Get it together @AppleSupport,@603679 We want to help. What glitches are you experiencing with your iPhone? Are you on the latest iOS 11.1? Let us know via DM. https://t.co/GDrqU22YpT
2041675,603689,Wed Nov 08 03:13:03 +0000 2017,My iPhone just freezed to death. Had to reboot it. Why is this happening? @115858 @AppleSupport,@603689 We'd love the chance to research this with you. Send us a DM with your iPhone model and iOS version to gets started. https://t.co/GDrqU22YpT
2042328,603924,Wed Oct 04 03:02:04 +0000 2017,@115858 @AppleSupport My 7plus was perfectly fine before the update &amp; now all of a sudden doesn’t work after the new software’s installed?? 🤔,"@603924 We know how important it is for your iPhone to work. We can help. DM us details of your issue, and we'll look into this. https://t.co/GDrqU22YpT"
2042445,603961,Wed Oct 04 09:47:49 +0000 2017,@AppleSupport ios11 bug. iPhone 7 isn’t counting my steps anymore. I’ve tried a reboot,@603961 We'd be happy to look into this with you today. Send us a DM using the following link and we'll get started: https://t.co/GDrqU22YpT
2042527,603985,Wed Oct 04 03:52:58 +0000 2017,@AppleSupport @115948 @AppleSupport are you going to refund users who can’t use Your service because of your update??,@603985 Let’s see what we can find out about getting Apple Music working again! DM us your exact iOS version to proceed. https://t.co/GDrqU22YpT
2042539,603990,Wed Oct 04 03:28:50 +0000 2017,@AppleSupport my phone is consuming battery like crazy even in power saving. this didn’t happen when i had ios10. it lasted even 12+ hours!,@603990 Let's get this resolved. Which version of iOS 11 are you running? You can find that in Settings &gt; General &gt; About. Reply in DM. https://t.co/GDrqU22YpT
2042674,604042,Wed Oct 04 05:27:45 +0000 2017,@AppleSupport why did the latest update make all of our phones slow? I can’t upload my videos to Facebook now and am incredibly frustrated.,"@604042 We'd like to look into this with you. To get started, DM us more info about what's going on. We'll meet you there. https://t.co/GDrqU22YpT"
2042682,604045,Wed Oct 04 05:06:02 +0000 2017,@115858 @AppleSupport this iOS 11.0.2 kills the battery way too fast please fix it 🤦🏽‍♂️😡😤😠👎🏽,@604045 We want help with your battery. Look here for a few tips: https://t.co/bivpdfBNJ6  DM us if you're still having trouble. https://t.co/GDrqU22YpT
2043258,604231,Wed Oct 04 14:54:49 +0000 2017,@118936 @115858 @AppleSupport @12164  is this is a real ?? Or fake??? Hope i get a anwser https://t.co/R7rkKcYpXP,@604231 We'd love to assist. Follow this article to see if it's a legitimate email: https://t.co/n3D6asT7Q1 DM us with any questions. https://t.co/GDrqU22YpT
2043526,604313,Wed Oct 04 22:45:25 +0000 2017,This update makes my phone die so quick wtf @AppleSupport,@604313 We want to help. DM us details on the issues you're having with your iPhone's battery life and we'll continue there. https://t.co/GDrqU22YpT
2043549,590572,Wed Oct 04 22:33:46 +0000 2017,@AppleSupport pls answer my rep is at stake,@590572 We'd like to help. Let's start by following this article to make sure your AppleID is secured: https://t.co/ufbG3Gx5bq https://t.co/GDrqU22YpT
2043935,520189,Wed Oct 04 09:52:03 +0000 2017,"@AppleSupport iOS 11 buggy as hell. Auto rotate, keyboard, app compatibility all have problems. 6S","@520189 We'd like to look into this with you. To get started, send us a DM by clicking on the link below. We'll go from there. https://t.co/GDrqU22YpT"
2043944,604445,Wed Oct 04 11:48:06 +0000 2017,@AppleSupport What’s the crack with the battery becoming shite after I updated to iOS 11? iPhone 7 bought in December 👎🏼👎🏼👎🏼👎🏼👎🏼👎🏼👎🏼👎🏼👎🏼,@604445 Hi there. Please send us a DM and tell us what's happening with your battery. We'll meet you there to help. https://t.co/GDrqU22YpT
2043966,604454,Wed Oct 04 10:58:37 +0000 2017,@AppleSupport downloaded latest update now getting 'bricking' message. No iTunes or laptop to fix this. Please help!,@604454 We know how important it is to have access to your iPhone. Does your screen look like this: https://t.co/iYLZzFD8qZ DM us here: https://t.co/GDrqU22YpT
2043986,604462,Wed Oct 04 10:38:19 +0000 2017,@AppleSupport this new update is bullshit!!! Thanks for fucking up my phone! AGAIN!!!,"@604462 That's not the experience we want for you, and we're here to help. Send us a DM, and we'll meet you there. https://t.co/GDrqU22YpT"
2044651,604641,Wed Oct 04 20:16:50 +0000 2017,"Mira que me gusta vuestra actualización pero me va como el culo ahora, cuando queráis lo solucionáis. @115858 @AppleSupport",@604641 We offer support via Twitter in English. Get help in Spanish here: https://t.co/IBIY3vMgPj or join https://t.co/OczyRx7IOs https://t.co/GDrqU22YpT
2045945,556458,Thu Oct 05 00:55:17 +0000 2017,"@AppleSupport @115858 prob doesn’t matter if I weigh in, but yes, battery drains FAST with iOS 11.0.2 update","@556458 We know your battery life is important. Optimize the settings on your iPhone, and DM us if this persists https://t.co/bivpdfBNJ6 https://t.co/GDrqU22YpT"
2047538,605535,Wed Oct 18 23:00:57 +0000 2017,What the F**k is going on with ios 11? Even after minor updates my New iphone 7 is useless ! Charging twice a day @AppleSupport,"@605535 We'd like to help. So we can take a look at your battery usage details, send us a DM and we'll continue. https://t.co/GDrqU2kzhr"
2047814,531670,Thu Oct 05 12:03:03 +0000 2017,"My phone battery isn’t even lasting an hour now, really not ideal 😡@AppleSupport","@531670 Battery life is important, and we're here for you. To get started, DM us the iOS version your iPhone is running. https://t.co/GDrqU22YpT"
2048280,605750,Thu Oct 05 13:22:25 +0000 2017,@AppleSupport plz can u help as the iOS 11.0.2 is bad also ... some apps blocked automatically,@605750 Thanks for reaching out about this behavior. Could you let us know what Apps are affected via a DM? We’ll move from there. https://t.co/GDrqU22YpT
2048837,160166,Thu Oct 05 16:13:52 +0000 2017,@115858 @AppleSupport ummm. The updated software? Been using my phone for 30 mins. Battery went from 98% to 67%. Not cool. At all.,"@160166 Happy Thursday, Bobby! Which phone was updated, and how? DM us, and we'll bring that device back up to speed for you! https://t.co/GDrqU2kzhr"
2049038,605979,Thu Oct 05 15:57:46 +0000 2017,"Eversince ios 11,my iphone got really laggy. @115858 @AppleSupport what are you doing???? 

(This tweet took me 2 minutes to type coz of lag)","@605979 We'd be happy to look into what's going on with your iPhone! To start, DM us which iPhone and version of iOS 11 you're using. https://t.co/GDrqU22YpT"
2051232,558879,Thu Oct 05 19:36:00 +0000 2017,what’s good @AppleSupport? my $800 texting device don’t work😡,@558879 We don't want you to miss out on the functionality of your iPhone. Send us a DM and let us know what's happening. https://t.co/GDrqU22YpT
2051761,606777,Thu Oct 05 20:45:53 +0000 2017,This new apple update is trash. I still can’t call people. @AppleSupport,@606777 That is something we definitely want to get resolved. Please DM us and we can take a closer look together. https://t.co/GDrqU22YpT
2052189,606907,Thu Oct 05 22:08:31 +0000 2017,@AppleSupport your update is ruining my nice new iPhone. Sort it out please.,"@606907 We’d love to help with your new iPhone. To start, please send us a DM with more details on the behavior you’re experiencing. https://t.co/GDrqU22YpT"
2053284,607233,Wed Oct 04 05:35:21 +0000 2017,@AppleSupport  such a  laggy update of iOS 11.01 lot of issues like battery draining and many software glitches try to give us a new update,@607233 That's definitely not the experience we want you to have. Does the issue persist after restarting? Please reply in DM. https://t.co/GDrqU22YpT
2053411,607282,Fri Oct 06 01:22:18 +0000 2017,@AppleSupport I had every single version of iPhone and I’ve never had so many troubles with my phone since ios 11 release its always frozen,"@607282 
We'd like to gather some more information for better troubleshooting. Can you DM us the country you are located in? https://t.co/GDrqU22YpT"
2053475,449386,Fri Oct 06 01:55:27 +0000 2017,Over here trying to fix the issue on my own bc @AppleSupport is useless. They’ve never even mentioned I check if my wireless router is,"@449386 Hi there, we'd like to help you. Please DM us with details to the issue you're experiencing and we'll get started. https://t.co/GDrqU22YpT"
2054457,9030,Thu Oct 05 04:42:39 +0000 2017,Thanks @115858 @AppleSupport your Control Center fake Bluetooth toggle costs me an extra 15-20% battery every day by not switching BT off.,"@9030 Check out the information here: https://t.co/G7BHuQnDS6 If you have questions, send us a DM by clicking on the link below. https://t.co/GDrqU22YpT"
2054501,607623,Thu Oct 05 06:06:40 +0000 2017,@AppleSupport i m facing cracking voice while in call in my 6s .. please help me to come out of it..,@607623 Let's take a look at this together. Does this happen while using speakerphone or just through the receiver. Let us know in DM. https://t.co/GDrqU22YpT
2054526,607634,Thu Oct 05 05:02:06 +0000 2017,@AppleSupport @11676 @115858 @115858 Really unhappy and disgusted with the customer service #applecheats,@607634 This isn't the experience we want you to have. Send us a DM and let us know what's happening. We'll take it from there. https://t.co/GDrqU22YpT
2054556,607645,Thu Oct 05 05:22:06 +0000 2017,my apps keep crashing... @AppleSupport @115858 help ?,@607645 We want you to be able to enjoy your apps; we'll do all we can to help. Connect with us in DM to continue: https://t.co/GDrqU22YpT
2055093,607802,Wed Oct 18 23:53:05 +0000 2017,@AppleSupport #ForTheLoveOfMyMother I’m suffering here! 3 updates later &amp; my phone is so darn slow! Please fix this! Check software updates,@607802 We'd be happy to help. Send us a DM with a few more details and we can started. https://t.co/GDrqU2kzhr
2056168,192864,Fri Oct 06 16:32:07 +0000 2017,"@AppleSupport hey there 👋, the battery life in my iPhone is bad, REALLY BAD. It is already restored, nothing changed. How do I fix it?","@192864 Let's meet in a DM and work together to get your battery life issue addressed. Please tap here to continue, then tell us more: https://t.co/GDrqU22YpT"
2056277,608121,Fri Oct 06 16:58:28 +0000 2017,"@AppleSupport Just let us downgrade to iOS 10 until you put your shit together. iOS 11.0.2 is, to be kind, unusable.",@608121 We'd like to hear more about what's going on. DM us about any issues you're experiencing and we'll continue there. https://t.co/GDrqU2kzhr
2057189,608414,Fri Oct 06 20:03:07 +0000 2017,Is it me or is this new #iOS dragging to charge my #iphone 😒😒 @115858 @AppleSupport,"@608414 Help is here. Let's check a few things together. Please tap here to meet us in DM, then share what you've experienced please: https://t.co/GDrqU22YpT"
2057309,608451,Wed Oct 18 23:59:27 +0000 2017,"@AppleSupport And yes, I’ve restarted my phone, my WiFi, my home internet, the apps, my life, your life...",@608451 We'd love to assist you with your Wi-Fi issue. Can you tell us in DM what is happening specifically? https://t.co/GDrqU2kzhr
2057388,470249,Fri Oct 06 20:40:19 +0000 2017,So @AppleSupport my phone is not holding charge no more.,@470249 We understand that reliability is essential. Learn to maximize your battery life here.  https://t.co/TpjqFp3jxD https://t.co/GDrqU22YpT
2058100,608681,Fri Oct 06 23:10:41 +0000 2017,"Dear @AppleSupport IOS 11 update has made my phone so slow, the battery is dying quickly and it doesn’t stop freezing 🙃","@608681 Hey, we want to work with you to figure out a solution. DM us the exact iOS version and we'll go from there. https://t.co/GDrqU22YpT"
2058417,407260,Sat Oct 07 00:52:47 +0000 2017,This TouchBar ESC button issue on the new MacBook Pro is making me so angry that it may undo decades of Mac Evangelism. Awful. @AppleSupport,@407260 We'd be happy to help. Please DM us additional details to the issue you're experiencing and we'll get started. https://t.co/GDrqU22YpT
2059709,609160,Sat Oct 07 04:43:19 +0000 2017,"@AppleSupport ""This accessory may not be supported"" popping up in my phone. how do you fix this pls its getting irritating",@609160 Let’s team up on this situation. Could you let us know more details via a DM? We’ll keep moving forward from there. https://t.co/GDrqU22YpT
2059743,609172,Sat Oct 07 04:53:06 +0000 2017,God dammit @115858 @AppleSupport even after all the updates I’m still getting bugs and artifacting and misaligned stuff. #nothappy,@609172 We'd be happy to look into this with you more in detail.  Please reach out to us via DM and we'll get started. https://t.co/GDrqU22YpT
2059811,609194,Sat Oct 07 06:24:46 +0000 2017,@AppleSupport battery life on 7plus is killed with iOS 11.0.2. Draining quicker than my bath.,"@609194 Check out these great tips on maintaining battery health, and DM us if you have any questions: https://t.co/bivpdfBNJ6 https://t.co/GDrqU22YpT"
2060147,407114,Sat Oct 07 11:46:59 +0000 2017,@AppleSupport Why does my 2011 Kia Picanto’s dock no longer work with my iPhone since the iOS 11 update? Just spent 2 hours trying. 😑,@407114 We can take a look at what's happening. Have you tried restarting your iPhone already? DM us with the answer. https://t.co/GDrqU22YpT
2060174,609319,Sat Oct 07 11:28:31 +0000 2017,Hi @115858 your support services in Turkey does not realise what you promise your customers. @AppleSupport,@609319 We're here to help as best we can. Can you give us some details on what you are seeing? DM us and we'll continue there. https://t.co/GDrqU22YpT
2060645,609449,Sat Oct 07 16:04:10 +0000 2017,@AppleSupport battery drains on my iPhone 6s very quickly since upgrade..help please?,@609449 We'll be more than happy to help you out. Can you give us some insight into what's going on with your battery via DM? https://t.co/GDrqU22YpT
2060687,593785,Sat Oct 07 14:49:11 +0000 2017,"@AppleSupport even I turn on low power mode, turn off GPS, bluetooth &amp; just use wifi.Battery still dry faster than before upgrade the new OS",@593785 We'd like to look into this with you. Send us a DM by clicking on the link below. We'll continue there. https://t.co/GDrqU22YpT
2060892,609523,Sat Oct 07 15:41:15 +0000 2017,@AppleSupport thoroughly disappointed with iPhone 7 Plus product service experience in Mumbai. Job No NES25091729255. Lost faith in apple,@609523 Thanks for reaching out to us. We would love to help you. Please DM us so that we chat about your experience in Mumbai. https://t.co/GDrqU22YpT
2061924,609799,Fri Oct 06 05:15:42 +0000 2017,@AppleSupport updated to 11.0.2 battery went from 90% to 60% in 25 minutes. It's almost become a joke! Why release an update at all?,@609799 We'd like to help you with that battery drain. About how long does the battery last from a full charge? Let us know via DM. https://t.co/GDrqU22YpT
2062110,609857,Fri Oct 06 05:47:00 +0000 2017,@AppleSupport whyyyyy you delete all my pics https://t.co/y0FrYGWYBN,@609857 Thanks for reaching out. Did your photos reappear once the restoration completed? Let us know via a DM. We’ll go from there. https://t.co/GDrqU22YpT
2062124,609860,Fri Oct 06 05:39:01 +0000 2017,"Hey @AppleSupport, ios 11.0.2 drains my entire phone battery in minutes. Fix it please :)","@609860 Let's work together to sort this out! DM us your model iPhone and any troubleshooting tried, to start. https://t.co/GDrqU22YpT"
2062238,336304,Fri Oct 06 07:28:01 +0000 2017,@AppleSupport Not happy with IOS 11. Phone gets hanged every now and then,"@336304 We'd love to help. Please join us in DM and let us know what iOS version is installed, and when the issue started https://t.co/GDrqU22YpT"
2062390,609941,Fri Oct 06 07:33:00 +0000 2017,"@AppleSupport 11.0.2 update, bummed out email-keeps freezing. Kill joy on the battery, major drainage. 👎🏼",@609941 We'd be happy to look into these issues with you. Let us know which device you're using via DM. We'll go from there. https://t.co/GDrqU22YpT
2062520,609983,Fri Oct 06 10:48:59 +0000 2017,@AppleSupport my mobile 5s  ime __credit_card__ update and locked try to open  put my apple account refuse to open,"@609983 Hi, can you send us a Direct Message and tell us more about what you're experiencing? We'll continue on from there. https://t.co/GDrqU22YpT"
2062961,610113,Fri Oct 06 13:49:47 +0000 2017,"@AppleSupport this new iPhone update sucks, I’m about it to back to my LG3. How can I go back to the old software? #iOS11",@610113 We'd like to assist you with any issues. Tell us more about the problems you're encountering in DM. We'll go from there. https://t.co/GDrqU22YpT
2063681,311817,Fri Oct 06 15:19:56 +0000 2017,"@AppleSupport iOS 11.1 version is not too good,wen dial a call it’s take time.🙁","@311817 We'd be happy to look this over with you. Please meet us in DM so we may gather information, and better assist. https://t.co/GDrqU22YpT"
2065316,610760,Sat Oct 07 21:17:48 +0000 2017,@AppleSupport my battery has drained drastically since installing 11.0.2. Any suggestions? I own an iPhone 8.,@610760 Congratulations on your iPhone 8! We know battery performance is important. Send a DM telling us how often you charge it. https://t.co/GDrqU22YpT
2065853,610912,Sat Oct 07 23:38:59 +0000 2017,@610913 @AppleSupport make our phone battery last longer pls,"@610912 Let's help. Do the suggestions here: https://t.co/bivpdfBNJ6 improve the performance? If not, keep us posted in DM. https://t.co/GDrqU22YpT"
2066411,611075,Sun Oct 08 02:32:35 +0000 2017,@AppleSupport Notes in iOS11 hangs and crashes constantly for me.,@611075 We want you to be able to enjoy the new features in iOS 11 without issue. Have you tried any troubleshooting? Let us know in DM. https://t.co/GDrqU22YpT
2066941,611218,Fri Nov 03 13:16:27 +0000 2017,Come on @AppleSupport! My phone starts soon this when the new one comes out! Grrrr! https://t.co/6LrAFnkrRJ,@611218 Please come on over to DM and we'll be happy to discuss this issue with you in more detail. https://t.co/GDrqU22YpT
2067818,611497,Sun Oct 08 05:27:22 +0000 2017,Good morning. Why is my battery running out so quickly? Update 11.0.1 is killing my battery.  @AppleSupport,"@611497 Please update to iOS 11.0.2, and send us a DM if you still experience battery drain: https://t.co/80YRnjDFDk https://t.co/GDrqU22YpT"
2068259,611628,Sun Oct 08 12:38:09 +0000 2017,"@AppleSupport pls fix iOs 11, i think it filled with bugs, my phone keep restart and black screen everytime booting.",@611628 Thanks for reaching out to us for support. We would love to help you. Please DM us so that we can troubleshoot together. https://t.co/GDrqU22YpT
2068586,611731,Sun Oct 08 14:23:25 +0000 2017,@AppleSupport @17349 I have very important photos in the #cameraawesome app that I can no longer open. Please tell me a way that I access,@611731 We'd like to look into this with you. DM us details on what happens when you attempt to open the app and we'll help there. https://t.co/GDrqU22YpT
2068588,611732,Sun Oct 08 14:21:21 +0000 2017,"@AppleSupport  After getting my iPhone 8 Plus, why aren't my downloaded ringtones working? App Store broke today too.","@611732 We'd like to understand more about this. Meet us in DM and tell us more details about what's happening, we'll go from there. https://t.co/GDrqU22YpT"
2068610,611741,Sun Oct 08 14:51:22 +0000 2017,"@AppleSupport Ever since I’ve upgraded to iOS 11, wifi keeps switching on automatically. Draining battery. How to rectify it?",@611741 We’re here to address the issues you're experiencing. Let's team up in Direct Message using the link below to continue. https://t.co/GDrqU22YpT
2069119,611879,Sun Oct 08 20:59:55 +0000 2017,@AppleSupport Did you even read my tweet?,"@611879 We did, and we'd like to help out. Give us more details in DM about what you're experiencing and we'll continue there. https://t.co/GDrqU22YpT"
2069629,612052,Sun Oct 08 17:52:30 +0000 2017,@AppleSupport whenever I swich on my phone all text msg coming again every time. This happened since I updated to @12576,@612052 Let's look into this further together. Have you taken any steps to resolve this issue? Send us a DM &amp; we'll continue there. https://t.co/GDrqU22YpT
2069932,612144,Sun Oct 08 19:21:52 +0000 2017,@118721 @AppleSupport why was I charged an infinite loop fee if I have no subscriptions???,@612144 We'll be glad to assist you. Are you seeing charges on your account you didn't make? Please send us a DM. https://t.co/GDrqU22YpT
2071283,516514,Mon Oct 09 02:26:50 +0000 2017,@AppleSupport I renewed my student membership on Apple Music via desktop but it's still asking for renewal on iPhone?,@516514 Make sure you're signed in and Apple Music is enabled in Settings &gt; Music. Send us a DM if you continue seeing the message. https://t.co/GDrqU22YpT
2072003,555925,Sat Nov 25 12:45:53 +0000 2017,"Hey @AppleSupport, last time I check I lived in Toronto, ON. What’s going on here? https://t.co/KkagtZKy4v",@555925 We'd be happy to help. Send us a DM and we can start there. https://t.co/GDrqU22YpT
2072015,612820,Sat Nov 25 12:38:16 +0000 2017,Hey @AppleSupport I logged a 3.1 mile walk on my Apple watch on 11/23 and I didn’t get my special badge. What gives?,@612820 We're here to assist. Please meet us in DM and we'll take a further look at this with you. https://t.co/GDrqU22YpT
2072026,612825,Sat Oct 07 16:41:00 +0000 2017,"@AppleSupport Ever since I updated the 11.0 shit, it’s been slowing down my damn phone. 🖕🏻🖕🏻🖕🏻🖕🏻🖕🏻🖕🏻🖕🏻🖕🏻🖕🏻🖕🏻🖕🏻🖕🏻🖕🏻🖕🏻🖕🏻🖕🏻🖕🏻🖕🏻🖕🏻🖕🏻",@612825 We are here to help! DM us and let us know which iPhone and the issues you are experiencing and we'll get started. https://t.co/GDrqU22YpT
2072151,612869,Sat Nov 25 09:55:08 +0000 2017,FIX THIS SHIT @AppleSupport,@612869 We'd like to help. Let's take this to DM and we'll explore ways to provide you assistance. https://t.co/GDrqU22YpT
2072239,612903,Sat Nov 25 14:33:58 +0000 2017,@AppleSupport I do it I’ve had this case since I bought the phone last year. I doubt it’s the reason for this,"@612903 For testings sake, so we can rule it out, see if the volume changes with the case off. Just check out the buttons during that to make sure they look and feel as they should and don't seem loose or out of alignment."
2076315,614073,Mon Oct 02 21:33:40 +0000 2017,@AppleSupport My phone has lost its pace aftet iOS update. Is there any way to switch back to iOS 10.3.3?,@614073 We’re happy to help with any complications you are facing. Have you taken any troubleshooting steps yet? Let us know via DM. https://t.co/GDrqU22YpT
2076320,614075,Tue Oct 10 07:41:37 +0000 2017,@AppleSupport why does my iphone6s have so bad battery life. I need to charge it like four times in a day.,@614075 We'd be happy to look into the battery life with you. DM us the exact iOS version and we'll work together from there. https://t.co/GDrqU22YpT
2076345,614087,Tue Oct 10 07:51:25 +0000 2017,.@AppleSupport iOS 11 has to be the worst finished update ever. It’s so laggy with lots of errors. Worse than when I was in Beta Program,@614087 Definitely not the experience we want you to have with the new update! Please DM us. Let us know in detail exactly what's going on. https://t.co/GDrqU22YpT
2077202,614340,Mon Oct 09 03:10:07 +0000 2017,"@115858 @AppleSupport  this iOS 11 is freezing my phone , is not letting me share my pictures😠",@614340 That's not the experience we want you to have. Which version of iOS 11 are you running? Reply in DM so we can get this resolved. https://t.co/GDrqU22YpT
2077400,343364,Mon Oct 09 04:49:13 +0000 2017,"@AppleSupport iOS doesn't work  on my iPhone 6 plus. It's a complete shit, after two updates (11.0.2). Please fix it now!!!",@343364 We’re glad you reached out. Let us know the exact issues your having with the iPhone in DM. We’ll help you troubleshoot from there! https://t.co/GDrqU22YpT
2077735,614492,Mon Oct 09 08:34:55 +0000 2017,@AppleSupport why does my phone die in couple hours after the update? Fix it or return the previous version. I got the phone for good OS😡😡😡,@614492 You aren't having the experience we'd like for you to have. We'd like to help. DM us and we'll work with you there. https://t.co/GDrqU22YpT
2078066,403734,Mon Oct 09 12:02:06 +0000 2017,@AppleSupport why has my tracks gone out of order on purchased album. How do I fix it. https://t.co/yoz5dkaYS0,"@403734 We'd like to look into this with you. To get started, send us a DM by clicking on the link below. We'll continue there. https://t.co/GDrqU22YpT"
2078164,614630,Mon Oct 09 12:52:44 +0000 2017,@applesupport 3 of 3 - I had planned to return to iPhone within the next few weeks; not now. This is the most horrendous update mess ever.,@614630 We're here for you. Send us a DM and we'll take a closer look at what's happening with the battery on your iPod touch together. https://t.co/GDrqU22YpT
2078365,614696,Mon Oct 09 14:05:05 +0000 2017,@AppleSupport any reason why my phone now only shows numbers in messages rather than contact names? #annoying,@614696 Let's get to the bottom of this. Do you see your contacts in the Contacts application? Reply in DM to get started. https://t.co/GDrqU22YpT
2078859,614829,Mon Oct 09 15:33:00 +0000 2017,@AppleSupport I’ve had my new iPhone 7 less than a week week and I can no longer receive texts?,@614829 We know how important it is to use Messages to contact friends and family. DM us using the link below. We'll work from there. https://t.co/GDrqU22YpT
2079322,173120,Mon Oct 09 21:49:46 +0000 2017,@AppleSupport Not resolved. Unhelpfully my 4G is now 3G and all my Wi-fi settings are lost. No warnings about this. Could you make things even worse?!,@173120 We appreciate you keeping us updated. Could you let us know more details via a DM. We’ll keep working from there. https://t.co/GDrqU22YpT
2079661,503867,Mon Oct 09 19:06:53 +0000 2017,Why isn’t my iPhone 8 plus battery loading correctly? @AppleSupport,"@503867 Is your iPhone not holding a charge as expected? DM us with details, and we'll work together to find a solution. https://t.co/GDrqU22YpT"
2079690,292824,Mon Oct 09 19:07:13 +0000 2017,"@AppleSupport since updating iOS, I frequently get no service or searching for hours. I’ve restarted, reset network settings, updated iOS",@292824 We'd like to help out with your iPhone. Try these steps: https://t.co/5KootZbxj1 Send us a DM if it continues. https://t.co/GDrqU22YpT
2080747,615315,Mon Oct 09 20:38:58 +0000 2017,@AppleSupport why has my 7+ started doing this every few hours and then sends me to my lock screen randomly https://t.co/YG2Q0NZEsQ,@615315 Let's meet up in DM and look into this further. We want to be sure that you're able to use your iPhone as you'd expect. https://t.co/GDrqU22YpT
2080791,615331,Mon Oct 09 21:05:55 +0000 2017,@AppleSupport my phone keeps freezing and reseting itself??,@615331 We want to help. DM us the country you're in and any other details on your iPhone and the issue. We'll go from there. https://t.co/GDrqU22YpT
2081307,615493,Mon Oct 09 22:48:23 +0000 2017,"The new iOS sucks @AppleSupport 
How is my 1 month old Iphone slower than it used to be? Had to reboot the phone about 7 x in 1 week.",@615493 Getting the performance you expect from your iPhone is very important to us. Select the following link to join us in a DM. https://t.co/GDrqU22YpT
2082339,175206,Tue Oct 10 18:02:53 +0000 2017,Why I can’t download any apps from @118936?@AppleSupport,"@175206 Thank you for reaching out to us. Please DM your iOS, iPhone model, and your country so we can determine your support options. https://t.co/GDrqU22YpT"
2082537,614110,Tue Oct 10 18:45:44 +0000 2017,@AppleSupport I really need help all my notes and pictures in them are emailing as encrypted if not sent to a MAC or Apple phone,@614110 We want to work with you on this. Is this related to the issue with the letter in your location? Let's talk about it in DM. https://t.co/GDrqU22YpT
2082660,615966,Tue Oct 10 19:41:46 +0000 2017,@615916 @AppleSupport Oh god I know what you mean I’m having the same problem,@615966 We'd like to help. Go ahead and DM us some more details of the issues you are experiencing and we can work together. https://t.co/GDrqU22YpT
2082698,615928,Tue Oct 10 18:50:12 +0000 2017,@AppleSupport I have a late 2012 27 inch imac with an Nvidia gtx 680mx card. There's a burn in effect going on. Anyone else have this issue? https://t.co/Up3R8wNvph,@615928 Thanks for reaching out to Apple Support. We can see the ghosting for sure. Let's meet in DM to discuss in detail. https://t.co/GDrqU22YpT
2084344,616413,Mon Oct 23 21:01:33 +0000 2017,@115858 @AppleSupport I hate you #iOS11 https://t.co/IWLt9PgFEP,"@616413 We’re here to help with any issues you’re having. DM us your current iOS version, and we’ll get started over there. https://t.co/GDrqU2kzhr"
2092700,618409,Sun Oct 29 02:54:25 +0000 2017,"@AppleSupport If I didn’t pre order the iPhone X, will I be able to get it by December if I order it once it comes out?",@618409 Let's check this out together. Follow us to DM and we'll take a closer look. https://t.co/GDrqU22YpT
2093712,618629,Wed Nov 08 05:49:18 +0000 2017,@AppleSupport Didn’t work mate,@618629 Thanks for keeping us updated. Which device are you using? Let us know via a DM. We’ll keep moving from there. https://t.co/GDrqU22YpT
2093747,618641,Wed Nov 08 03:34:19 +0000 2017,I️ AM GOING TO HURL MY PHONE BECAUSE OF THIS GLITCH. @AppleSupport !!! PLEASE. FOR THE LOVE,@618641 Here’s what you can do to work around the issue until it’s fixed in a future software update: https://t.co/xXaXeeSRt9
2093859,618680,Wed Nov 08 03:04:06 +0000 2017,“I” just want to be able to use the letter “I” again @AppleSupport,@618680 Here’s what you can do to work around the issue until it’s fixed in a future software update: https://t.co/xXaXeeSRt9
2095379,619035,Tue Oct 10 11:09:33 +0000 2017,@AppleSupport ever since the new iOS update my step tracker on the health app doesn’t work. Please can you help?🚶‍♀️,"@619035 We'd like to team up with you on this. Send us a DM with more information, and we'll continue from there. https://t.co/GDrqU22YpT"
2095383,619037,Tue Oct 10 10:56:00 +0000 2017,@AppleSupport iOS update is an absolute joke. Phones basically a land line now as need to leave on charge most of the day 😡,@619037 We understand how important battery life is for our devices. Let’s move to DM and look into this. Click the link to begin. https://t.co/GDrqU22YpT
2105253,621416,Wed Nov 08 04:12:14 +0000 2017,@AppleSupport please change the I️  (i) glitch like right now 💕,@621416 Here’s what you can do to work around the issue until it’s fixed in a future software update: https://t.co/xXaXeeSRt9
2105941,621556,Wed Nov 08 03:53:54 +0000 2017,@AppleSupport What in the world does this mean?! I've been trying to log on to imessage on my phone and it won't do it so I plugged it into my computer and this is what I got. I can't get anything to log in properly! https://t.co/Smb1PfPLHC,@621556 Let's help to get this device recognized. Check out this article for help: https://t.co/bLcjSdg2pg Let us know how that goes.
2106020,510852,Wed Nov 08 04:21:33 +0000 2017,@AppleSupport Man y’all need to release an update fixing this issue with the letter “i”....I bet Androids not having this problem 😒,@510852 Here’s what you can do to work around the issue until it’s fixed in a future software update: https://t.co/xXaXeeSRt9
2106377,621677,Wed Nov 08 16:06:51 +0000 2017,"@AppleSupport This doesn’t work. Also, my phone freezes a lot, my apps open and closes really slow. 🤷🏾‍♀️🤦🏾‍♀️Please fix bugs. Thanks","@621677 If you'd like, we can take a look at the performance concerns further. Send us a DM with your iPhone model and iOS version. https://t.co/GDrqU22YpT"
2109671,622382,Mon Nov 13 12:59:17 +0000 2017,"@AppleSupport Just keep going around in circles with this.
You attempted to repair it. This didn’t work. It cost me money driving 25 miles to bring it in. I’m not bringing it in for you to not repair it again. A replacement or refund should be arranged.",@622382 We'd like to double check what service options we can offer you. Please DM us with more details on your repair. https://t.co/GDrqU22YpT
2109693,622388,Wed Nov 08 12:43:09 +0000 2017,"I updated my phone but the new imojis are not showing up, why?@AppleSupport",@622388 We want you to be able to enjoy all the new emojis. What version does it say you are on next to Settings &gt; General &gt; About?
2109861,622445,Wed Nov 08 11:32:27 +0000 2017,"Hey @115858 @AppleSupport, how about fixing iOS 11? I bought your product as a phone, not a battery munching bed warmer. 

#ios11 #iphone",@622445 We'd be happy to work with you to help maximize your battery. Have you installed the iOS 11.1 update? Please DM us: https://t.co/GDrqU22YpT
2109861,622445,Wed Nov 08 11:32:27 +0000 2017,"Hey @115858 @AppleSupport, how about fixing iOS 11? I bought your product as a phone, not a battery munching bed warmer. 

#ios11 #iphone",@622445 We'd be happy to work with you to help maximize your battery. Have you installed the iOS 11.1 update? Please DM us: https://t.co/GDrqU22YpT
2110815,489566,Fri Nov 17 21:20:15 +0000 2017,@AppleSupport Certain apps and from my music app,"@489566 Some apps, particularly those that use the device speaker, may interrupt your music as part of their programming. Are any of the apps causing this provided by Apple, or were they downloaded from the App Store?"
2110851,436865,Sun Nov 19 01:48:54 +0000 2017,@AppleSupport None of that's helping?,@436865 Let's have a look at this together. Can you please DM us? https://t.co/GDrqU22YpT
2110858,622673,Fri Nov 17 21:50:47 +0000 2017,@AppleSupport Yes. This is what I’m seeing https://t.co/XTA63P2Jka,"@622673 Next, let's refresh iCloud Photo Library.  Go to Settings &gt; {Your name at the top} &gt; iCloud &gt; Photos and turn off the option for iCloud photo library.  Once the iPhone is back on, go back to the same location and turn this option back on. Let us know if this helps."
2111420,320320,Wed Nov 08 11:52:45 +0000 2017,"So @AppleSupport, when are you fixing my iPhone update 🤔🤔🤔",@320320 We'd love to take a look into this with you. Let us know what's going on with your iPhone update in DM. https://t.co/GDrqU22YpT
2111521,622819,Wed Nov 08 12:22:06 +0000 2017,"Sigh...@115858 &amp; @AppleSupport - I’ve gone through many, many updates with no issues, but 11.1 - battery drain, laggy, etc","@622819 We're here for you. Let us know more about what you're experiencing in DM, and we'll take it from there. https://t.co/GDrqU22YpT"
2112796,587943,Wed Nov 08 17:15:43 +0000 2017,@AppleSupport I already do all these things,"@587943 Have you gotten en error message stating ""Your iPhone battery may need to be serviced""? https://t.co/GDrqU22YpT"
2112825,623041,Wed Nov 08 14:31:08 +0000 2017,"@115858 @AppleSupport please fix this problem! Even @6860 is waiting for the fix. By the way, love you Drizzy!  #iOS11 #pleasefix #instagram #drake https://t.co/keThCEncAb",@623041 Here’s what you can do to work around the issue until it’s fixed in a future software update: https://t.co/xXaXeeSRt9
2112957,623079,Wed Nov 08 23:41:00 +0000 2017,@AppleSupport  https://t.co/tCjUvtcVrU,@623079 Thank you for the screenshot! Please send us a DM with which version of iOS you're updated to. https://t.co/GDrqU22YpT
2113763,623227,Wed Nov 08 13:43:11 +0000 2017,"@AppleSupport how can I remove iCloud Drive files stored locally? My wife's MacBook Air can't do a Time Machine backup because the drive is low on free space (from which 120GB is taken by iCloud Drive files). There should be an option in right-click context menu, remove locally.","@623227 We know how important it is to back up your data via Time Machine. For iCloud Drive, see: https://t.co/B0d990rD28 DM us: https://t.co/GDrqU22YpT"
2113821,623242,Wed Nov 08 15:07:52 +0000 2017,"@AppleSupport hello, would iPhone X work in Russia if it would be shipped from America?",@623242 We can assist you. We recommend reaching out to our Sales Support team for help with this:  https://t.co/8yjRd1Xo0i
2113832,126769,Wed Nov 08 15:00:18 +0000 2017,@AppleSupport @124871 I have a corporate iPhone with issues.   Unable to get Support or a call back.  Help!,@126769 We'd like to know more about this issue. Please DM us more details of what's going on and we'll go from there. https://t.co/GDrqU22YpT
2113854,623249,Wed Nov 08 15:05:57 +0000 2017,"#iPhoneX has been charging on airplane mode for an hour connected to my computer through apple USB cord, 10% charge. Is it a lemon, a software flaw, or just bad at charging @AppleSupport?",@623249 We'd be happy to look into this with you further. DM us using the link below and we'll go from there. https://t.co/GDrqU22YpT
2114729,596153,Wed Nov 08 15:24:57 +0000 2017,@115858 @AppleSupport fucking fix this,@596153 Here’s what you can do to work around the issue until it’s fixed in a future software update: https://t.co/xXaXeeSRt9
2116304,623842,Wed Nov 08 04:15:04 +0000 2017,@AppleSupport hi! Who can I contact to ask about a monthly debit from my bank account from iTunes which I don’t remember authorizing?,@623842 We'd be happy to help. Reach out to our iTunes Store team for further assistance in this situation: https://t.co/SDIe7UiyJN
2116349,623857,Wed Nov 08 04:17:37 +0000 2017,@AppleSupport,@623857 Here’s what you can do to work around the issue until it’s fixed in a future software update: https://t.co/xXaXeeSRt9
2117129,623999,Wed Nov 08 05:03:22 +0000 2017,@AppleSupport Fix my fucking phone,@623999 Let us know in DM the issues you're having and we'll do what we can to assist. https://t.co/GDrqU22YpT
2117163,624013,Wed Nov 08 05:04:22 +0000 2017,@AppleSupport can you fix our I’s please,@624013 Here’s what you can do to work around the issue until it’s fixed in a future software update: https://t.co/xXaXeeSRt9
2117274,624046,Wed Nov 08 04:39:59 +0000 2017,"@AppleSupport I used to have an iPhone 6 that was a pleasure to use until the latest iOS updates , now it’s slower than a sleeping sloth",@624046 That's not the type of experience that we'd like for you to have with your phone. Let's hop in DM and continue there: https://t.co/GDrqU22YpT
2117279,624048,Wed Nov 08 04:40:02 +0000 2017,@AppleSupport I can't pair my new Apple Watch with my phone because I don't have the latest IOS update but I keep getting an error message. https://t.co/Dld9kH7QDQ,@624048 We want to be sure you can update as you'd expect. Let us know if this helps you: https://t.co/Ui1yTnOCUz
2117854,624180,Wed Nov 08 05:28:07 +0000 2017,@AppleSupport why can't I turn WiFi &amp; Bluetooth off from control center like I could before? https://t.co/pwriQNU58c,@624180 Check out this article for more details on the changes to the Control Center toggles in iOS 11: https://t.co/G7BHuQnDS6
2117881,624190,Wed Nov 08 05:44:40 +0000 2017,@AppleSupport I actually just deleted the text and can't undo the typing enough times. Is there a way to get that back?,@624190 Let's take a look at it together. Do you have a backup from when the note's text was still there?
2117901,624198,Wed Nov 08 05:57:46 +0000 2017,Why do capitals i’s show as question mark boxes @AppleSupport,@624198 Here’s what you can do to work around the issue until it’s fixed in a future software update: https://t.co/xXaXeeSRt9
2118380,624311,Wed Nov 08 05:44:41 +0000 2017,"@AppleSupport getting “unable to verify update” on several devices when connected to many networks. Deleted, retried dl... same issue.","@624311 We'd like to help. Since it has been a few hours, could you confirm for us that you're still experiencing this issue?"
2118458,624335,Wed Nov 08 21:04:12 +0000 2017,@AppleSupport the issue everyone else is; the i’s changing to the annoying a ?,@624335 Here’s what you can do to work around the issue until it’s fixed in a future software update: https://t.co/uQeXsrrlXJ
2118493,624348,Wed Nov 08 05:37:15 +0000 2017,see how come it did one but not the other? @AppleSupport fix this “i️” situation,@624348 Here’s what you can do to work around the issue until it’s fixed in a future software update: https://t.co/xXaXeeSRt9
2120225,624763,Wed Nov 08 07:19:14 +0000 2017,I️ @AppleSupport fix this!!,@624763 Here’s what you can do to work around the issue until it’s fixed in a future software update: https://t.co/xXaXeeSRt9
2120238,624768,Wed Nov 08 06:48:27 +0000 2017,@AppleSupport the apple logo loop on iOS 11.1 is effecting a lot of people please send an emergency update to fix it!!!!,@624768 We’d be glad to help. Can you start by confirming what steps you’ve completed and what happens via DM? https://t.co/GDrqU22YpT
2121077,624943,Wed Nov 08 18:15:52 +0000 2017,@AppleSupport 11.0.3 (15A432),@624943 Thank you. Do you have a recent backup of your device?
2121126,624956,Wed Nov 08 07:52:45 +0000 2017,"@AppleSupport after new update 11.1 on my Iphone 6s, touchscreen is responding accurately. i dont know what goes wrong with that. after evry new update of 11 there still remain sme issue. plz fix it",@624956 Thanks for reaching out. DM the issue you are seeing with your iPhone currently to get started. https://t.co/GDrqU22YpT
2121584,349592,Wed Nov 08 10:00:33 +0000 2017,@AppleSupport hi just a quick question? Can I bring my MacBook into Apple store as I can’t get it to work please? Think battery is dead,@349592 Let's look into that. Send us a DM and we'll go from there. https://t.co/GDrqU22YpT
2121761,625118,Wed Nov 08 17:43:43 +0000 2017,@AppleSupport Spoke to Apple support as well and even they couldn’t tell me what the problem is. They also told me to make sure I put a SIM card in my Apple Watch. At that point I gave up.,"@625118 Thanks for letting us know, we’d like to continue and explore the steps already taken. Please let us know more in DM. https://t.co/GDrqU22YpT"
2121766,309031,Wed Nov 08 08:03:29 +0000 2017,@AppleSupport could you help me and let me know as of why am I not seeing the new colourized notifications for your @115948 app on my Android device? #help,@309031 We'd love to help. Send us a DM with some more details so we can get to the bottom of this. https://t.co/GDrqU22YpT
2122471,625287,Wed Nov 08 11:21:28 +0000 2017,"@AppleSupport 

I️ I️ I️ I️ I️ I️ I️ I️ I️",@625287 Here’s what you can do to work around the issue until it’s fixed in a future software update: https://t.co/xXaXeeSRt9
2122478,229463,Wed Nov 08 10:10:51 +0000 2017,This iOS glitch for the letter I️ is super annoying. Pls update soon? @115858 @193535 @AppleSupport,@229463 Here’s what you can do to work around the issue until it’s fixed in a future software update: https://t.co/xXaXeeSRt9
2123185,144688,Wed Nov 08 16:19:03 +0000 2017,@AppleSupport iOS 11 drains my battery. How do I fix this?,@144688 We understand how important battery life is for an iPhone. Try these steps: https://t.co/bivpdfBNJ6 Let us know if this helps.
2123864,625610,Wed Nov 08 16:25:56 +0000 2017,"@AppleSupport HD camera in my new MacBookPro (2016) is not HD at all. No matter the light, there is always grain on the picture. Is it the hardware problem or is it normal that MBP camera sucks?",@625610 We'd be happy to assist with your Mac today. Send us a DM to get started. https://t.co/GDrqU22YpT
2125035,625815,Wed Nov 08 16:51:22 +0000 2017,@115858 @AppleSupport @17425,@625815 Here’s what you can do to work around the issue until it’s fixed in a future software update: https://t.co/xXaXeeSRt9
2125059,361942,Wed Nov 08 16:27:35 +0000 2017,@AppleSupport check dms please,@361942 We have received your DM and will respond there shortly.
2125157,625852,Wed Nov 08 16:35:05 +0000 2017,@AppleSupport just tried to update Mac mini to #HighSierra and it crashed my entire comp. Now I can’t use it and it will probably cost me just to get it repaired. #dissapointed,@625852 Let's see what we can find out. Let us know if the Mac was backed up before updating in DM to continue. https://t.co/GDrqU22YpT
2127256,626338,Wed Nov 08 17:48:27 +0000 2017,"@AppleSupport I️ already did that, it doesn’t work",@626338 Here’s what you can do to work around the issue until it’s fixed in a future software update: https://t.co/xXaXeeSRt9
2127259,626338,Wed Nov 08 16:02:33 +0000 2017,@AppleSupport fix the stupid I️ problem,@626338 Here’s what you can do to work around the issue until it’s fixed in a future software update: https://t.co/xXaXeeSRt9
2127271,543449,Wed Nov 08 19:51:31 +0000 2017,@AppleSupport I️,"@543449 Thank you for trying that. Please send us a DM, we'll meet you there to continue. https://t.co/GDrqU22YpT"
2128107,626512,Wed Nov 08 18:14:54 +0000 2017,@AppleSupport is this a legitimate email or a scam? https://t.co/n8O8xTpOoq,@626512 We'd like to help. This email does not appear to be legitimate. You can find more info about this here: https://t.co/LNMCdqt6fD
2128161,626525,Wed Nov 08 19:36:11 +0000 2017,@AppleSupport the newest update with the whole question mark problem too and yes,@626525 Are you using headphones when you see the pausing issue?
2128166,626525,Thu Nov 09 00:24:07 +0000 2017,"@AppleSupport no, I️t happens with Spotify, YouTube, Apple Music",@626525 Let's continue from DM to see what we can do: https://t.co/GDrqU22YpT
2128184,626532,Wed Nov 08 18:15:52 +0000 2017,@AppleSupport my battery life is a mess and my phone keeps crashing ever since that AWFUL update. I’m so tired of y’all.  Every time a new phone releases I have the utmost issues. IM SICK OF IT.,@626532 Let's look into this for you. How long does a full charge usually last? How often are you charging in a day? Let us know in DM. https://t.co/GDrqU22YpT
2128203,626534,Wed Nov 08 18:15:56 +0000 2017,. @AppleSupport …and again. https://t.co/BRzRsvhFGB,@626534 Here’s what you can do to work around the issue until it’s fixed in a future software update: https://t.co/xXaXeeSRt9
2128251,626549,Wed Nov 08 18:10:51 +0000 2017,@AppleSupport I️ am not happy with my I️ button,@626549 Here’s what you can do to work around the issue until it’s fixed in a future software update: https://t.co/xXaXeeSRt9
2129149,626761,Wed Nov 08 21:45:50 +0000 2017,@AppleSupport Just now  I’ve been fixed it,@626761 We're glad to hear you fixed it just now! Just reach out again if you need more help and have a good one.
2130288,627020,Wed Nov 08 18:48:03 +0000 2017,@AppleSupport please fixed this before i switch android again. https://t.co/tfaYl94mUL,@627020 Here’s what you can do to work around the issue until it’s fixed in a future software update: https://t.co/xXaXeeSRt9
2132161,627457,Wed Nov 08 20:59:12 +0000 2017,@AppleSupport Voice control is ruining my life,@627457 Thanks for the info. What happens when you try to use Voice Control? Send us a DM and we'll take a look together. https://t.co/GDrqU22YpT
2133432,627727,Wed Nov 08 15:51:07 +0000 2017,@AppleSupport can we please get an update that removes the error when I️ type an I️. https://t.co/fUxc1ev2UK,@627727 Here’s what you can do to work around the issue until it’s fixed in a future software update: https://t.co/xXaXeeSRt9
2134876,628090,Wed Nov 08 15:44:25 +0000 2017,"@AppleSupport Hi, I bought iPhone X outright on 11/3. Can I return it and repurchase on Apple Upgrade plan?",@628090 We're here for you. You'll want to reach out to our sales team here: https://t.co/8yjRd1Xo0i
2134886,628094,Wed Nov 08 16:43:41 +0000 2017,@AppleSupport updated to 11.2 &amp; now my messages app crashes anytime I try to open it !!,@628094 Hi there. We got your DM and will continue with you there.
2136692,509249,Wed Nov 08 16:47:31 +0000 2017,@AppleSupport when y’all gone fix this I bug?,@509249 Here’s what you can do to work around the issue until it’s fixed in a future software update: https://t.co/xXaXeeSRt9
2139917,629332,Thu Nov 09 01:51:51 +0000 2017,@629333 @AppleSupport Well guess not even your fix doesn’t work,"@629332 Let's take a look at this together. To continue, please DM us with the link below. https://t.co/GDrqU22YpT"
2139925,127615,Wed Nov 08 21:52:20 +0000 2017,"@AppleSupport why can I️ not type the letter “I️” now? (In case my phone puts characters instead, it’s the letter “eye”",@127615 Here’s what you can do to work around the issue until it’s fixed in a future software update: https://t.co/evcqP6KgPj
2140947,629576,Wed Nov 08 22:49:27 +0000 2017,@AppleSupport Thanks so much 💛,@629576 We're glad that we were able to assist. Thanks for taking the time to reach out!
2142284,555192,Wed Nov 08 22:52:44 +0000 2017,@AppleSupport how much is it to get the charging port fixed on a iPhone 5s?,@555192 We would love to work together with you on this particular issue. Meet us in DM with your country to get started: https://t.co/GDrqU22YpT
2142289,211014,Thu Nov 09 20:06:26 +0000 2017,@AppleSupport 11.1,@211014 Let's go ahead and update to iOS 11.1.1 but make sure to back up your iPhone first. Let us know how your iPhone is working after installing this update.
2142376,629918,Wed Nov 08 22:53:48 +0000 2017,"How my phone die, I turn it back on and it’s at 31%? 

 @AppleSupport",@629918 We want your iPhone to work as expected and would like to look into this with you. May we ask which iOS version you're on?
2143336,153405,Wed Nov 08 20:51:25 +0000 2017,@AppleSupport the fix is not working My i’s are still stuff correcting weird,"@153405 We're not sure what you've tried, but here's a workaround until it’s fixed in a future update: https://t.co/xXaXeeSRt9"
2144568,630508,Wed Nov 08 22:43:40 +0000 2017,@AppleSupport can we work on the I️ glitch please? Thanks.,@630508 Here’s what you can do to work around the issue until it’s fixed in a future software update: https://t.co/xXaXeeSRt9
2145462,424769,Thu Nov 09 00:02:48 +0000 2017,@AppleSupport Yes,"@424769 Thanks for letting us know. Going forward, we'd like to have you reach out to us in DM, and we'll continue from there. https://t.co/GDrqU22YpT"
2145638,630771,Wed Nov 08 23:01:50 +0000 2017,@AppleSupport fix the issue with the letter I changing to a question box,@630771 Here’s what you can do to work around the issue until it’s fixed in a future software update: https://t.co/xXaXeeSRt9
2145654,630778,Thu Nov 09 00:16:18 +0000 2017,@AppleSupport iOS 11.1,@630778 Are you seeing this issue with any specific apps or usage?  Do you do anything to restore function?
2146629,631024,Wed Nov 08 20:52:04 +0000 2017,@AppleSupport From within apps using either insert photo option or add attachment. Thanks.,@631024 What device are you currently using? Let us know in Direct Message and we'll take a closer look. https://t.co/GDrqU22YpT
2148042,631362,Thu Nov 09 00:33:47 +0000 2017,@AppleSupport Yes ! The music will start and stop on its own as well as pause for seconds at a time. Also phone lags,@631362 What model iPhone do you have? Does this only happen with the Apple Music app? Does the same thing happen with other apps too?
2148054,283268,Wed Nov 08 23:37:35 +0000 2017,Dear @AppleSupport fix my I️! The text replacement fix doesn’t work for me nor should we have to do it 😩,@283268 Let’s take a closer look at this. DM us a screenshot of what you see in Settings &gt; General &gt; Keyboard &gt; Text Replacement https://t.co/GDrqU22YpT
2148072,631369,Wed Nov 08 23:42:21 +0000 2017,Some #WednesdayWisdom - the problem with the iPhone typing an “I” not limited to iPhone - check out messages on MacOS! Cc @AppleSupport https://t.co/b5ik0I5Bwg,@631369 We'd be happy to look into this. DM us and we'll go from there. https://t.co/GDrqU22YpT
2148118,119021,Wed Nov 08 23:22:55 +0000 2017,@AppleSupport why “I” can’t see the “I” letter 😰? https://t.co/YTg1A0ptb1,@119021 Here’s what you can do to work around the issue until it’s fixed in a future software update: https://t.co/xXaXeeSRt9
2148152,631395,Thu Nov 09 00:14:55 +0000 2017,@AppleSupport I️ am so fed up with all these issues!!,@631395 We'd like to help. DM us with a bit more detail on what's going on and we'll go from there. https://t.co/GDrqU22YpT
2149121,631629,Thu Nov 09 00:42:12 +0000 2017,"@AppleSupport I am enjoying it! Too much I think, actually. It’s like the phone can’t handle all the swiping or something",@631629 Let's take a closer look. DM us the version of iOS you're using and we can go from there. https://t.co/GDrqU22YpT
2149188,631654,Thu Nov 09 00:28:50 +0000 2017,@AppleSupport help! All my photos have disappeared from my iPhone6 without warning. So upset 😥😭,@631654 Let's get you to the best place for help with your Photos. Please reach out to our phone team here:  https://t.co/IBIY3vMgPj https://t.co/GDrqU22YpT
2149971,631874,Thu Nov 09 00:39:57 +0000 2017,@AppleSupport I’m having problems with battery life on my iPhone 6s I could watch a video and the phone used 10% is it the latest update?,@631874 We've got your back and will work on your battery life. Have you made sure to optimize your settings? https://t.co/BGb00taxed
2150277,631961,Thu Nov 09 01:14:41 +0000 2017,@AppleSupport @631960 Hi I did this and now random letters are turning into the symbol too and the shortcut stopped working,@631961 We'd love to look into this further with you. Please DM us and let us know which device and iOS version you're using. https://t.co/GDrqU22YpT
2150330,631979,Thu Nov 09 00:54:36 +0000 2017,real talk how yall fuckin up the letter “i”? the shits been apart of your products moniker for literally a WHOLE decade @AppleSupport @115858,@631979 Here’s what you can do to work around the issue until it’s fixed in a future software update: https://t.co/xXaXeeSRt9
2151230,632213,Thu Nov 09 01:16:29 +0000 2017,"@applesupport What the heck is going on?  Something wierd is happening with MY iPhone as well as a friends.  When we are texting, and type I, the phone changes it to an A, with a wierd box with a ? inside. https://t.co/gqCoua9NiL",@632213 Here’s what you can do to work around the issue until it’s fixed in a future software update: https://t.co/xXaXeeSRt9
2151238,632216,Thu Nov 09 01:14:23 +0000 2017,@AppleSupport my messages app keeps crashing every time I try and open it. This started after downloading 11.2 public beta 2. Is there an issue with this update. I’ve tried a hard reset and am still seeing the issue. Anything else I should try?,@632216 Thanks for reaching out. Are you a developer or public beta tester? Please DM us. https://t.co/GDrqU22YpT
2152078,632397,Thu Nov 09 01:34:12 +0000 2017,Hey @AppleSupport what’s up with the I️ thing and how do I️ make it go away?,@632397 Here’s what you can do to work around the issue until it’s fixed in a future software update: https://t.co/xXaXeeSRt9
2152078,632397,Thu Nov 09 01:34:12 +0000 2017,Hey @AppleSupport what’s up with the I️ thing and how do I️ make it go away?,@632397 Here’s what you can do to work around the issue until it’s fixed in a future software update: https://t.co/xXaXeeSRt9
2152085,632399,Sun Nov 26 20:09:38 +0000 2017,@AppleSupport Upon opening the app.,"@632399 Got it. Let's try the steps in the following link: https://t.co/fUZ0NRJxcn This will help us cover a lot of ground and, should they not help, DM us which country you're in using the following link and we'll look into additional support options: https://t.co/GDrqU22YpT"
2152138,632413,Sun Nov 26 04:32:04 +0000 2017,Soooo done with iPhones b recently switched to a note and now I can't text him @AppleSupport,"@632413 Texting your friends and family is important and we may have a fix for this. Has he deactivated iMessage? If not, it may be the reason why he's not getting your messages, check this out: https://t.co/ROWCDpLSgQ"
2152148,386061,Sun Nov 26 13:43:39 +0000 2017,@AppleSupport That’s not an option on the X https://t.co/mNmDVKOXwy,@386061 On the iPhone X you can only see the battery percentage in Control Center. You will not be able to add it to the status bar.
2152997,632641,Thu Nov 09 01:40:04 +0000 2017,Disappointed in the service at University Ave @115858 @AppleSupport store.,@632641 That's not the type of experience that we want you to go through. DM us some more details of what happened. We want to help. https://t.co/GDrqU22YpT
2169708,180742,Thu Nov 09 03:58:58 +0000 2017,@AppleSupport bro what’s up with your iOS lol. Live Photo’s keeps turning on even though I️ have it disables in settings,"@180742 Thanks for reaching out! DM us which iPhone and iOS version you're experiencing this issue on, and we'll continue from there. https://t.co/GDrqU22YpT"
2171624,636919,Thu Nov 09 04:05:13 +0000 2017,Hi @AppleSupport since the latest update my iPhone 6s is lagging way too much is it your strategy to entice us to switch to new iPhones?,"@636919 Thanks for reaching out. We'd like to help. Please send us a DM with your current iOS version, and we'll get started. https://t.co/GDrqU22YpT"
2172797,637176,Sun Nov 05 05:18:05 +0000 2017,@AppleSupport BRUH WHY IS MY PHONE CHANGING MY WORDS TO A “?”!!!!!! my phone is fucked and i️ wanna know what the fuck is up,@637176 We have a workaround for this here: https://t.co/xXaXeeSRt9 DM us if you still need help.
2172828,306401,Thu Oct 19 03:42:54 +0000 2017,@AppleSupport This killing of battery life for all phones pre-8 in the wake of iOS 11 is ridiculous. Fix it.,@306401 We'd like to look at your battery issues. DM us which device and its current iOS version to get started. https://t.co/GDrqU22YpT
2177198,638139,Thu Nov 09 12:15:20 +0000 2017,Anyone know why my iPhone is suddenly capitalizing random words in the middle of sentences? @AppleSupport #iphone6splus #apple #iphone,@638139 Let's Look into that. Send us a DM and we'll go from there. https://t.co/GDrqU22YpT
2177223,225304,Sun Nov 26 18:03:15 +0000 2017,@AppleSupport @638149 I’m Having This Exact Same Problem. My Battery Won’t Hold For 2-Hours,"@225304 We'd love to take a look!  We want to ensure that you have a good charge to get you through the day.  To start, have you followed the tips shown here: https://t.co/bivpdfBNJ6"
2177323,638184,Thu Nov 09 11:33:18 +0000 2017,"@AppleSupport after the last update iTunes no longer manage IOS https://t.co/EX0jWZPCvD, what do I do about all these apps on the Mac?",@638184 There were recent changes with iTunes. You can read more on those changes here: https://t.co/pxseZbMQ8z
2177345,638192,Thu Nov 09 09:51:35 +0000 2017,"@AppleSupport My iPhone 7 Plus dead after updating to iOS 11.1What happened with this update","@638192 We want to do everything we can to get your iPhone back up and working.  Make sure you have covered everything in this article, and let us know if it powers on: https://t.co/8MvHMFZ83h"
2177394,241278,Thu Nov 09 10:16:42 +0000 2017,@AppleSupport there are some videos from my phone library can’t be played normally and just keep loading as shown on this pic !! What could be the issue! https://t.co/8xVUuO4QtD,@241278 We'd like to gather some more information for better troubleshooting. Can you DM us the country you are located in? https://t.co/GDrqU22YpT
2177962,638358,Thu Nov 09 09:30:39 +0000 2017,@AppleSupport battery life completely messed up after latest iOS update. From 100% to 0 in 5 minutes. Have to be constantly plugged in. HELP,"@638358 Let's get this issue with your battery corrected. To confirm, is your device running iOS 11.1 now, or are you using another version currently?"
2179488,638712,Sun Nov 26 07:00:16 +0000 2017,Dear @115858 @AppleSupport please also concentrate on iphone 6 model too when update is rollout. Really it’s annoying after update 11.1.2 iOS. Battery standup is not even one full day. Why i chose iPhone is for battery &amp; performance.But now?I hope you listen to your customers.🙁📱,@638712 We can work together toward a solution to this. DM us and we'll get started there. https://t.co/GDrqU22YpT
2185392,154498,Thu Nov 09 14:33:22 +0000 2017,@AppleSupport It doesn't connect only when it turns on automatically.,"@154498 When it automatically turns on, does it automatically connect to any Wi-Fi network?"
2185474,222814,Thu Nov 09 16:50:37 +0000 2017,@AppleSupport also why does the app keep reappearing when I turn my power of and turn it back on. I did not download this I want it gone,"@222814 We understand, and we want to get to the bottom of this. Does that app show up if you have a look at your purchase history? https://t.co/7LU2nj59FH Please let us know the answer in DM, and we'll continue there. https://t.co/GDrqU22YpT"
2185528,640064,Thu Nov 09 16:36:23 +0000 2017,@AppleSupport FYI:  I upgraded my iPhone 6plus to the latest iOS.  I now HATE my iPhone.  Many complaints but the worst by far is that the phone is nearly unusably slow.  I've always bought iPhone as my smart phone but will look at android next time around.,"@640064 It's important that your iPhone works properly and is responsive when you need it to be. We can look into what's going on with you. When are you noticing the slow behavior, with any certain apps or functions? Does anything temporarily help resolve it?"
2187673,640619,Thu Oct 19 07:17:30 +0000 2017,@AppleSupport est-ce que le bug qui consiste à ne pas se déconnecter complètement du wifi et Bluetooth en iOS 11 va bientôt être corrigé ?,@640619 We offer support via Twitter in English. Contact us for help in your preferred language here: https://t.co/IBIY3vMgPj
2187681,640620,Thu Oct 19 20:21:29 +0000 2017,"@AppleSupport No. As I said, site went back later in the morning. It was also unavailable from my iPhone, where some iCloud settings menu didn't work",@640620 Let's take things to DM from here for our next steps. https://t.co/GDrqU22YpT
2187686,640622,Thu Oct 19 07:33:09 +0000 2017,"@AppleSupport  you butchered the only voicemail I have from my mom as she has passed away, can you fix this? https://t.co/HqjBUlVgpF",@640622 We're sorry to hear that. Let's have a look at this. Please DM us. https://t.co/GDrqU22YpT
2187883,640679,Thu Oct 19 17:43:25 +0000 2017,"@AppleSupport No, sound plays perfectly on other apps. Only when calling it disappears",@640679 Let's see if the information in this article helps: https://t.co/XlmCP2gCtj
2193265,641882,Thu Nov 09 21:29:01 +0000 2017,@AppleSupport I did already.,"@641882 OK, thanks. Are you seeing this issue when you type or when reading what others have typed?"
2193310,641897,Thu Nov 09 20:20:42 +0000 2017,I wonder what these random ? marks mean. I can’t see the emoji but i definitely dont trust @AppleSupport &amp; @115858 to do another awful update,@641897 We're happy to help. We know how important it is for your keyboard to function properly. We've released a new update to resolve this issue. We recommend backing up your iPhone first and update to our latest iOS 11.1.1 version. https://t.co/xXaXeeSRt9
2193345,641905,Thu Nov 09 16:00:57 +0000 2017,@AppleSupport so are y’all gonna fix the glitch with the letter or like what? https://t.co/fTGu3gMWEp,"@641905 An update has been released to assist with this issue. If you haven’t yet, please back up your device and update it to the latest version, iOS 11.1.1. For more info, check out: https://t.co/xXaXeeSRt9"
2193440,641937,Thu Nov 09 20:16:47 +0000 2017,"@116333 @2310 @115858 @AppleSupport So love my new iPhone X apart from the fact I can’t taken photos at night with lights in it, without this happening..? Blue dots/square appearing!! Main reason I bought the phone was for the camera - same thing is happening to my brothers https://t.co/COrngFCQHs",@641937 We want to help. DM us the country you're currently located and your exact iOS version here: https://t.co/GDrqU22YpT
2205762,157934,Thu Nov 09 22:17:52 +0000 2017,"@AppleSupport i️ have 11.1. i️ don’t get an error message for it, but today when i️ deletes an app that wouldn’t install i️ did. it just said that it couldn’t be installed and to try again later or whatever. while we’re at it can we fix the i️ problem ?",@157934 We're here for you. Let's get you updated to iOS 11.1.1 to see if the issue persists. Remember to create a backup first. You can find instructions for updating here: https://t.co/80YRnjDFDk
2205772,644923,Thu Nov 09 17:51:45 +0000 2017,"Hey @115858 @AppleSupport, you can keep ""secretly"" making the #BatteryLife on my #6s run out faster and faster as well as make the #iOS on my phone glitchy with these updates...🗣 IM STILL NOT GONNA BUY YOUR NEW PHONES UNTIL IT DOES SOMETHING NOTEWORTHY AND COOL!

#AnimojisAreDumb https://t.co/NG7bud0n3g","@644923 We're here to help and would like to look into what's going on with your iPhone 6s. We've just released iOS 11.1.1 for your iPhone, iPad, and iPod touch. Have you updated recently?"
2205776,644925,Thu Nov 09 22:19:02 +0000 2017,@AppleSupport it’s still not fixed.,@644925 Thanks for reaching out this is not the experience we'd expect you to have and we'll do everything we can to assist. Are you currently updated to iOS 11.1.1?
2205802,644934,Thu Nov 09 21:05:27 +0000 2017,@115858 @AppleSupport I’m about tired of you guys my camera doesn’t work for no reason I️ just wanna record my baby lmao the Apple store is over an hour away :-) and this freaking I️ !!!!!!,@644934 Let's get you back to using your camera. What happens when you try to use it? We recently released an update to help with the autocorrect issue. Please use these steps to back up and update: https://t.co/80YRnjDFDk
2205868,644954,Thu Oct 19 13:27:29 +0000 2017,"Really @AppleSupport  between this all morning and blank lock screens that no amount of resetting will fix, your updates are crap. https://t.co/GwB79jl4Np",@644954 We'd be happy to look into this with you.  Please reach out to us via DM and we'll get started. https://t.co/GDrqU22YpT
2205932,681940,Mon Nov 13 20:34:23 +0000 2017,@644979 @AppleSupport Same with me. I have iphone 7 and the battery drains very quickly. Though i use it a lot but still the battery drains very quickly.  And this wasn’t the same before the update,"@681940 We want your iPhone to be available for you when you need it. Meet us in DM where we can partner together to investigate where your charge is going, and plan the most relevant steps to help you use your iPhone confidently! https://t.co/GDrqU22YpT"
2205936,644981,Thu Nov 09 22:04:25 +0000 2017,"Annnnd just like that, it's stopped working *again*. Hey @AppleSupport can I do an out of warranty replacement with a newer model, or does it have to be the same one? #thisphoneiskickingthebucket #cantaffordanewone #crappyiphone https://t.co/rihlugpMyj",@644981 Let's look into this. Send us a DM and we'll go from there. https://t.co/GDrqU22YpT
2205938,644982,Thu Nov 09 21:59:39 +0000 2017,Dear @AppleSupport I need my contacts back. 😭,@644982 We'd like to help. Let's take this to DM and we'll explore ways to provide you assistance. https://t.co/GDrqU22YpT
2207013,645261,Thu Oct 19 13:55:58 +0000 2017,"@AppleSupport Perfect, sent you what I had. Thank you.","@645261 Awesome. Thanks for taking the time out of your day to send that to us, we appreciate it!"
2207528,645406,Fri Nov 10 02:32:52 +0000 2017,"@AppleSupport I just his update on 11.1.1 (I think this is the number), it downloaded and it says that I can install, after back up.... iCloud",@645406 Got it. We'd like to make sure that the next steps we provide fit the current status of your iPhone. Can you provide us with the exact wording of the message in DM? https://t.co/GDrqU22YpT
2207534,148502,Fri Nov 10 01:23:10 +0000 2017,@AppleSupport Sent you a message @AppleSupport,@148502 We got your DM and responded there.
2207706,645455,Thu Nov 09 23:09:06 +0000 2017,"@AppleSupport Hi, my order for a X on the upgrade programme “will arrive by 1/12”, will I be told when it’s actually available? Might it be before then...? #wantitnow",@645455 We'd like to help guide you in the right direction. What country or region are you located in?
2208775,645696,Thu Oct 19 13:45:03 +0000 2017,Updated my phone so I could have the portrait mode. Updated and portrait mode isn’t showing up in my camera - help me @AppleSupport,@645696 We can help with portrait mode. Which version of iOS 11 are you on? You can check in Settings &gt; General &gt; About &gt; Version
2210628,123174,Sun Nov 26 16:06:32 +0000 2017,@AppleSupport Yes,"@123174 Alright, let's see what else we can figure out then. Do you have any issues when making calls or is it only when receiving them? Also, do you have a backup of your iPhone either in iTunes or iCloud?"
2210690,646150,Sun Nov 26 08:37:10 +0000 2017,"Worst iOS update I ever had. Apps keep on crashing! @AppleSupport, what’s up with this? Thanks for making 11 crappier.",@646150 Let's work on this together and see how we can help. Which version of iOS 11 are you on? Check here: Settings &gt; General &gt; About &gt; Version. Are you seeing this issue with only specific apps?
2210722,646157,Mon Nov 27 16:15:09 +0000 2017,"@AppleSupport Hey, haven’t got any such notification about battery. I’m on the latest,11.1.2. Heating continues, and something randomly while not charging as well.",@646157 That's great to hear. That means the issue is likely software related. Let's go ahead and continue isolating the issue further within DM here: https://t.co/GDrqU22YpT
2210765,646172,Mon Nov 27 06:44:28 +0000 2017,@AppleSupport 6s,"@646172 Thanks for updating us with this information. Which iOS version is installed? Also, how much available space is on the iPhone?"
2210769,646172,Mon Nov 27 20:19:38 +0000 2017,"@AppleSupport IOS 11.1,   70 GB of storage free",@646172 Let's look into this in more detail together. Send us a DM letting us know which country you're in and we'll continue from there: https://t.co/GDrqU22YpT
2212732,613788,Fri Nov 10 03:59:55 +0000 2017,@115858 @AppleSupport can y’all please fix this I️ issue that keeps happening,"@613788 An update has been released to assist with this issue. If you haven’t yet, please back up your device and update it to iOS 11.1.1. DM us for any questions. For more info, check out: https://t.co/ui8Itz8ESg https://t.co/GDrqU22YpT"
2212796,646696,Fri Nov 10 03:54:53 +0000 2017,@115858 @AppleSupport Y’all really need to fix this “I️” jawn cause y’all got me out here texting girls like I’m Jar Jar Binks,"@646696 iOS 11.1.1 was recently released and it includes a fix for auto-correct issues. Be sure to back up your device prior to updating, and DM us if the issue persists afterwards. How to back up: https://t.co/ui8Itz8ESg https://t.co/GDrqU22YpT"
2220460,166992,Thu Oct 19 15:12:59 +0000 2017,"Hello! @AppleSupport when I got my phone upgraded my pics and videos in my text message threads didn’t reload, how can I recover them?","@166992 We're happy to help. DM us more details about what's happening, and we'll get started. https://t.co/GDrqU22YpT"
2220747,648612,Fri Nov 10 04:10:44 +0000 2017,@AppleSupport no why do u think it would be any diffrence ive been threw this a million times myself i do no how to download latest itunes it just fails when trying to install,"@648612 Are you receiving a specific error message when installing? Are there any other Apple software components installed? If so, let us know if it helps to uninstall in the order recommended in this guide: https://t.co/UnjgkUaHrZ https://t.co/GDrqU22YpT"
2229321,650575,Fri Nov 10 10:37:10 +0000 2017,@AppleSupport I have an open case with you for battery drainage on 7plus - am charging 4 Times a day and followed all instructions now no1 coming back?! #unacceptable,@650575 We know how important it is to have a working and reliable battery. We'd be happy to look this over with you. DM us more information about your existing case and we'll take a look https://t.co/GDrqU22YpT
2229420,575875,Fri Nov 10 09:09:07 +0000 2017,@115858 @AppleSupport  see I️ dey hate shit ok? https://t.co/UaZtyNOaxc,"@575875 We recently released an iOS update, 11.1.1, that contains a fix for autocorrect issues. Let’s be sure to back up your device prior to updating. How to back up: https://t.co/4f8hwT5to6"
2229474,650625,Fri Nov 10 09:14:07 +0000 2017,"@AppleSupport Apps aren’t downloading, haven’t been since I purchased ph a month ago. Rebooting doesn’t help. The circle just keeps buffering after Touch ID. Help? https://t.co/8LgajIIUsJ",@650625 We understand you need to update and download apps on your iPhone so you can get the latest versions and features. Let's get this figured out. Have you tried to download on a different Wi-Fi network?
2234444,651762,Thu Oct 19 16:07:19 +0000 2017,@AppleSupport Order an Apple Watch series 3 on the first day of October. Why is it taking a month to even ship?,@651762 Thanks for reaching out! We recommend checking with our Online Sales Support Team for more help: https://t.co/8yjRd1Xo0i
2234458,651765,Thu Oct 19 15:52:23 +0000 2017,"@AppleSupport just hd my 6 crash 7 times over an hour trying to send 1 simple, important email. Why push iOS updates whn ish don’t work?!","@651765 We’d love to help. To start, please send us a DM letting us know the exact iOS version you are using. https://t.co/GDrqU22YpT"
2237137,652359,Fri Nov 10 15:59:25 +0000 2017,Tengo este problema desde que intenté restaurar mi iPad Air . Ya son 3 días  he intenso conectando a iTunes sin éxito d igual menera @AppleSupport @115858 @43730 @4464  ayuda por favor . https://t.co/t8cg8hzcPY,@652359 We offer support via Twitter in English. Get help in Spanish here: https://t.co/IBIY3vMgPj or join https://t.co/OczyRx7IOs
2237143,652362,Fri Nov 10 16:03:58 +0000 2017,"Aye mane say mane , y’all need to fix the letter “i” glitch. Like yesterday. -Sincerely EVERYBODY ‼️‼️ @115858 @AppleSupport","@652362 iOS 11.1.1 was recently released and it includes a fix for auto-correct issues. Be sure to back up your device prior to updating, and let us know if the issue persists afterwards. How to back up: https://t.co/4f8hwT5to6"
2237204,652378,Fri Nov 10 15:41:13 +0000 2017,Went to the @115858 Store at Century City because my iPhone 7 has a couple of stuck pixels and I was told it was definitely my fault for causing water damage to it(they never checked the phone) and the best sentence ever: “You can live with it”. What has happened to @AppleSupport?,@652378 We'd like to look further into this with you. Please send us a DM with more info about the pixels you are seeing to continue. https://t.co/GDrqU22YpT
2237209,513915,Fri Nov 10 15:43:03 +0000 2017,I updated my phone again and still see the boxes for emojis. Fix this shit ASAP!!! @AppleSupport,@513915 We'd like to gather some more information for better troubleshooting. Can you DM us the country you are located in? https://t.co/GDrqU22YpT
2237363,652433,Fri Nov 10 15:24:43 +0000 2017,"@AppleSupport return me the ios10.3, ios 11 is worst... i hate it... it doesn’t work properly, lags a lot, hangs",@652433 Thanks for reaching out. We're here to help. DM us so we can look into this further with you. https://t.co/GDrqU22YpT
2237372,389190,Fri Nov 10 15:05:22 +0000 2017,@AppleSupport where is the setting to get the podcast app to play the next podcasts continuously? ios11.1,"@389190 Hi there. You can enjoy continuous podcast play by adding episodes to the “Up Next” queue. This article has info on how to do that: https://t.co/dcBYo5Gxwr
If you’d like suggest a different way to listen, you can submit feedback with this link: https://t.co/eTPVYVFyd8"
2241145,653424,Fri Nov 10 23:14:46 +0000 2017,"@AppleSupport The autocorrect is marking all none American spellings as incorrect though my English is set to Ireland (I’d had it set to uk, same issue)","@653424 If you wouldn't mind, could you send us a DM and let us know if this occurs in multiple apps, please? https://t.co/GDrqU22YpT"
2242596,476540,Thu Oct 19 16:45:11 +0000 2017,@115948 I pay to have music on my phone every month so can @AppleSupport figure out the problem &amp; fix it. Please &amp; thank you🤦🏽‍♀️,@476540 We can assist you. Which iPhone model are you using?
2246753,654779,Sat Nov 25 14:18:50 +0000 2017,@77272 @654780 Really @AppleSupport ?? What’s with the “I” to I️ autocorrect randomness? It actually shows “I” on my tweet but then sends I️ !! https://t.co/AweDxDu5db,"@654779 An update has been released to assist with this issue. If you haven’t yet, please back up your device and update it to iOS 11.1.2. For more info, check out: https://t.co/4f8hwT5to6"
2246885,654803,Sat Nov 25 14:33:18 +0000 2017,@AppleSupport this is the second update that has messed with the compatibility of charging devices! Keep getting that dreaded msg when charging iPads or iPhones!,@654803 Hi. We want you to have a great experience updating your devices. Let us help. DM us and tell us more about the issues you're having and we'll go from there. https://t.co/GDrqU22YpT
2247021,654842,Sat Nov 25 14:12:10 +0000 2017,@AppleSupport omg fix fucking airdrop for the love of god pls,"@654842 We're happy to look into issues you're experiencing with AirDrop. Please DM us your model device, the iOS version installed and details of the issue you're experiencing. We'll do our best to help sort things out. https://t.co/GDrqU2kzhr"
2253412,656436,Sat Nov 11 01:24:09 +0000 2017,@AppleSupport Through the watch app on my phone 📲,@656436 Let's try unpairing the watch and setting it back up: https://t.co/UCuy0qGg07
2253516,118106,Sat Nov 11 03:13:40 +0000 2017,"@AppleSupport My parents share the same Apple ID, and they have two phones, but they are unable to Facetime each other. Is that right?","@118106 We're happy to clarify. They can FaceTime each other if their ""You can be reached by FaceTime at"" and ""Caller ID"" are set to their respective numbers. Also, it may be a great idea to look into Family Sharing for them: https://t.co/ERCiFrN6Q1 Questions? DM us: https://t.co/GDrqU22YpT"
2253567,294777,Sat Nov 11 14:08:32 +0000 2017,@AppleSupport I always update from my device only.. phone hanging issue is so common nowadays for me..yesterday my phone was switched off and was vibrating.. it’s been close to two months please give me a proper solution,@294777 Thanks. Let's look into this further. Send us a DM and we'll continue from there. https://t.co/GDrqU22YpT
2255290,128838,Fri Nov 10 22:25:45 +0000 2017,STUPID @AppleSupport !! I️ run the update and then I️ get the I️ bug. 😡 https://t.co/atAWHuZBZU,"@128838 We'd be glad to look into this with you. Just to confirm, are you on iOS 11.1.1? If so, DM us which iPhone you're using: https://t.co/GDrqU22YpT"
2255319,656901,Fri Nov 10 21:49:20 +0000 2017,"@AppleSupport hi 🍎 I’ve been having trouble with a black screen self camera, while the front facing camera is normal. I can’t even FaceTime.  I have an iPhone seven and it just started acting this way. My phone isn’t cracked or anything. Any suggestions or help?","@656901 Let's work together to get your camera to see you again! First, make sure there's nothing blocking the camera, if you have a case or protector, try removing it. If there's no change, let's force both the Camera and FaceTime apps to close: https://t.co/RqqIctrDWV"
2255338,656905,Sat Nov 11 03:50:32 +0000 2017,@AppleSupport Booted in DFU and connected to iTunes. iTunes downloaded 11.1.1.,@656905 We want to look further into this issue. Reach us via DM to continue. https://t.co/GDrqU22YpT
2255361,299048,Fri Nov 10 22:03:49 +0000 2017,@AppleSupport Current version is 11.1,"@299048 Thanks for clarifying that! We understand what you mean. Recently we released a software update. Please back up, update, and test to see how your iPhone is behaving. You can DM us the result. Here's how to back up: https://t.co/tHicJHB57O https://t.co/GDrqU22YpT"
2255374,247153,Fri Nov 10 22:09:03 +0000 2017,"@AppleSupport That fixed that problem, but now there's a new problem: It deleted most of my photos and videos??","@247153 No worries. More than likely your photos and contacts are syncing back onto your device from iCloud. If you visit https://t.co/tmRhWEkIq4 from a computer, is everything visible there?"
2255415,656919,Sat Nov 11 03:55:31 +0000 2017,@AppleSupport I'm still just wondering if there's a way to make it all available offline like it was before.,@656919 We'll be happy to research further options to get your music downloaded in DM. Send us a message and we'll be there. https://t.co/GDrqU22YpT
2255523,656945,Fri Nov 10 21:51:29 +0000 2017,"@AppleSupport I got my 7+ in June and ever since I’ve updated to the iOS-11 versions, my apps and phone firmware have been extremely unstable.","@656945 Hi. We'd like to look into the issue you're having. Tell us more about what's happening with your iPhone. Is it slow or becoming unresponsive? Also, what's the exact version of iOS you have installed? Let us know in DM. https://t.co/GDrqU22YpT"
2261517,658445,Sat Nov 11 03:45:01 +0000 2017,@AppleSupport @658444 i need help from apple support. my phone was stolen and i have all the details of my phone and i don't want to block it coz i want to capture culprit. pm me tnx,@658445 We want to help. We understand how a missing device would be an issue. Please DM us. https://t.co/GDrqU22YpT
2261569,658460,Sat Nov 11 00:43:18 +0000 2017,Why am I still seeing a black box with a question mark in it even if I updated my software? @AppleSupport,@658460 We want to help! What model of iOS device are you using? Are you using the most recent version of iOS 11.1.1? DM us and let us know. https://t.co/GDrqU22YpT
2266058,659594,Sun Nov 12 14:12:50 +0000 2017,"@AppleSupport heard the new update is lagging and is super slow, so once that’s fixed then i’ll update it.","@659594 We strongly encourage you to keep your device up-to-date, as it can often help to resolve unexpected behaviors. Feel free to meet us in DM if you have additional questions. https://t.co/GDrqU22YpT"
2269958,660518,Sun Nov 26 14:28:16 +0000 2017,He ido a actualizar mi #Iphone7Plus y se me ha borrado todo 😡🤬 ¿Que pasa con iOs? @115858 @AppleSupport #iOs1112,@660518 We offer support via Twitter in English. Get help in Spanish here: https://t.co/IBIY3vMgPj or join https://t.co/OczyRx7IOs
2269980,660527,Sun Nov 26 14:17:51 +0000 2017,@AppleSupport I was setting up an iPhone and it got locked due to the fact the account pin was wrong,"@660527 We can work together to get this resolved. We'd like to clarify the issue, Can you tell us how your iPhone is locked? For example, Activation Locked, passcode locked or something else?"
2270003,660534,Sun Nov 26 14:03:41 +0000 2017,@AppleSupport Sending a link to Twitter from Safari has crashed my MacBook several times now.  Could it be related to the 140 vs 280 character change?,"@660534 Hey there! Thank you for contacting us for support. We're here to lend a hand. Are you having any issues sending links from other websites on Safari? Also, do you receive any error messages before your MacBook crashes?"
2271642,660893,Mon Nov 20 20:40:30 +0000 2017,"@AppleSupport Since updating to 11.1.2, my 5S loses almost one percentage point a minute, even when no apps are running. If I listen to music, I've got about an hour, tops. A text eats up a good 5%. My battery does not need service. When are you releasing a fix? This is madness.",@660893 That's certainly not normal behavior at all. We know how important your battery is and we'll be happy to troubleshoot this with you. The iPhone has the ability to self-diagnose some battery concerns. Do you see this service battery message? https://t.co/KyywFa9iZ3
2271652,660895,Mon Nov 20 20:41:15 +0000 2017,@AppleSupport  Apple why is my iPhone changing ‘it’ to I.T wtf is I.T?!!!!!!!!!!!!!,"@660895 Thanks for contacting us, we can help you with your Auto-Correct issue. Which iOS version if your iPhone running? 

How to find the iOS version: https://t.co/ZTw54HL4Rm"
2271754,660916,Mon Nov 20 20:20:19 +0000 2017,"@AppleSupport I'm very unhappy with my MacBook pro w/ Touch Bar. It's always slow, can't have more than one program open at a time, programs freeze and stop, and the touch bar glitches. It was so expensive and I can't afford a new one. It's out of warranty. Do I have any options?",@660916 This is not the experience we want you to have with your Macbook Pro. Reach out to us in DM with more information. https://t.co/GDrqU22YpT
2273960,661416,Sat Nov 11 04:11:10 +0000 2017,@AppleSupport The newest update &amp; it’s still acting crazy smh,@661416 DM us the exact iOS number showing on that page and we can take a look at this. https://t.co/GDrqU22YpT
2273968,661419,Sat Nov 11 04:12:31 +0000 2017,@AppleSupport get your shit together and fix this I bug PLEASE.,"@661419 We'd love to help. The issue was fixed in iOS 11.1.1. To update to the latest version of iOS, go to Settings &gt; General &gt; Software Update and tap Download &amp; Install. We recommend having a current backup prior to updating. If you have any questions, just let us know."
2276313,371761,Sat Nov 11 12:30:19 +0000 2017,"@AppleSupport hi, Siri won’t play my downloaded music 😥","@371761 Let's work together to see if we can get Siri playing that music. To start, which device &amp; OS version is this happening on? Also, is this music from the iTunes Store or another source? Check out this article additionally for help: https://t.co/7mwdoAblwV"
2276338,228595,Sat Nov 11 17:17:03 +0000 2017,@AppleSupport Biggest annoyance at the moment is my music not actually stopping when my headphones are taken out. Amongst various app crashes and my battery life is taking a battering even on low power mode,"@228595 Thanks for those details. We know the importance of getting that fixed quickly, we'll be happy to investigate these issues today. Send us a DM to get started. https://t.co/GDrqU22YpT"
2276397,128489,Fri Nov 10 18:29:00 +0000 2017,@AppleSupport Is it correct that my Beats Studio Wireless isn’t popping up inside this iOS widget? Both iPhone and headset have the latest firmware › https://t.co/GDat5lBLSR,"@128489 Thanks so much for reaching out today! So we can provide you with the best information, can you let us know which Beats Studio Wireless model you're using?"
2276944,662193,Sat Nov 11 13:53:02 +0000 2017,"Whatever you do, don’t download the latest @115858 update for your iPhone... @AppleSupport I can only text using iMessage??","@662193 We’ve got your back. What happens when you try to send an SMS message? When you say latest update, you mean iOS 11.1.1, right?"
2276956,438776,Sat Nov 11 13:47:32 +0000 2017,@AppleSupport I can’t download or update my apps? Help? It’s been like this for a week,@438776 We'll do all we can to assist. What device and what OS/iOS version is it running? Are you getting an error message when you try to update apps?
2277732,662355,Sat Nov 11 14:27:25 +0000 2017,"@AppleSupport My live pictures aren’t working in my photo album, every picture I’ve taken is blurry. Can this be fixed?",@662355 We’d love to help point you in the best direction for a resolution. Our team that best assists with Photos would love to help from the following link: https://t.co/IBIY3vMgPj
2277965,312136,Sat Nov 11 17:44:50 +0000 2017,.@115858 @AppleSupport Why do emojis show up as a question mark inside box on iMac Messages?!? https://t.co/7UmQdvQzXC,@312136 We'd like to look into this with you. Join us in DM and we'll get started. https://t.co/GDrqU22YpT
2278017,662407,Sat Nov 11 19:51:32 +0000 2017,"@AppleSupport Thanks, the ntry you're in, as well as when these Beats were purchased. https://t.co/GDrqU2kzhr",@662407 Thanks for getting back to us and letting us know the issue has been resolved. Enjoy the rest of the weekend.
2278017,662407,Sat Nov 11 19:51:32 +0000 2017,"@AppleSupport Thanks, the problem with the “I” appears to be fixed.",@662407 Thanks for getting back to us and letting us know the issue has been resolved. Enjoy the rest of the weekend.
2278422,662474,Sat Nov 11 22:29:58 +0000 2017,@AppleSupport 11.2,@662474 Got it. Let’s look into this in a bit more detail. Reach out to us in DM and let us know when you first noticed this happening please as well as if it happens on both Wi-Fi and cellular. https://t.co/GDrqU22YpT
2278482,662494,Sat Nov 11 18:50:51 +0000 2017,@AppleSupport  https://t.co/14Hk5ZBtOo,@662494 This is certainly not the behavior we want you to experience. Could you tell us which  iOS version you're using? DM us: https://t.co/GDrqU22YpT
2278719,662549,Thu Oct 19 18:16:57 +0000 2017,It's crazy to me @AppleSupport has dragged its feet so much on helping w/ an ongoing issue and now ignores me when I contact them.,@662549 We received your DM and will follow up with you there shortly. Thank you.
2278725,662550,Thu Oct 19 18:24:09 +0000 2017,"Dear @AppleSupport my AppleTv is not playing clips until restart, which fixes it only for a while. @116602 app shows error,TED app gives up https://t.co/e1gPJ9y8yY","@662550 For help with Apple TV, please contact a specialist here: https://t.co/IBIY3vMgPj"
2279547,662731,Sun Nov 12 01:36:03 +0000 2017,"@AppleSupport Just recently, I’m running ios 11.0.3",@662731 We'd suggest backing up and updating to iOS 11.1.1. Once you're fully up-to-date we can go from there.
2279867,152298,Sat Nov 11 16:28:47 +0000 2017,@517326 😂 I️ have my iPad and phone doing the same thing @AppleSupport @115858 #whatsupwiththat,"@152298 An update has been released to assist with this issue. If you haven’t yet, please back up your devices and update them to iOS 11.1.1. For more info, check out: https://t.co/4f8hwT5to6"
2280280,662886,Sat Nov 11 16:40:34 +0000 2017,@applesupport 11.0.3 battery Why are you doing this to us.  I made the mistake of updating and it sucks!!! my phone shut off on the way home last night and cost me over an hour of extra travel time because directions were not available:( So frustrated:(((((,@662886 We apologize for the inconvenience this has caused you and would like to take a closer look at the issue. Please DM us your current country and we'll go from there. https://t.co/GDrqU22YpT
2280307,662896,Sun Nov 12 10:49:23 +0000 2017,@AppleSupport Currently 11.1. Have tried both WiFi and cellular and both times get same message. Tried on comp thru iTunes and also stalled.,"@662896 In iTunes, where are things stalling? Does the download finish? Please DM us. https://t.co/GDrqU22YpT"
2280553,662950,Sun Nov 12 15:21:49 +0000 2017,@AppleSupport Did that also,@662950 Let's move to DM so we can plan our next steps. https://t.co/GDrqU22YpT
2281223,663115,Sat Nov 11 17:59:23 +0000 2017,"I need @89349 &amp; @84365 on Apple Music, please! 

@AppleSupport",@663115 Thanks for reaching out! Your best bet to have your requests heard is to use this link: https://t.co/vcSzj5tstI
2281700,663223,Tue Nov 14 13:33:53 +0000 2017,@AppleSupport I didn't  make any fuss about my iPhone burning up while charging.. I need your help with this!!!!,@663223 We certainly want to help out with your order status. Go ahead and reach out to us in DM and we'll be glad to look into your options there. We look forward to hearing from you soon. https://t.co/GDrqU22YpT
2281760,663242,Sun Nov 12 04:40:51 +0000 2017,@AppleSupport @663241 I️ I️ I️ I️THIS IS THE ISSUE,"@663242 An update has been released to assist with this issue. If you haven’t yet, please back up your device and update it to iOS 11.1.1. For more info, check out: https://t.co/4f8hwT5to6"
2282248,653670,Sat Nov 11 18:41:54 +0000 2017,"@AppleSupport currently on 28% battery. And this is only since updating to iOS 11, so please don’t insult me by saying I need a new battery! When are you going to fix this farce of an update??!!! 😡😡😡#iOS11 #Iphone #iphonebattery https://t.co/azTvYGkbxc",@653670 Let's take a look at this together. Have you already contacted us about this issue? Is your iPhone running iOS 11.1.1? Let us know in DM and we'll get to the bottom of what's going on. https://t.co/GDrqU22YpT
2283089,663538,Sat Nov 11 19:37:27 +0000 2017,@AppleSupport thank you for slowing down my 1 year old iPhone 7 Plus with your updates :-),"@663538 Have you updated to iOS 11.1.1 yet? https://t.co/80YRnjDFDk 

Are all your apps updated in the App Store? Send us a DM with these and more details of the issue and we'll do our best to help. Also include the country you're in. https://t.co/GDrqU22YpT"
2283194,645371,Sat Nov 11 19:21:44 +0000 2017,@AppleSupport so when y’all gonna decide to fix the “I” thing?,"@645371 We recently released an iOS update, 11.1.1, that contains a fix for autocorrect issues. Let’s be sure to back up your device prior to updating. How to back up: https://t.co/4f8hwT5to6"
2283196,663563,Sat Nov 11 19:12:26 +0000 2017,"@AppleSupport ios clock running slow since two days.
iTried ""set automatically"" , reset ""network settings""
Hard restart.
Still clock stops working have to reset it manually.
Please help.","@663563 You’ve come to the right place. Please send us a DM telling us which device this is occurring on, the iOS version number it’s running, and the country where you’re located. https://t.co/GDrqU22YpT"
2283196,663563,Sat Nov 11 19:12:26 +0000 2017,"@AppleSupport ios clock running slow since two days.
iTried ""set automatically"" , reset ""network settings""
Hard restart.
Still clock stops working have to reset it manually.
Please help.","@663563 You’ve come to the right place. Please send us a DM telling us which device this is occurring on, the iOS version number it’s running, and the country where you’re located. https://t.co/GDrqU22YpT"
2284086,663765,Fri Nov 10 10:57:44 +0000 2017,@AppleSupport Please please give an update for battery draining issue. Instead of others on a priority basis.,@663765 We'd like to look into the issue that you're having with your battery. Tell us which device and software version you're using. Click here to hop in DM with us: https://t.co/GDrqU22YpT
2284287,448669,Sat Nov 11 05:37:19 +0000 2017,@119033 @AppleSupport seems my Yahoo was hacked bc I kept getting error messages on iPhone saying password incorrect. Changed my pw but no option2put new pw in settings. Deleted account from mail&amp;tried to add again but won’t let me bc “already added”,@448669 We're happy to help where we can. Are you able to access your account when signing in from a computer or web browser? Please let us know in DM. https://t.co/GDrqU22YpT
2285173,664047,Sat Nov 11 08:39:40 +0000 2017,@AppleSupport I am trying to connect my iphone to my mac after resetting the iphone and I get this message. what could be the reason for that? https://t.co/h0VLfyp9Nx,@664047 Thanks for bring this to our attention. Click here to connect with us in DM and let us know which computer and software version you're using: https://t.co/GDrqU22YpT
2285333,664097,Sat Nov 11 10:23:29 +0000 2017,@AppleSupport plz fix your shit I’m just wanna listen to music and scroll on twitter at the same time,@664097 Thanks for reaching out to us for support. Can you tell us exactly what happens when you try to listen to music while on Twitter on your device?
2286104,664312,Sat Nov 11 11:51:38 +0000 2017,Can someone tell me why this keeps happening and get it to stop? @AppleSupport #iphone #iOS11 https://t.co/TXa91yu1jo,"@664312 We’d like to take a look into this. To start, share with us in DM if this is happening with the Control Center, and the exact iOS 11 version your device is running."
2286439,230652,Sun Nov 12 00:16:29 +0000 2017,. @AppleSupport last month I was added to a family iCloud sharing plan. I just received an email confirmation for this months 99cent bill for my old plan. How do I cancel?  My phone says I’m on the family plan so there’s no way to downgrade from my device.,"@230652 We'd love to help out and hope you've been enjoying Family Sharing. To downgrade your old iCloud account, please use the following article: https://t.co/lOfKGWRryo Reach out to us here for more help: https://t.co/UJm15vmMM2"
2286480,356952,Sun Nov 12 00:21:04 +0000 2017,This message keeps coming up on my phone what does it mean??? @AppleSupport https://t.co/I6frDn0xCY,@356952 Thanks for reaching out to us about this! We'll be glad to look into this. Please send us a DM. https://t.co/GDrqU22YpT
2286723,664427,Sun Nov 12 00:33:13 +0000 2017,"@AppleSupport New Version, Iphone 6 plus, CPO from a warranty exchange",@664427 We'd like to look into this further. Please click here to join us in DM: https://t.co/GDrqU22YpT
2286723,664427,Sun Nov 12 00:33:13 +0000 2017,"@AppleSupport New Version, Iphone 6 plus, CPO from a warranty exchange",@664427 We'd like to look into this further. Please click here to join us in DM: https://t.co/GDrqU22YpT
2286733,664429,Sun Nov 12 02:58:08 +0000 2017,"@AppleSupport Hello, I have restarted several times since we're tweeting. Can we continue the conversation on DM?",@664429 We'd like to gather some more information for better troubleshooting. Can you DM us the country you are located in? https://t.co/GDrqU22YpT
2286970,664486,Sun Nov 12 03:07:06 +0000 2017,"@AppleSupport Yes, the speaker  its working correct, is the receiver that sound poor, and it’s clean",@664486 Thank you for checking that for us. Try the steps in this article regarding your receiver and let us know in DM if anything helps: https://t.co/vGEcRfeoCb https://t.co/GDrqU22YpT
2287250,664548,Sun Nov 12 01:21:19 +0000 2017,@AppleSupport No I don’t. I only use the normal Apple keyboard. I restart the phone a couple times today.,"@664548 Do you mind letting us know your exact version? Check Settings &gt; General &gt; About, and let us know in DM. https://t.co/GDrqU22YpT"
2287256,664549,Sun Nov 12 01:14:23 +0000 2017,@AppleSupport 7 plus rose gold,@664549 Thanks for the info! Send us a DM. We'll work with you on this further from there. https://t.co/GDrqU22YpT
2287267,387633,Sun Nov 12 01:19:14 +0000 2017,@AppleSupport I lost my I pod and can't find it,@387633 Let's look into this for you. This page may be able to provide some guidance: https://t.co/OoTfWcvYWI
2287398,664588,Sun Nov 12 04:13:24 +0000 2017,@AppleSupport Yes i am.,"@664588 Under Settings &gt; Music, is iCloud Music Library enabled? If not, let's make sure that's enabled."
2287410,664591,Sun Nov 12 02:51:11 +0000 2017,@AppleSupport  https://t.co/NQ8oRnSEp8,"@664591 Thanks! Tell us in DM whether you have been able to re-seat the SIM card, please. https://t.co/GDrqU22YpT"
2287760,664684,Sun Nov 12 20:42:05 +0000 2017,@AppleSupport Let’s start with my screen having a mind of its own.. and yes i updated it. You know how hard this reply was to type 😑 https://t.co/8aXf7ccWrF,@664684 We'd like to look into this further. Please DM us to continue working on this. https://t.co/GDrqU22YpT
2287885,664711,Sun Nov 12 02:04:42 +0000 2017,"@AppleSupport, noticing a purple/violet banding when scrolling around black borders. ‘Buy Now’ button in this case. #iPhoneX https://t.co/nqqsYrrFMi",@664711 Hello there. We appreciate the video. Can you let us know if you have this issue in all apps or specifically when in this one? Does this happen when scrolling in Safari?
2288451,594295,Sun Nov 12 02:37:48 +0000 2017,I’m never updated my phone again. Smh 🤦🏾‍♀️ apple it shouldn’t of been no reason why a 900 billion company made a 9$ mistake. My phone doesn’t stay charged &amp; it keeps freezing &amp; crashing @AppleSupport @115858  it was fine before ios11. Can we downgrade back to 10??,"@594295 We know how important it is to have your iPhone performing its best. We’re here to help. Send us a DM telling us which iPhone you have, the iOS version it’s running, how often you have to charge it, and any apps you have found you’re using when it becomes unresponsive. https://t.co/GDrqU22YpT"
2288451,594295,Sun Nov 12 02:37:48 +0000 2017,I’m never updated my phone again. Smh 🤦🏾‍♀️ apple it shouldn’t of been no reason why a 900 billion company made a 9$ mistake. My phone doesn’t stay charged &amp; it keeps freezing &amp; crashing @AppleSupport @115858  it was fine before ios11. Can we downgrade back to 10??,"@594295 We know how important it is to have your iPhone performing its best. We’re here to help. Send us a DM telling us which iPhone you have, the iOS version it’s running, how often you have to charge it, and any apps you have found you’re using when it becomes unresponsive. https://t.co/GDrqU22YpT"
2288498,664870,Mon Nov 13 05:59:01 +0000 2017,"@AppleSupport no responses...

Just please do an update better than 11 to fix everything honestly your developers messed things up badly 
i really really wish to go back to 10.3.3 version it was the best version smooth not slower, battery life and everything was correct",@664870 DM which iPhone and specific iOS version you are using currently so we can help. https://t.co/GDrqU22YpT
2288760,664941,Sun Nov 12 02:58:48 +0000 2017,@AppleSupport @115858 Oh well..  apparently a single drop of isopropyl alcohol can do so much harm.  Wow..  😤😡😬😠 so really can't universally equates the #pricetoquality #poormaterial  #poorcustomerservice https://t.co/L9QlVJ8VR2,@664941 We'd be happy to review your service options. Please DM us the country you're currently based in and we'll go from there. https://t.co/GDrqU22YpT
2288760,664941,Sun Nov 12 02:58:48 +0000 2017,@AppleSupport @115858 Oh well..  apparently a single drop of isopropyl alcohol can do so much harm.  Wow..  😤😡😬😠 so really can't universally equates the #pricetoquality #poormaterial  #poorcustomerservice https://t.co/L9QlVJ8VR2,@664941 We'd be happy to review your service options. Please DM us the country you're currently based in and we'll go from there. https://t.co/GDrqU22YpT
2288763,664942,Sun Nov 12 02:57:02 +0000 2017,Do u have an iPhone X? How do u do an equivalent of the double-click of the home button on it? So u can see&amp;scroll thru all your open apps? @AppleSupport,"@664942 We'd be happy to help. To view your open apps on the iPhone X, swipe up and pause. Here's our support article with that information: https://t.co/uyzgez0J6G DM us if you have any other questions or concerns. We're here for you. https://t.co/GDrqU22YpT"
2291555,665534,Mon Nov 13 22:50:08 +0000 2017,@AppleSupport @AppleSupport turning off from the control panel,@665534 Let's take a look at this article. It will help explain control center in iOS 11. https://t.co/G7BHuQnDS6
2292389,665720,Sat Nov 11 22:19:00 +0000 2017,@AppleSupport Messages from other people,"@665720 OK. They will need to update as well. Your device is fine. At this point, they are still having the issue."
2292399,665722,Sat Nov 11 19:44:10 +0000 2017,"@AppleSupport Keep getting message saying can’t add card to Apple Pay (two different cards), yet get email saying cards were added. Latest iOS, all up to date. 🧐 help please!","@665722 Thanks for reaching out, we're happy to help. Which iPhone model are you having this issue on? Also, does your card issuer support Apple pay? This article can help you check: https://t.co/L26Q4P2lTQ Let us know in a DM and we'll continue. https://t.co/GDrqU22YpT"
2292446,665737,Sat Nov 11 19:44:57 +0000 2017,"@AppleSupport Buying IPhone X online has been a mess and a painful experience, you haven’t recognized the payment while my bank has already confirmed and fully charged!","@665737 We appreciate you reaching out to us. We've received your DM, and will be replying back to you there. Please be on the lookout for our response."
2293577,666033,Sat Nov 11 20:51:52 +0000 2017,I got the new update but people’s emojis are still question mark boxes please help @AppleSupport,@666033 Thanks for bringing this to our attention. We'll do everything that we can to get this sorted. Click here to meet us in DM. We'll continue there: https://t.co/GDrqU22YpT
2293887,666107,Sat Nov 11 23:34:09 +0000 2017,@AppleSupport I’m fairly sure that when typing the letter “I” this “I️” shouldn’t come up? Plenty of people are having this issue on iOS https://t.co/y6DnEIUKQ4,"@666107 iOS 11.1.1 was recently released and it includes a fix for autocorrect issues. Be sure to back up your device prior to updating, and let us know if the issue persists afterwards. How to back up: https://t.co/4f8hwT5to6"
2293931,666122,Sat Nov 11 21:28:30 +0000 2017,Omg this latest #iPhone #ios11 update version 11.1.1 update is literally draining my battery right before my eyes. Unacceptable!! #iosupdate 🤬 @115858 @AppleSupport,@666122 We'd like to look into this issue with you. Please DM us more about what you're experiencing and your current country. https://t.co/GDrqU22YpT
2294311,183359,Thu Oct 19 19:49:07 +0000 2017,"Someone please help w this MacBook, can’t get Mac OS X Lion back😭 @AppleSupport @115858 https://t.co/yEi2AtIqhw",@183359 We're here for you. Reach out via DM using the link below. https://t.co/GDrqU22YpT
2294436,666250,Sat Nov 11 22:15:00 +0000 2017,"Bonjour @AppleSupport , mon iPhone refuse complètement de se connecter à iCloud depuis cet après midi https://t.co/y3tPAFmFKM",@666250 We offer support via Twitter in English. Contact us for help in your preferred language here: https://t.co/IBIY3vMgPj
2294458,666258,Sat Nov 11 21:58:29 +0000 2017,@AppleSupport i haven't even had my new ones that long :(. and i put my old ones away properly in the case and they've been like that for a year 🤷🏻‍♀️,"@666258 We want your headphones working for you, and we'll do all we can to help. To clarify, is the set that broke the same EarPods that came with the purchase of an iPod or iPhone? Let us know in DM and we'll get started: https://t.co/GDrqU22YpT"
2294661,123687,Sat Nov 11 22:32:59 +0000 2017,"Okay, I’ve done all the updates and my phone is still locking itself 😠 @AppleSupport",@123687 We want to help you out. Send us a DM and we'll help you look into what's going on. https://t.co/GDrqU22YpT
2294663,666312,Sat Nov 11 22:34:37 +0000 2017,"@AppleSupport your new update to fix the “I” issue is now causing my phone to crash left and right, turn itself on, then tell me the battery is dead and needs to be plugged in. Please fix","@666312 We want your iPhone to work properly for you after you update, and we'd like to help. In DM, please let us know if this is happening while using a particular app or at random times. https://t.co/GDrqU22YpT"
2294675,666315,Sat Nov 11 22:30:14 +0000 2017,@AppleSupport my iPhone 6s won’t play videos that I’ve taken!! Please help! 😫😫,@666315 We'd like to look into this a bit more with you. Could you join us in DM with more issues on what you are seeing? https://t.co/GDrqU22YpT
2295042,666414,Sat Nov 11 23:12:40 +0000 2017,@AppleSupport just updated the iOS. Still getting that stupid ? Issue. Any help?,"@666414 We'd like to work with you on this to figure out the best path to resolution. To clarify, did you install iOS 11.1.1? Let us know via DM. https://t.co/GDrqU22YpT"
2295069,666423,Sat Nov 11 22:59:02 +0000 2017,@AppleSupport is it true? https://t.co/4ftMDJe3s7,@666423 That's likely a phishing attempt. You can find out more about this type of thing and how to respond here: https://t.co/LNMCdqt6fD
2295382,666509,Sat Nov 11 23:43:11 +0000 2017,This “I” I️ bullshit is fvcking with me hey. @AppleSupport please fix this mess,"@666509 An update has been released to assist with this issue. If you haven’t yet, please back up your device and update it to iOS 11.1.1. For more info, check out: https://t.co/4f8hwT5to6"
2295399,666514,Sat Nov 11 23:35:01 +0000 2017,"can my phone please work again
@AppleSupport damn u
my phone had to be restored for no reason
and my screen doesn't work for some reason smh",@666514 Can you send us a DM with your iOS version and more details about the display issue? Thank you. https://t.co/GDrqU22YpT
2295565,666557,Sun Nov 12 00:10:24 +0000 2017,@AppleSupport my phone keeps freezing on the Apple logo for 2+ hours at a time &amp; won’t allow me to make or receive calls...,@666557 We are here to help. We know your iPhone is important. Let's take a look at this for you. DM us your current iOS version. https://t.co/GDrqU22YpT
2295590,666564,Sat Nov 11 23:55:54 +0000 2017,"@AppleSupport hi, since updating to ios11 I now can’t delete any photos off my iPhone! Is this a glitch in the update? During the update it synced somehow and I now I have over 1500 in my deleted folder that werent there before that I can’t permanently delete!! Help please!!","@666564 We'd love to help with this!  What specific iOS version is on your iPhone now, and which iPhone are you using?  What happens when you try to empty the Recently Deleted folder?"
2295746,322954,Sun Nov 12 21:07:34 +0000 2017,@AppleSupport  https://t.co/q8nadfJ4ip,"@322954 Got it! Let's dig in deeper. To verify, your iPhone is running iOS 11.1.1, is that right? Have you restarted since you noticed this issue? Let us know in DM. https://t.co/GDrqU22YpT"
2295754,666604,Sun Nov 12 15:49:12 +0000 2017,@115858 @AppleSupport ??? help https://t.co/4lkxnZQoMP,@666604 Thanks for reaching out. We'd recommend having the family organizer take a closer look at their payment method to resolve any billing issues. Learn more here: https://t.co/1XS6P5fxct
2295792,669692,Mon Nov 13 01:52:39 +0000 2017,@AppleSupport It’ll be nice if the swipe up feature takes us to home and holding it halfway to the app switcher and control center. Just like the iPhone X.,@669692 Thank you for reaching out. We encourage you to leave feedback about this feature by going to https://t.co/aXEtn6UIwx
2295822,285473,Tue Nov 14 14:52:09 +0000 2017,@AppleSupport Min mau nanya nih kenapa semenjak ganti ke ios 11.1.1 kok menu sinyal dan batre kadang2 jadi suka ngilang dengan sendirinya dan kalau sudah ngilang harus di restart ulang lagi kaya contoh digambar min . Mohon pencerahannya min https://t.co/KpW7cyunrx,@285473 We offer support via Twitter in English. Contact us for help in your preferred language here: https://t.co/IBIY3vMgPj
2295838,666607,Sun Nov 12 19:35:23 +0000 2017,"@AppleSupport They’re reaching out via text and calls. I updated to iOS 11.1.1 and it’s been happening since then. And yes, all contacts.",@666607 Are these numbers saved to your contacts list?
2295889,220648,Sun Nov 12 19:40:34 +0000 2017,@AppleSupport I️,@220648 We recently released an update created to address this issue. Backup your iPhone and update following these steps: https://t.co/80YRnjDFDk
2296145,478595,Sun Nov 12 20:20:24 +0000 2017,@AppleSupport none of these seem correct... https://t.co/Pmt84gV3jA,@478595 Thanks for reaching out. We're here to help. DM us so we can look into this further with you. https://t.co/GDrqU22YpT
2296151,666667,Sun Nov 12 20:05:40 +0000 2017,@AppleSupport @115858 @134114 https://t.co/6OwX7HhHYX,@666667 So we can continue troubleshooting this issue with you can you please message us in DM? https://t.co/GDrqU22YpT
2296203,258320,Sun Nov 12 17:45:25 +0000 2017,"@AppleSupport , setting up iPhone X as new mobile under existing Apple ID.  End result: Apple ID got locked out without at anytime mistyping password. Later forced to change password and naturally laptops, all devices need to have password changed as well. WHY?????","@258320 We want to help with this Apple ID issue. Just to make sure we fully understand, are you having to change your Apple ID password each time or are you just needing to update your password?"
2296220,265026,Sun Nov 12 20:11:44 +0000 2017,@115858 @AppleSupport ayo y’all need to fix this dumb ass “A box question mark” bullshit because now it’s changing into that when i say “I️t” now &amp; it’s pissing me off 😡,"@265026 Please update to the latest version of iOS, 11.1.1. This resolves the auto-correct issue. Remember to back up your device first.

How to update your iOS device: https://t.co/80YRnjDFDk
How to back up your iOS device: https://t.co/4f8hwT5to6"
2296260,139186,Sun Nov 12 13:57:39 +0000 2017,"@AppleSupport Hi, the photos on my wife's iPhone is mot backing up to cloud. We recently upgraded the cloud to 50gb too. Less than 1Gb is used and none of it photos. Any ideas for troubleshooting?","@139186 Being able to do a backup of photos to iCloud is one of the best ways to ensure your important photos stay safe, yet accessible everywhere. We'll be happy to help you.

If you haven't already, look over this link, and follow the steps provided: https://t.co/8YUslsnsM5"
2297017,666850,Sun Nov 12 04:02:24 +0000 2017,@AppleSupport why no apple store app for Apple TV ????,@666850 We'll be happy to take your feedback here:  https://t.co/eTPVYVFyd8
2297017,666850,Sun Nov 12 04:02:24 +0000 2017,@AppleSupport why no apple store app for Apple TV ????,@666850 We'll be happy to take your feedback here:  https://t.co/eTPVYVFyd8
2297349,596017,Sun Nov 12 17:50:03 +0000 2017,"@AppleSupport I have the High Sierra version ! It doesn’t crash the application it just ends the call. Now if I don’t open iTunes i can’t forward or rewind a song, I have to be on the app then exit .. it’s just all malfunctioning",@596017 Got it. Let's go ahead and meet within DM here so we can look into this with you further: https://t.co/GDrqU22YpT
2297594,606853,Sun Nov 12 16:17:25 +0000 2017,"@AppleSupport Thank you, I’m really upset 😠 with the new #ios1111 my keyboard got a terrible lag with the apps, my battery dies too fast I really wanna go back to iOS 10.3.3 in my iPhone 6S is that possible? 😔😢",@606853 Let's go to Direct Message and continue working on this. Could you let us know what country you're located in? https://t.co/GDrqU22YpT
2297839,401789,Sun Nov 12 04:37:50 +0000 2017,@AppleSupport so multiple times a day after closing my computer it doesn’t wake up and I have to force restart by holding the power button. Super dope. Really cool feature!! 👎,"@401789 We want to work with you on this so you can wake your computer when you need it. Which macOS are you running? Let's have you check this link and follow steps under If your Mac doesn't wake when you expect: https://t.co/c2N2XDK1ft   

Keep us updated."
2298063,667098,Sun Nov 12 15:57:59 +0000 2017,@AppleSupport I’ve updated my iOS. I think the problem is fixed 🤩,@667098 Awesome! Have an amazing day! Reach out if you have any questions.
2298201,667125,Tue Nov 07 14:23:10 +0000 2017,@264682 What about the brightness glitch. My iPhone dims to 25% no matter where I set it. @AppleSupport how about a fix for that! #frustrated,@667125 Have you tried going to Settings &gt; General &gt; Accessibility &gt; Display Accommodations and disabling Auto Brightness?  Let us know.
2298268,667139,Sun Nov 12 05:53:20 +0000 2017,"Amazingly shit that the free 3 months @115948 voucher in my @118845 Beats X supposedly “expired”, despite there being no expiry on the card, and @AppleSupport were useless. Consumer Protection time!",@667139 For details on that promotion and it's expiration date visit: https://t.co/cPawery0Fe
2298283,667145,Sun Nov 12 05:49:28 +0000 2017,Dear @115948 @AppleSupport @115858 if I’m paying for Apple Music monthly why some of my songs is unavailable 🙄🤔,@667145 We'll be happy to help. Let us know which songs you're having trouble with in a DM and we'll take a closer look. https://t.co/GDrqU22YpT
2298622,667227,Sun Nov 12 06:21:48 +0000 2017,"Hey @AppleSupport think I found a bug. Click a link from within email to open safari then click the header shortcut to go back to email, then click the &lt; to go back to your inbox. Instead of the inbox... you’re shown the search screen?","@667227 Hi there, and thank you for reaching out to us. We're happy to help look into this issue with you. To get started please DM us your current iOS version. https://t.co/GDrqU22YpT"
2298956,667310,Sun Nov 12 07:45:39 +0000 2017,@AppleSupport this is my iPhone 6 after the update. It's been like this for more than 20 min. Any suggestion? https://t.co/YZEVzdSAyL,"@667310 We're here for you. Send us a DM, and we'll take a closer look at your iPhone together. https://t.co/GDrqU22YpT"
2298959,666922,Sun Nov 12 15:12:42 +0000 2017,Already done. Still happening .@AppleSupport https://t.co/kg06VaXBmI,@666922 Thank you for doing the update. Direct Message us so that we can take a look at this with you. https://t.co/GDrqU22YpT
2299235,570024,Fri Nov 10 16:48:34 +0000 2017,Anyone else have the issue where you start typing a long text and your phone malfunctions and closes the message app mid text w/o saving your text? @AppleSupport #iOS11 SUCKS.,"@570024 Hey, we can work with you to see what's going on with the Messages app. First, can you tell us the exact iOS version installed? Also, does restarting your iPhone make a difference?"
2299376,609807,Sun Nov 12 08:53:31 +0000 2017,@AppleSupport I’m not receiving any notifications for any of my apps???? 🤔🤔🤔,@609807 Let's take a closer look at this together. Is this happening both when your screen is locked and unlocked? Which iOS version are you currently running? DM us more info and we'll go from there. https://t.co/GDrqU22YpT
2299809,667507,Sun Nov 12 16:52:06 +0000 2017,"@AppleSupport Apps often disappear also when swiping through the home screen, but reappear when i go back.","@667507 Got it. Have you checked for app updates in the App Store? Also, we'd recommend creating a backup of your data, then updating to the latest iOS version, 11.1.1. This link helps with this: https://t.co/80YRnjDFDk"
2299842,158289,Sun Nov 12 10:27:48 +0000 2017,"Ok... so because my other half looks at my phone so much my iPhone X has now learnt his face and unlocks to both of us which it didn’t 2 days ago.. 

Over time is Face ID scanning faces so many times it will unlock to multiple people

@7846 @116333 @AppleSupport @667515",@158289 We'd like to help. Let's take this to DM and we'll explore ways to provide you assistance. https://t.co/GDrqU22YpT
2299853,667518,Mon Nov 13 02:26:41 +0000 2017,"@AppleSupport Thanks for the suggestion, album no longer in my library at all. ITunes shows it as purchased but not able to access it to redownliad. No cloud icon for example https://t.co/3gU6gLjiIb",@667518 Send us a DM and we can take a closer look into this. https://t.co/GDrqU22YpT
2299854,667518,Sun Nov 12 09:54:25 +0000 2017,"@667519 @AppleSupport Yup, think that’s where I’m headed.","@667518 Thanks for reaching out about this situation. This article has the steps to re-download the album using the purchased section of the iTunes Store: https://t.co/I39AyMJNgb If you run into any snags with that process, just let us know via a DM. We’ll move from there. https://t.co/GDrqU22YpT"
2300131,667587,Sun Nov 12 10:31:37 +0000 2017,@AppleSupport #iphonex how do I enlarge icon sizes? Option to zoom seems to be missing from x,"@667587 We want to help out with your new iPhone X. To verify, are you referring to Display Zoom? If so, send us a DM so that we can look into available options. https://t.co/GDrqU22YpT"
2300166,667598,Sun Nov 12 17:16:42 +0000 2017,@667597 @AppleSupport Benimde iphone 6s o zmn güncellemeyi yapmayayım 😕,@667598 We offer support via Twitter in English. Contact us for help in your preferred language here: https://t.co/IBIY3vMgPj
2300172,667599,Mon Nov 13 00:50:43 +0000 2017,@AppleSupport I updates to 11.1.1 and the speed improved. But i can get multiple apps to drag and drop at the same time. How come?,"@667599 If we're understanding correctly, you are able to move two apps at one time. Is that right? Please DM us. https://t.co/GDrqU22YpT"
2300201,667609,Sun Nov 12 10:17:41 +0000 2017,Hey @AppleSupport  why i can‘t pay with paypal in the apple store app? There are only the option creditcard???,@667609 Thanks for reaching out. Here's a link that'll explain more about how to use PayPal as an option: https://t.co/QlgvVVFJem
2300349,667653,Sun Nov 12 12:35:42 +0000 2017,I did two workouts of 11 minutes or more yesterday and didn’t get the veteran’s day achievement. @ me @AppleSupport,@667653 Let's look into this with you. What Apple Watch are you using? Are you on the latest software for your Watch and iPhone? Let us know in a DM to continue. https://t.co/GDrqU22YpT
2300409,667673,Sun Nov 12 11:07:57 +0000 2017,@AppleSupport I hope I get to finish this tweet before my iPhone 7 battery d,"@667673 We’d like to understand more about this. Please DM us some details about your battery life, tell us which country you're in, and we’ll take it from there. https://t.co/GDrqU22YpT"
2300411,667674,Sun Nov 12 20:38:02 +0000 2017,@AppleSupport I am using an iPhone SE. It also won’t let me sync my Fitbit to my phone. A message comes up saying my Bluetooth is not turned on even though it is.,"@667674 When you connect your Fitbit, are you able to see that it's connected when you go to Settings &gt; Bluetooth?"
2300645,667725,Sun Nov 12 13:17:23 +0000 2017,@AppleSupport I thought the newest update was supposed to fix this stupid I problem? Ugh,"@667725 We'll help out. Are you continuing to see this issue on texts you're sending or is it only on texts you're receiving? If it's happening to you, let us know in DM. https://t.co/GDrqU22YpT"
2300865,667781,Sun Nov 12 13:27:21 +0000 2017,Hey @AppleSupport .. I get this when attempting up upgrade to iOS 11.1.1 and spent the last 90 mins on phone to Apple Support and no further. What a waste of time. Only just out of AppleCare too! Now what? Have a bricked phone just stuck on reboot loop with fancy stripy screen. https://t.co/Xyh2Fm3kWC,"@667781 We’re here for you! If you haven’t already, let’s try the steps laid out here to help resolve that error you’re seeing in iTunes: https://t.co/eFyh9lVoz2 Let us know how things go after that via DM: https://t.co/GDrqU22YpT"
2301165,667867,Sun Nov 12 13:59:31 +0000 2017,@AppleSupport the #iOS11 is completely non functioning on my iPhone 5S and you have destroyed your product that I thought it would be worth to purchase and now I think apple one day will do the same to the new #iPhoneX,@667867 We want to help with any issues you're having with your iPhone 5s. We're iPhone users ourselves and we understand how important it is to have your devices working as expected. Could you DM us details on the issues you're experiencing? We'll work with you there. https://t.co/GDrqU22YpT
2301476,667929,Sun Nov 12 14:41:29 +0000 2017,"I’ve tried it all for several days now. Restart phone, reset network, plugged in, on WiFi, still doesn’t work...  @AppleSupport #ios1111 #ios11 https://t.co/tis7EogjyJ",@667929 We'd like to help! Let's try the steps in this article: https://t.co/Ui1yTnOCUz
2301723,667989,Sun Nov 12 15:07:40 +0000 2017,Hey @AppleSupport @115948 @115858 I really do need your help. I’m having issues with iTunes and Apple Music,@667989 We'd like to help! Can you give us details on what you are experiencing?
2301726,667990,Sun Nov 12 14:41:03 +0000 2017,"@AppleSupport, my iPhone 7+ battery usage is thru the roof after iOS 11 update. It used to last 2 days; now, half  a day. Fix it, please!",@667990 Glad to help. Meet us in DM to have a closer look and provide us with more details about the behavior you are seeing there. https://t.co/GDrqU22YpT
2301729,667991,Sun Nov 12 15:01:07 +0000 2017,@AppleSupport please assist 👇🏽 https://t.co/DcK4V9H3Rp,"@667991 Thank you for reaching out to us. We're here to help. To start, we recommend following these steps: https://t.co/U96y4MTG7k

Let us know if the issue continues after completing those steps."
2301951,668052,Sun Nov 12 15:25:35 +0000 2017,"Hey, @115858 @AppleSupport can I️ have my I️ back please!?","@668052 An update has been released to assist with this issue. If you haven’t yet, please back up your device and update it to iOS 11.1.1. For more info, check out: https://t.co/ui8Itz8ESg"
2301963,668056,Sun Nov 12 14:53:18 +0000 2017,@AppleSupport Just updated to iOS11.1.1 and battery started draining too quickly (iPhone 7). Background app refresh off etc but not helping,"@668056 We know how essential battery-life is, and we'd love to take a look into this with you. Please send us a DM with your country, and we'll get started. https://t.co/GDrqU22YpT"
2301974,668060,Sun Nov 12 15:05:02 +0000 2017,@310856 @AppleSupport I am having the same problem,@668060 Let's meet in DM to take a closer look at your battery concerns together. Which iPhone model do you have and what iOS version are you running? Send us more info via the link below. https://t.co/GDrqU22YpT
2301990,668063,Sun Nov 12 15:09:35 +0000 2017,my phone went from 20% to 12% in 3 minutes @AppleSupport what is this bullshitery,@668063 We're here for you. Which iPhone do you have and what's the iOS version? Settings &gt; General &gt; About.
2302314,668123,Mon Nov 13 01:23:38 +0000 2017,@AppleSupport That is the problem. Didn’t experience any of these issues prior to the update.,@668123 We're going to want to dig in to this more deeply. Join us in DM where we can do that together. https://t.co/GDrqU22YpT
2302678,668198,Sun Nov 12 16:05:49 +0000 2017,@AppleSupport Okay I got it figured out. Thanks.,@668198 You're welcome. Have a great day!
2302732,668215,Sun Nov 12 18:52:25 +0000 2017,@AppleSupport I’ll give it a try.,"@668215 Sounds like a plan! Feel free to reach out to us if we can be of any further assistance. Our office hours are 7 days a week, from 5AM - 8PM PDT. https://t.co/GDrqU22YpT"
2302756,668219,Sun Nov 12 15:59:25 +0000 2017,@668220 @AppleSupport My 6 is basically completely useless at this point and it’s six months old. Battery lasts about an hour (maybe?) and the whole thing is just glitchy as fuck 🙄🙄.,@668219 We'd like to help! Send us a DM with the iOS version you're using to continue. https://t.co/GDrqU22YpT
2303174,668311,Sun Nov 12 16:26:40 +0000 2017,@AppleSupport Any time frame on the fix with the “I️” button?,@668311 iOS 11.1.1 was recently released and it includes a resolution for autocorrect issues. Prior to updating be sure to back up your device and let us know if the issue persists afterwards. How to back up: https://t.co/4f8hwT5to6
2303200,668318,Sun Nov 12 16:20:21 +0000 2017,@AppleSupport @115858 High Sierra update is causing my photo editing to lag BIG TIME! any update on this issue?,@668318 We want to look into this with you. What application are you using to edit your photos and is this the only application you're seeing performance issues with? This will give us a good starting point.
2303200,668318,Sun Nov 12 16:20:21 +0000 2017,@AppleSupport @115858 High Sierra update is causing my photo editing to lag BIG TIME! any update on this issue?,@668318 We want to look into this with you. What application are you using to edit your photos and is this the only application you're seeing performance issues with? This will give us a good starting point.
2303454,668388,Sun Nov 12 17:02:38 +0000 2017,Dear Apple...... FIX THIS!!! I️ I️ I️ I️ @AppleSupport THANKS!,@668388 Let's work together to get this sorted out. Which iOS version is running on your device? Tap on Settings &gt; General &gt; About to find out. You'll see it listed next to 'Version' on that screen.
2303466,668391,Sun Nov 12 16:31:40 +0000 2017,"@AppleSupport why do I intermittently get a black screen w/ a spinning wheel after unlocking w/ passcode on #iphonex ? It happened w/fresh iPhone, I’ve restarted, latest iOS, still happening w/ reloaded backup. https://t.co/NU4oGzKnpj","@668391 We want your iPhone X to be working perfectly! Meet us in DM, tell us which country you're in, and we'll take a look there. https://t.co/GDrqU22YpT"
2303497,668396,Sun Nov 12 16:55:42 +0000 2017,@AppleSupport please make a #iOS in built call recorder it is really a necessary part of @115858 @118936,@668396 Thanks for reaching out to us. We value your input. Please use the following link to provide us with feedback regarding your suggestion: https://t.co/ODFtc9V7Tq
2303991,668518,Sun Nov 12 17:49:11 +0000 2017,Swear it seems like apple releases viruses hidden as “updates” to all the old iPhones just so people would be forced to buy the new ones. Yesterday my phone cut off on me telling me I need to charge it... it was at 45%😑btw I have the iphone7  @115858 @AppleSupport,@668518 Thanks for reaching out. We're here to help. DM us so we can look into this further with you. https://t.co/GDrqU22YpT
2303991,668518,Sun Nov 12 17:49:11 +0000 2017,Swear it seems like apple releases viruses hidden as “updates” to all the old iPhones just so people would be forced to buy the new ones. Yesterday my phone cut off on me telling me I need to charge it... it was at 45%😑btw I have the iphone7  @115858 @AppleSupport,@668518 Thanks for reaching out. We're here to help. DM us so we can look into this further with you. https://t.co/GDrqU22YpT
2304011,668523,Sun Nov 12 17:51:52 +0000 2017,Ever since this new iPhone came out all my apps have just suddenly started crashing out of nowhere like @AppleSupport hellooo??,@668523 We want to help you get the stable experience you expect from your iPhone. Send us a DM and tell us which version of iOS you're using. You can find that in Settings &gt; General &gt; About &gt; Version. https://t.co/GDrqU22YpT
2304041,668531,Sun Nov 12 17:27:46 +0000 2017,@AppleSupport — updated my phone and now my phone is slow and unresponsive. What do I do about this issue? Thank you,"@668531 We definitely want to do whatever we can to work on getting your iPhone working smoothly. Just to confirm, did you just update to iOS 11.1.1? Are all of your apps currently up-to-date?"
2304043,668532,Sun Nov 12 17:38:23 +0000 2017,@115858 @AppleSupport my iphone 7 plus YouTube ain't working so i uninstalled it but then the app store wouldnt load.,"@668532 We’d be happy to lend a hand. To clarify, are you unable to download any apps? What happens when you try? Please be sure to let us know if you’re using Wi-Fi or cellular, as well as your version (Settings &gt; General &gt; About)"
2304327,668605,Sun Nov 12 18:07:05 +0000 2017,@AppleSupport is At&amp;t carrier iPhone x was unlocked if we pay full amount?,@668605 Nearly all iPhone models sold on https://t.co/4Pp0Uiioqh are “unlocked” — which means your iPhone isn’t tied to a single carrier. Your iPhone will only be tied to your carrier if you choose carrier financing from AT&amp;T or Sprint.
2304369,668612,Thu Oct 19 21:56:11 +0000 2017,@AppleSupport I sent an e-mail. But I just got another message right now!!!!!!!!! That's not usual at all.,@668612 Let's take a look at this further for you. Reach out to us in DM. https://t.co/GDrqU22YpT
2304623,461864,Sun Nov 12 18:15:41 +0000 2017,My iPhone 7 almost caught me and the bed on fire lastnight @AppleSupport what on earth https://t.co/HS638EuBxo,@461864 We’d like to see how we can help. Can you DM us some more details about the issue you're having?  Were you using the iPhone at the time and was it on a charger? https://t.co/GDrqU22YpT
2304627,142832,Sun Nov 12 20:21:29 +0000 2017,@AppleSupport Just**,@142832 Were you attempting to set up your Apple Watch for the first time when you ran into this bluetooth issue?
2305202,668826,Sun Nov 12 22:26:34 +0000 2017,@AppleSupport I’ve managed to reinstall the OS and my MacBook is now working. Question - would the crash have been caused by the update? Or perhaps a loss of internet connection? I found my phone lost internet around the same time,@668826 We're glad to hear the issue has been resolved. Although we don't know what caused the issue. Let us know if the issue occurs again or if you need additional assistance in the future.
2305438,668877,Sun Nov 12 23:14:37 +0000 2017,all I see on my twitter feed are question marks?????? #pleasefixapple @AppleSupport,"@668877 Thanks for reaching out! Just to confirm, are you seeing these symbols from other people's posts and messages? Let us know the answer in a DM and we'll continue from there. https://t.co/GDrqU22YpT"
2305464,668884,Sun Nov 12 23:09:56 +0000 2017,Hey @AppleSupport every time I text  my phone quits &amp;I️ lose my message &amp;have to type it again &amp;I️ text novels so help a girl out thx,@668884 We'd be more than happy to help you out so you can send your important messages. What model of iPhone are you using?
2305908,668999,Sun Nov 12 23:33:38 +0000 2017,@AppleSupport why the hell does my Bluetooth turn on by itself I NEED ANSWERS HO,@668999 Hey there! This article helps explain Bluetooth in Control Center: https://t.co/G7BHuQnDS6
2305914,669002,Mon Nov 13 07:54:15 +0000 2017,"@AppleSupport iPhone 8, iOS 11.1.1","@669002 Awesome, thanks for sharing! Let's take a closer look at this issue together in DM. https://t.co/GDrqU22YpT"
2305920,669004,Mon Nov 13 21:06:00 +0000 2017,@AppleSupport Yes I was at 100% batter power on watch AND i8 phone. I just put the watch on. And I’m using the Original Apple Watch Series Zero. I’m very annoyed and a big supporter. Disgusting that your quality had gone downhill quickly.,"@669004 Thanks for letting us know, we’d like to know more about the device in DM. We’ll want to ask about the apps that you were using on the Apple Watch during this time. https://t.co/GDrqU22YpT"
2305938,458848,Mon Nov 13 01:12:01 +0000 2017,@AppleSupport 11.1.1,@458848 What occurs when you attempt to text somebody? Have you tried a restart or any other steps since this started?
2305954,669009,Sun Nov 12 23:27:41 +0000 2017,@AppleSupport I turned off my phone and when I went into my Camera Roll all my photos are missing since the ones I have from September😩 please help,@669009 We'd like to help. Send us a DM and we can start there. https://t.co/GDrqU22YpT
2305957,669010,Sun Nov 12 23:23:30 +0000 2017,Im sure yall know anout the I situation when is it gonna be fixed???? @115858  @AppleSupport,"@669010 That's a great question. We have recently released iOS 11.1.1 which does provide a fix for that issue. You can view steps to updating the iOS here: https://t.co/80YRnjDFDk If you've already updated, let us know and we'll go from there."
2305976,669015,Sun Nov 12 23:21:31 +0000 2017,@AppleSupport iPhone 6 iOS 11.1 (15B93),@669015 Let's start by seeing if updating to iOS 11.1.1 helps with the downloading issue. You can see how to do that here: https://t.co/80YRnjDFDk
2306237,669069,Sun Nov 12 23:32:59 +0000 2017,@AppleSupport Hi if i purchase an iPhone from the Apple Store in the USA when i return back home to England will i be able to put my sim card in and use it,@669069 We're here to help. Let's take this to DM so we can better assist you. https://t.co/GDrqU2kzhr
2306457,669114,Thu Oct 19 21:00:56 +0000 2017,@AppleSupport Just got the iphone 8 a few weeks ago. I'm not able to read new texts I receive. I can only read half cuz of the notification,"@669114 Let's team up on this. Send us a DM with more information, and we'll continue from there. https://t.co/GDrqU22YpT"
2306651,669168,Mon Nov 13 00:39:37 +0000 2017,"@AppleSupport If you actually read the tweet you’d see I said that was the ONLY option, unfortunately. I shouldn’t have to toggle WiFi off and on constantly to make a $1000 phone work.",@669168 We'd love to have you share your feedback on that with us here:  https://t.co/eTPVYVFyd8
2306669,669173,Mon Nov 13 01:30:05 +0000 2017,"@AppleSupport Yes, i can send and recieve emails via yahoo website and email app (on andr*id).",@669173 OK. Let us help you get this sorted out. Join us in DM so we can better assist you: https://t.co/GDrqU22YpT
2306698,669179,Sun Nov 12 22:56:39 +0000 2017,so now the iPhone glitch is showing up for lower case i or even words like it. WTF @AppleSupport,"@669179 iOS 11.1.1 was recently released and it includes a fix for autocorrect issues. Be sure to back up your device prior to updating, and let us know if the issue persists afterwards. How to back up: https://t.co/4f8hwT5to6"
2307229,669317,Mon Nov 13 00:36:11 +0000 2017,"Hey @AppleSupport downloaded the update last night, charged my battery around 2pm &amp; already down to 60%.  WTH",@669317 Battery life is important when it comes to our iPhones. We want to work with you on this. Send us a DM. https://t.co/GDrqU22YpT
2307242,669322,Mon Nov 13 01:33:57 +0000 2017,"@AppleSupport Yes, still lag",@669322 Let's have a look at this together. Can you please DM us? https://t.co/GDrqU2kzhr
2307249,669324,Mon Nov 13 00:33:01 +0000 2017,@AppleSupport why is it when I️ type “i” or “I” this happens? https://t.co/X8OGfdd32S,"@669324 Thanks for reaching out. An update has been released to assist with this issue. If you haven’t yet, please back up your device and update it to iOS 11.1.1. For more info, check out: https://t.co/4f8hwT5to6"
2307264,669328,Mon Nov 13 02:11:57 +0000 2017,@AppleSupport No I’m making a Apple ID for him and I don’t want to put in my payment,@669328 Are you making the Apple ID through Family Sharing?
2307287,360314,Mon Nov 13 00:24:23 +0000 2017,@AppleSupport It still hasn’t fixed the issue where the phone will only use one ringtone for every call.,@360314 We want you to be able to use multiple ringtones. Are you using a tone you purchased from iTunes or from another source?
2307295,669334,Mon Nov 13 02:01:38 +0000 2017,@AppleSupport Yes and I️ don’t have Internet to update my phone :/,@669334 Have you tried updating it through your computer with iTunes? Here are the steps to back up and update it through iTunes: https://t.co/80YRnjDFDk
2307535,669386,Mon Nov 13 02:17:18 +0000 2017,"@AppleSupport around 4pm, i’ve tried to restart my phone multiple times",@669386 Thanks for clarifying that for us. Please send us a DM so we may better assist you. https://t.co/GDrqU22YpT
2307580,669400,Mon Nov 13 00:26:15 +0000 2017,@AppleSupport Fix first problem that make 📱 stuck on apple 🍎 logo,"@669400 We'd be happy to look into this issue with you. Send us a DM, and we'll continue together there. https://t.co/GDrqU22YpT"
2308443,669596,Thu Oct 19 21:00:46 +0000 2017,@AppleSupport Ever since installing #ios11 I have absolutely zero battery life! Completely obliterated. Even low battery mode barely helps,@669596 Let's help to get that battery life working correctly. Which iPhone do you have &amp; what version of iOS is currently installed?
2308494,669608,Mon Nov 13 03:10:28 +0000 2017,"@AppleSupport Yes. When attempting to go enter full screen mode via command, menu, or maximize button, FaceTime ends the call.",@669608 That is definitely not expected. Go ahead and DM us some more details about this and we can work together to figure this out. https://t.co/GDrqU22YpT
2308504,669611,Thu Oct 19 21:05:31 +0000 2017,"@AppleSupport Please help, I can't remember the password for my iphone! I alreadt tried everything ):",@669611 We have an article for just that. Check it out here: https://t.co/F1QfwW1u1N
2309292,669793,Sun Nov 12 22:22:58 +0000 2017,@AppleSupport I’m using your newest software for the iPhone 6s. The newest update is on it. Why do my I’s turn to an A with a question mark?!,"@669793 We'd love to help out.  Can you confirm you are running 11.1.1, which was the last update that should have resolved this?  Thank you for double-checking!"
2309379,669812,Mon Nov 13 02:40:44 +0000 2017,Apple bey ıphonum 2 aydır teknik servisiniz de size zahmet onu bi gönderin siz de rahatlayın ben de. @AppleSupport,@669812 We offer support via Twitter in English. Contact us for help in your preferred language here: https://t.co/IBIY3vMgPj
2309860,298818,Thu Oct 19 21:29:36 +0000 2017,@AppleSupport OMG! why is my iphone 8 severely lags? this is after updating to iOS 11.0.3 (15A432) #iphone8,@298818 We’d love to help. Please send us a DM to continue. https://t.co/GDrqU22YpT
2310370,670061,Mon Nov 13 03:28:06 +0000 2017,@AppleSupport I got the iPhone 6S this summer after saving up for it and it was working fine until iOS 11. Now my new phone keeps freezing to the point where I have to hard-reboot it multiple times a day just to use it. Can you please fix the still present bugs after 11.1.1?! 🤬,@670061 Let's look into this for you. Are you experiencing performance issues with certain apps or all of your apps? Let us know in DM. https://t.co/GDrqU22YpT
2310370,670061,Mon Nov 13 03:28:06 +0000 2017,@AppleSupport I got the iPhone 6S this summer after saving up for it and it was working fine until iOS 11. Now my new phone keeps freezing to the point where I have to hard-reboot it multiple times a day just to use it. Can you please fix the still present bugs after 11.1.1?! 🤬,@670061 Let's look into this for you. Are you experiencing performance issues with certain apps or all of your apps? Let us know in DM. https://t.co/GDrqU22YpT
2311340,670327,Thu Oct 19 21:53:40 +0000 2017,@AppleSupport it would be super nice if you’d allow me to lock my disabled son out of settings.  His phone is stuck on accessibility now....,@670327 We'd like to see if we can help. Guided Access limits the device to a single app. Learn more here: https://t.co/0515eSPkdX
2311831,670443,Sun Nov 12 22:51:37 +0000 2017,@AppleSupport I have an iphone 6 and I think my iOS version is the second newest (it wont install the newest because theres no room on the phone),"@670443 When you said you've reset it, did you mean you restored it as new in iTunes? Also, let's try the steps under '‘Get a code from Settings on your trusted device’ from this link: https://t.co/gZlEJEsNrU"
2311842,670448,Sun Nov 12 20:51:33 +0000 2017,"@AppleSupport don’t fucking give me thousands of notifications to put in my password and when i do this happens, i fucking hate y’all https://t.co/K2AFHC8RI1",@670448  This is certainly not the behavior we want you to experience. We want to help! Could you DM us which Mac and macOS you're using? Here's a great link to help locate your macOS version: https://t.co/aTSJR8SUvK We look forward to speaking with you soon. https://t.co/GDrqU2kzhr
2312126,523244,Sun Nov 12 22:00:00 +0000 2017,"@AppleSupport no my phone is not still connected to the computer , there are no other prompts from iTunes 
I have tried to plug my phone back into computer and reset my phone to a brand new phone and still getting the same message",@523244 Got it. Are you putting your iPhone in to recovery mode before restoring it per the steps in this article? https://t.co/iYLZzFD8qZ Let us know via a DM. We’ll keep moving from there. https://t.co/GDrqU22YpT
2312130,547620,Sun Nov 12 22:18:47 +0000 2017,@AppleSupport Only iOS device I have.,"@547620 Alright, it appears that everything is enabled correctly in Calendar, have you reached out to the developer to see if they can provide any insight? If not, we'd recommend reaching out to them for assistance."
2312399,314947,Sun Nov 12 22:27:19 +0000 2017,@AppleSupport Already did and it's still doin I.T,@314947 Let's take a deeper look into this together then. Please send us a DM so we may better assist you. https://t.co/GDrqU22YpT
2312537,142763,Sun Nov 12 22:39:48 +0000 2017,@670640 @AppleSupport Gurl I updated and it isn’t fixed,@142763 Let's continue within DM here: https://t.co/GDrqU22YpT
2312551,670644,Sun Nov 12 21:15:52 +0000 2017,Aaagggrrrr @AppleSupport can y’all stop playing with my emotions and restore all my music please? Everything I downloaded from Apple Music is disppeared after that bug fix update! Fix. It. 💀😩,@670644 Let's team up and get this taken care of. We know music is amazing and it's important to be able to listen to your favorite tracks. What's your model and which OS version is installed? Any steps tried so far?
2312562,670647,Sun Nov 12 21:32:50 +0000 2017,@AppleSupport I can’t add my songs from itunes in memory album. Im using iphone7 ios 11. Plz help,@670647 We're here for you. Send us a DM and we'll take a closer look at this issue together there. https://t.co/GDrqU22YpT
2313111,670787,Sun Nov 12 21:54:30 +0000 2017,"@AppleSupport you guys should engineer a solution for notifications, group them together and allow them to be interacted with on different levels and reply inline this would be a huge step forward! 😎",@670787 Great ideas like this deserve to be heard so we'll point you in the right direction. Please voice your feedback here so that it gets sent to the correct team: https://t.co/oWzjJxkvlC
2313501,670868,Sun Nov 12 22:19:57 +0000 2017,"After updating to ios 11.1.1 , My 5s is not charging with it's charger and restart randomly. please help me
@AppleSupport","@670868 Thanks for reaching out. We've got your back and we're happy to help. 

To start, are you using the charger that came with your iPhone? Also when it restarts, does it show a spinning wheel or the Apple?"
2318548,672100,Thu Oct 19 23:08:46 +0000 2017,@AppleSupport updated my phone to the most recent IOS and now it won’t stop freezing/crashing and being slow. Can U sort it out ?,@672100 Let us lend a hand. DM us which iPhone and version of iOS you’re using to begin. https://t.co/GDrqU22YpT
2320066,654761,Mon Nov 13 13:30:30 +0000 2017,@AppleSupport Yes and that’s what caused the I glitch please fix it on all the phones.,@654761 Thanks for letting us know which iOS version you're using. We'd like to go over some more information about that. Let's talk more in DM. https://t.co/GDrqU22YpT
2320615,672547,Mon Nov 13 14:01:01 +0000 2017,@AppleSupport Messages Snapchat instagram notifications On the iPhone 6s iOS 11.2,@672547 Got it. Let's go ahead and meet in DM and we'll continue there. https://t.co/GDrqU22YpT
2321204,342738,Thu Oct 19 23:44:00 +0000 2017,"@AppleSupport ever since the iOS 11.0.3 update iMessage doesn’t want to work, apps take forever to open, and battery life is getting crushed. This is awful",@342738 That's certainly not an experience we want you to have. Let's work on this together in DM. https://t.co/GDrqU22YpT
2321221,672665,Sun Nov 26 16:28:11 +0000 2017,@AppleSupport Yes. I’m on the 6s. My Bluetooth will be turned off completely and then just pop on whenever my mom’s car is nearby.,"@672665 Got it. Is your Bluetooth turned off in Settings &gt; Bluetooth, or was it turned off via the Control Center?"
2321451,672723,Mon Nov 13 14:54:13 +0000 2017,@AppleSupport I've deleted just about everything and I still don't have any space.,@672723 We'd like to look into this you. Restart your iPhone and DM us if you still see no change to your storage. https://t.co/GDrqU22YpT
2321840,672818,Mon Nov 13 15:06:40 +0000 2017,@AppleSupport This problem happens mostly while opening the notifications screen .,@672818 Please join us in DM to continue. https://t.co/GDrqU22YpT
2321885,672830,Mon Nov 13 07:37:38 +0000 2017,"@AppleSupport Hi. My iPhone is suddenly out of storage - check shows system taking up 9gb?! Restarted, system then taking up 12gb! Any ideas? Surely that can’t be right... #iphone",@672830 Thanks for reaching out to us. We are always happy to help. Send us a DM so we can look into this with you there. https://t.co/GDrqU22YpT
2321893,672832,Mon Nov 13 07:08:00 +0000 2017,@AppleSupport How the heck did I get the “I” bug and my battery murdered when I didn’t even upgrade to iOS 11.1?? Seriously I have all the bugs but didn’t upgrade from iOS 11. WFT? 😡 #tiredofyourshitapple,@672832 We want to make sure that your messages are right and that you have great battery life. Let's pair up in DM to get started looking into this together. Could you start by letting us know which version of iOS you are using? https://t.co/GDrqU22YpT
2321915,672837,Tue Nov 14 07:55:16 +0000 2017,@AppleSupport it happens with all the ringtones but at certain times it would be fine and other times it’ll be soft,"@672837 Do you notice if you're looking at the iPhone when the call comes in? If you have Attention Aware features enabled on your iPhone X, it's expected that the volume of your alerts will be lowered: https://t.co/I1RKE390Sd"
2321924,672839,Mon Nov 13 23:11:40 +0000 2017,@AppleSupport Thanks a million..!! I’m now installing it ... https://t.co/ciE9m4jxUN,"@672839 Awesome. If you ever need us in the future, feel free to reach out. We're here to help."
2322535,672987,Mon Nov 13 07:49:04 +0000 2017,Can you use the original Apple Watch ⌚️ in the shower? @AppleSupport https://t.co/3pz82hHXKk,"@672987 The Apple Watch Series 1 is splash and water resistant, but wearing it in the shower is not recommended. Learn more here: https://t.co/qs0ObV8D7L"
2322574,672996,Mon Nov 13 20:29:56 +0000 2017,@AppleSupport the picture is quite self explanatory..as you can see after the ios 11.1.1 upgrade my keybord doesn’t work properly as I can’t reach part of the letters,"@672996 Thanks for clarifying that. We'll be happy to help and to start, can you tell us if you've already restarted your device yet? If not, let's give that a try: https://t.co/OWRDHWSt4h"
2322631,673012,Fri Oct 20 00:01:42 +0000 2017,#iOS11 makes me want to throw mi iPhone 6s away! Horrible battery life and crashes constantly. So frustrating! Get it together @AppleSupport,@673012 We want to help. DM us with more detail and we'll be there. https://t.co/GDrqU22YpT
2324519,211954,Tue Oct 31 00:38:06 +0000 2017,@AppleSupport why does my live always come on when I open the camera app. I want it permanently off,@211954 We want to help you. Make sure Preserve Settings is enabled at Settings &gt; Camera. DM us if this continues. https://t.co/GDrqU22YpT
2325557,476688,Thu Oct 19 23:53:10 +0000 2017,"@75467 hi, any suggestion? @AppleSupport seems to be clueless. All minor and major troubleshooting has been already done. https://t.co/lXBFxjF88V",@476688 Let's continue within DM here: https://t.co/GDrqU2kzhr
2325824,122190,Mon Oct 30 19:44:42 +0000 2017,@AppleSupport here’s an interesting one. Why are all these songs stored on my phone that I haven’t downloaded? https://t.co/xqk5aHc4gr,@122190 Thanks for reaching out. We'd be happy to look into what's going on. DM us the iOS version and we'll go from there. https://t.co/GDrqU22YpT
2327786,674132,Fri Oct 20 00:16:37 +0000 2017,@AppleSupport after iOS 11.0.3 update my iPhone 6 can not log into iCloud AT ALL. Works fine on computer/iPad. Accepts login credentials &gt;,@674132 Thanks for reaching out. We'd like to look at this closer for you. Please DM us. https://t.co/GDrqU2kzhr
2327794,438295,Fri Oct 20 00:49:19 +0000 2017,@AppleSupport Twitter can’t hold its place on where I left off on my timeline. And the YouTube/ twitter loading symbol is sideways,@438295 Did you restart your device since noticing these issues?
2329650,674524,Fri Oct 20 00:33:42 +0000 2017,@AppleSupport you should really have a lock on the Apple TV remote. I always change channels accidentally   😫,"@674524 We appreciate the feedback and if you'd like to submit it, you can using this link: https://t.co/eTPVYVFyd8"
2329655,461656,Fri Oct 20 01:14:21 +0000 2017,@AppleSupport ipad air the 1st one cause on the iTunes store it shows Baby Driver and Transformers the last night for 4K and i have both HD versions,"@461656 If you have 4K devices, previous purchases then may show the 4K upgrade available: https://t.co/SFdFHkEs3N"
2329666,675784,Fri Oct 20 02:07:54 +0000 2017,@674525 @115858 @AppleSupport I’ve noticed that as well . I’ve been charging my Phone way too much and it shouldn’t be that way .,@675784 Thanks for reaching out. We're here to help. DM us so we can look into this further with you. https://t.co/GDrqU2kzhr
2333335,617679,Fri Oct 20 01:58:11 +0000 2017,@AppleSupport .... there’s no pattern to which apps I use. Often open apps to a blank screen where they’re not loading which leads to freezing after.,@617679 Thanks for reaching out. We're here to help. DM us so we can look into this further with you. https://t.co/GDrqU22YpT
2335088,675688,Fri Oct 20 01:38:45 +0000 2017,@AppleSupport hey just wondering If I purchased the Apple TV 4K would it still work ok on my led tv I’m not looking to get a 4K tv just yet,@675688 You can use your Apple TV 4k with non-4k displays too. Our website here has more information: https://t.co/3Y2HCovI6b
2336127,675925,Fri Oct 20 02:58:24 +0000 2017,Uhmmm @126 @AppleSupport why am I receiving this....? Ios11.03 is such a mess https://t.co/NnjYAMdBNE,@675925 We'd like to look into this with you. DM us what device you're using and we'll continue there. https://t.co/GDrqU22YpT
2336337,675982,Fri Oct 20 02:34:05 +0000 2017,@AppleSupport iOS 11.0.3 draining battery like hell. Pls fix it and it’s annoying !!,"@675982 Hey we'd love to help out. Please send us a DM, and we'll go from there. https://t.co/GDrqU2kzhr"
2341670,668596,Mon Nov 13 11:46:29 +0000 2017,@AppleSupport is anyone experiencing; ios 11.1.1 randomly increases volume to maximum? I saw it happen after a reboot yesterday,@668596 We're here to help. Let's take this to DM so we can further assist you. https://t.co/GDrqU22YpT
2341679,677347,Mon Nov 13 11:19:32 +0000 2017,"also @AppleSupport gave me the run around for 2 hours, one of my support calls went dead and no one called me back, i had to wait in line again and explain everything several times and their final advice was to manually add all 8000ish songs by hand. Seriously?","@677347 That does not sound like our usual support experience, so we are sorry to hear of this. We would like to help with your music.  Please send us a DM so we can take a closer look. https://t.co/GDrqU22YpT"
2341770,680799,Mon Nov 13 18:39:41 +0000 2017,@677369 @AppleSupport Mine have been out of order forever too never got it back to normal if you figure it out lmk!,@680799 We'd like to try to help you with this. Meet us in DM and let us know which device you're seeing your photos out of order. https://t.co/GDrqU22YpT
2341817,677385,Mon Nov 13 10:37:31 +0000 2017,@AppleSupport i cannot move this on macOS high sierra 10.13.1 https://t.co/DM2GPHxuIp,@677385 We're eager to help. Does this occur after restarting the application or power cycling your Mac? Which specific application is this occurring in?
2341894,677406,Mon Nov 13 10:13:44 +0000 2017,Hey @115858 &amp; @AppleSupport  whats this all about? Opened up my camera and all i get is a black screen? Happened before when i first had my phone.. https://t.co/2hkSPg8GAl,"@677406 We understand how important your camera is, and we're here to help! Send us a DM, and we'll take a closer look at the issue together there. https://t.co/GDrqU22YpT"
2341906,677410,Mon Nov 13 10:13:00 +0000 2017,Hi @AppleSupport please read the PM that I sent you about a (supposedly) fake invoice! Hope you can help out.,@677410 We've received your DM and will respond there shortly.
2343620,677808,Mon Nov 13 14:04:50 +0000 2017,"@AppleSupport How about that iPhone bias, where’s the quality insurance for us iPad users? Software on my iPad Pro from the iOs 11 update is slow, buggy, and very poor :( #Apple #iPhonebias #iphonex #iphone8 #iPhone8Plus #iphone #iPadPro #ipad",@677808 We can help out with the performance on your iPad and make sure we get this resolved. Which version of iOS 11 is currently on your iPad Pro?
2343664,135579,Mon Nov 13 13:17:45 +0000 2017,@AppleSupport @121122 i’ve had my iphone 8+ for about a month now and every few days it freezes and does absolutely nothing and i end up having to reset it? this time being the worst when it froze for 20+ minutes and wouldn’t reset.. missed 4 busses because of this 🙃,"@135579 Certainly not the experience that we want for you to have with your iPhone, but we're here to help out and get you back to the expected experience. When you have to reset the device, what steps do you take?"
2343666,135579,Mon Nov 13 18:07:46 +0000 2017,"@AppleSupport it’s been happening since i’ve had the phone, i’m on IOS 11.1.1","@135579 Does this appear to occur randomly, or do you notice it occur more with any particular app or feature? Let us know via DM, then we can go from there. https://t.co/GDrqU22YpT"
2343715,677828,Mon Nov 13 12:36:53 +0000 2017,@677829 @AppleSupport Yea my phone keeps freezing and my battery is fucked. One day it turned off at 33% then I turned it on said I was at 4%...,@677828 We'd be happy to look into your battery concerns. Please DM us the model iPhone and iOS version currently installed and we'll get started. https://t.co/GDrqU22YpT
2343730,677834,Mon Nov 13 13:30:30 +0000 2017,@AppleSupport please fix the “I️” glitch it’s annoying!,"@677834 iOS 11.1.1 was recently released and it includes a fix for autocorrect issues. Be sure to back up your device prior to updating, and let us know if the issue persists afterwards. How to back up: https://t.co/4f8hwT5to6 https://t.co/GDrqU22YpT"
2343743,150219,Mon Nov 13 13:20:39 +0000 2017,"It’s OFFICIAL! I️ do not love this @AppleSupport OS update! Aside from slow reaction time and inadvertent typos (hello, “I️”!), it sucks down power like #JoeyChestnut on July 4. #NeedAFixForTheFix",@150219 We're here to help. We released an update created to address this issue. Backup your iPhone and update following these steps: https://t.co/80YRnjDFDk
2343765,677844,Mon Nov 13 13:15:28 +0000 2017,"Dear @115858 @AppleSupport,

Listen. Y’all need to update and fix whatever it is causing iPhone contacts to be deleted. My memory is bad enough as is and y’all aggravating me.

Thanks,
Management 💚","@677844 We'll assist in every way we can. At Settings &gt; General &gt; About &gt; Available, how much space is showing? Are the contacts associate with your iCloud account or with another service such as Google or Yahoo?"
2343858,677863,Mon Nov 13 11:24:56 +0000 2017,@AppleSupport how i reset my two factor authentication recovery phone number,@677863 We can assist with some info. You'll need access to a trusted device in order to sing in and reset info. More details here: https://t.co/y8ghmuXVpf
2343862,677864,Mon Nov 13 11:56:28 +0000 2017,Yo @AppleSupport why my phone dying quicker. It would take all day for it to hit 70% now only after 30mins at 100% it’s at 78% so can I get a explanation? Thank you~,"@677864 We understand how important your battery life is, and we're here to help. Send us a DM with your current iOS version and we'll continue together there. https://t.co/GDrqU22YpT"
2343871,677867,Mon Nov 13 12:01:21 +0000 2017,Help? @115858 @AppleSupport https://t.co/agzKhMzqXa,@677867 Thanks for reaching out to us. Try the steps in this article to correct the disabled issue: https://t.co/F1QfwW1u1N
2346005,678369,Mon Nov 13 17:46:00 +0000 2017,@AppleSupport nope i havent updated yet tho is the only possibility i can think of,"@678369 Got it. If your device is running an older software version, it would be a good idea to get everything updated so we can rule the software out as a possible cause of that behavior. Which iOS version is your device running currently?"
2346020,660912,Mon Nov 13 16:53:22 +0000 2017,"@AppleSupport Thanks! Yes, I am fully updated. My phone freezes a lot when using twitter, google chrome, and podcasts.",@660912 No problem. We love being able to assist. Is it slow to respond or does the display become completely unresponsive? Let us know the answer in DM. https://t.co/GDrqU22YpT
2346083,678383,Mon Nov 13 14:20:08 +0000 2017,@AppleSupport Why does my text tone aint working and I bought it. It just happened like now that it’s not working. Heeeelp,"@678383 Thank you for reaching out. We're here to help. To make sure we're on the same page, are you referring to a notification sound when you get a new text message? Any more details you can provide would be most helpful."
2346091,678384,Mon Nov 13 14:45:17 +0000 2017,"@AppleSupport if you play music and scroll through Twitter, passing videos and GIFs, the music gets broken up periodically. 😞","@678384 Hey, we'd like to look into this some more. Does this happen while listening to music through the Music app or a third-party app? Also, which device and software version are we working with?"
2347551,678672,Mon Nov 13 16:02:51 +0000 2017,@AppleSupport Yeah that didn’t work https://t.co/CThJ9lYgBk,@678672 Thanks for reaching out to let us know. Go ahead and send us a DM and we'll look into this further with you. https://t.co/GDrqU22YpT
2347604,678688,Mon Nov 13 15:16:19 +0000 2017,"@AppleSupport @115858 Why am i always seeing this message when trying to edit photos #iOS11.2 #iPhone7 
😖😡🤔📱🤛🏼👎🏼 https://t.co/yB7zxaOYlL","@678688 We want to get on top of this with you. Are you a public beta tester, or a developer using beta software? DM us with details here: https://t.co/GDrqU22YpT"
2347626,678697,Mon Nov 13 15:23:28 +0000 2017,"@AppleSupport Just want my battery life back, 1+2+3 to equal 6 and Bluetooth to not turn on every time I turn my phone on 
6plus updated to 11.1.1",@678697 We'd love to look into these issues with you. Please get in touch with us in DM. https://t.co/GDrqU22YpT
2349325,143178,Mon Nov 13 23:45:53 +0000 2017,@AppleSupport No...because Vacation. 😉🙃,@143178 Let's take a closer look. Here's a link to DM us. https://t.co/GDrqU22YpT
2349331,679098,Mon Nov 13 20:00:41 +0000 2017,@AppleSupport Iphone7 iOS 11.0.3,"@679098 Thanks. Does restarting the Messages app, and your iPhone help? If nothing changes, we'd recommend creating a backup of your data, then updating to the current iOS 11.1.1. This link helps with this process: https://t.co/80YRnjDFDk"
2349333,679098,Mon Nov 13 22:07:55 +0000 2017,@AppleSupport Restarting the Messages app the conversation in question disappeared as did several others.,"@679098 Let's continue with creating a backup next, then updating your software. Let us know the result in DM: https://t.co/GDrqU22YpT"
2349344,679101,Mon Nov 13 17:30:43 +0000 2017,@AppleSupport I’ve tried 4 times - whilst being transferred I’m hung up on,@679101 We'd be happy to look into this further. Can you DM us what Apple Store you are trying to call? https://t.co/GDrqU22YpT
2349370,679108,Mon Nov 13 16:14:42 +0000 2017,@115858 @AppleSupport i just got my iphone 7+ FOUR MONTHS AGO and now that new iphones come out my phone is glitching. i’m heated AND I WANT ANSWERS.,@679108 We want to help. Which iOS version is your device currently running?
2349425,679121,Mon Nov 13 16:14:52 +0000 2017,"@AppleSupport ever since I updated to iOS11 on my iPhone 6, bluetooth keeps dropping out (i.e. when using wireless headphones or my car's BT stereo). I've been hoping for each update to fix it but no love as of yet... is this a known issue?",@679121 We’re here to help. Please DM us the version of iOS 11 that you’re using so we can better assist you. https://t.co/GDrqU22YpT
2349455,679128,Mon Nov 13 18:04:10 +0000 2017,"@AppleSupport Okay so when I try to send a message in a group chat, the text box doesn’t appear, as if I were removed from the conversation or if I left, but neither of those were the case. I have to be removed and added again in order to talk. Also, Apple Music keeps continually crashing.","@679128 What version of iOS is installed on your iPhone at this time? When did you first notice the issue with Messages and Music? Are you an Apple Music membership subscriber? When does Music crash (e.g. as soon as you open it, or after a while)?"
2350743,679432,Mon Nov 13 16:51:57 +0000 2017,"@AppleSupport had significant issues trying to exchange the 64gb iPhone X to the 256gb four days after purchase, very disappointed",@679432 We’d love to hear more about your support experience. Share those details with us in DM. https://t.co/GDrqU22YpT
2350756,679436,Mon Nov 13 20:16:28 +0000 2017,@AppleSupport Restarting resolved both problems. Thank you 🙂,"@679436 We're glad to hear it! Never underestimate the power of a reboot. If you need anything further, just let us know. Take care."
2350789,679449,Mon Nov 13 18:42:55 +0000 2017,@AppleSupport @679448 My headphones broke too! Can I also get answers?,"@679449 If you're having issues with your Apple headphones, we can help. Please DM us so we can gather some more information. https://t.co/GDrqU22YpT"
2350815,679456,Mon Nov 13 16:43:41 +0000 2017,Hey @AppleSupport can I get @115888 on my Apple Watch series 3?,@679456 Hello there! We'd be glad to provide some information on using apps with your Apple Watch. Check out the following article and let us know if you have any questions: https://t.co/WvmHrJTkFm
2350815,679456,Mon Nov 13 16:43:41 +0000 2017,Hey @AppleSupport can I get @115888 on my Apple Watch series 3?,@679456 Hello there! We'd be glad to provide some information on using apps with your Apple Watch. Check out the following article and let us know if you have any questions: https://t.co/WvmHrJTkFm
2350846,679464,Mon Nov 13 20:36:07 +0000 2017,"@AppleSupport Hi thanks for answering, iPhone has become rather slow due to update and the keyboard has become very attached, knowing I have the iPhone 7 Plus",@679464 Does the device display a delayed response or is it completely unresponsive? DM the answer below. https://t.co/GDrqU22YpT
2352105,679738,Mon Nov 13 17:29:54 +0000 2017,Yo @AppleSupport you need to fix these iOS 11 bugs it’s taking you forever and this “I️” thing is annoying,"@679738 To help resolve this issue, we recommend backing up your device and updating to iOS 11.1.1. You can learn more about this issue and updating here: https://t.co/xXaXeeSRt9"
2352175,496667,Mon Nov 13 17:08:21 +0000 2017,Downloaded and paid for @118062 #repuatation - however it’s not playing in my @AppleSupport #applemusic #itunes,@496667 We want to help. See if you can access and download the album from your purchased section. You can locate that using the following link: https://t.co/FRtPzkHz0K
2353576,680074,Mon Nov 13 17:59:59 +0000 2017,"@AppleSupport i have 2 iphones , 1 has yellowish screen, 2nd has pure white screen. is yellowish screen a defect?","@680074 Thanks for reaching out. To start, please check that Night Shift is not activated on the device by following this link: https://t.co/NBE76DOiEM."
2353578,302525,Mon Nov 13 17:52:06 +0000 2017,@AppleSupport anything iPhone6s users can do for better battery life? Have to charge phone multiple times per day since update,"@302525 Great question. We understand how essential battery life is, and recommend checking out this article for getting the most out of it: https://t.co/bivpdfBNJ6"
2353613,680085,Mon Nov 13 17:37:26 +0000 2017,"@AppleSupport hey, I’m unable to download anything from the App Store, I can search and click and t asks for verification but then never downloads the app - very frustrating!!",@680085 We'll be happy to work with you to get your apps updated. Were you able to verify the information requested? Have you tried updating over another Wi-Fi connection? Please DM us the device and OS version running: https://t.co/GDrqU22YpT
2353672,457734,Mon Nov 13 17:18:21 +0000 2017,Big shout out to @AppleSupport new update of Pages which means I can’t open any files. Thank you. You are a teachers dream.,@457734 We want to get you the help you need. Let's get you in touch with our Pages experts. You'll find your options for reaching them here:  https://t.co/IBIY3vMgPj
2353711,680114,Mon Nov 13 17:16:35 +0000 2017,"Good job on the most recent update @115858 @AppleSupport can’t get to my voicemail now. Good looks, I really love it. 

^ that’s sarcasm if you couldn’t already tell. 🙃",@680114 Thanks for reaching out to us. We'd like to help you and look into this further. Please DM us to continue working on this. https://t.co/GDrqU22YpT
2354996,680380,Mon Nov 13 18:39:51 +0000 2017,@AppleSupport I Thik there is something problem in update version of iOS because when I m using my iPhone with Bluetooth headset it is heating will I need to visit Care centre...,@680380 We are here to help. DM us the details of your issue and we can take a look at this. https://t.co/GDrqU22YpT
2355047,680394,Mon Nov 13 18:23:50 +0000 2017,"Okay, I just backed up my iPhone to my iCloud, is it safe to clear my phone of all my pictures if its in the Cloud?!?! 🤔 #AskApple @115858 @AppleSupport #iPhone",@680394 That's a great question and we can help. Before we continue we'd like to clarify the situation so we can provide the best advice. Are you trying to remove them to free up space? Are you using iCloud Photo Library?
2355101,680410,Mon Nov 13 18:16:29 +0000 2017,"@AppleSupport seguinte esse negocio de ICloud tá muito seguro... pq eu esqueci que precisa de um codigo de configuração pra entrar no note e ai meu celular quebrou

n gostei","@680410 Since our Twitter support is available in English, get help at https://t.co/IBIY3vMgPj or join https://t.co/pvaOFfPbjt"
2355165,260556,Mon Nov 13 18:00:49 +0000 2017,@AppleSupport get these “I️’s” together,"@260556 An update has been released to assist with this issue. If you haven’t yet, please back up your device and update it to iOS 11.1.1. For more info, check out: https://t.co/4f8hwT5to6"
2355176,680425,Mon Nov 13 23:23:09 +0000 2017,"@AppleSupport Yes, same issue with cellular data. Also, the phone was restarted when I updated to the latest iOS version","@680425 Are you able to see anything in the other section of the App Store? For example, Today, Games or Update?"
2355832,680591,Sun Nov 26 16:45:22 +0000 2017,"@AppleSupport iTunes is refusing to sync the books I have on my Mac iBooks with my iPad iBooks. In fact, it just refuses to show that the books on my Mac are even in there. https://t.co/ZrwrpzGSS7",@680591 Thanks for reaching out.  We want to help. Are you signed in to the same Apple ID on both devices?
2355835,680592,Sun Nov 26 17:01:57 +0000 2017,@115858 @AppleSupport @115948 @115858 I have subscribed for Apple Music and still it doesn’t work! This should not happen if I’m not wrong! https://t.co/EOJDkgWlU3,"@680592 Thank you for reaching out to us! We know how important it is to have your device working as expected, and we’ll do everything we can to help you out with this. Can you tell us which device and software you’re using? Also, is this happening on every song?"
2355936,516849,Mon Nov 13 19:15:14 +0000 2017,"@AppleSupport web pages not loading properly, apps freezing.  and I have over 100GB available on my laptop",@516849 Thanks for letting us know! Let us know if all your apps are currently up-to-date in DM. We’ll continue troubleshooting this with you there. https://t.co/GDrqU22YpT
2356540,680778,Mon Nov 13 19:03:33 +0000 2017,@115858 @AppleSupport I’ve been unable to add a gif to text chat for weeks.... zero of the online forum fixes are working. I wanna send my friends dumb things in our group chats!!,@680778 Thanks for reaching out. DM any error you are receiving to get started. https://t.co/GDrqU22YpT
2356547,126564,Mon Nov 13 18:54:20 +0000 2017,"@AppleSupport Hi, downloaded latest update today and can no longer play any music m from my music library. This is the error message I get - help please! https://t.co/koaSD0tujB",@126564 Hey there. Thanks for reaching out to us. Does this happen with every song from your library? Are you able to play these songs or albums while connected to Wi-Fi?
2356587,299962,Mon Nov 13 18:38:04 +0000 2017,Just moved to iPhone X and I keep getting this error message. I have no idea which item it is referring to? @AppleSupport @115858 #iOS11 https://t.co/vzHTgRCeR7,@299962 We're happy to assist. Which iOS version are you currently running? Go to Settings &gt; General &gt; About for the version.  Have you recently purchased anything from iTunes or the App Store?
2358614,691762,Tue Nov 14 11:10:14 +0000 2017,@AppleSupport Apple don’t resolve battery drain problem and heat problems,@691762 We're more than happy to look in to any issues you're experiencing. Please let us know in DM what's happening and we'll go from there. https://t.co/GDrqU22YpT
2358653,681220,Mon Nov 13 20:25:28 +0000 2017,"@AppleSupport Ah, sorry! I thought this was the German account. My calculator doesn’t work properly. I have to type really slow, otherwise wrong results are calculated. Will this be regarded with the next update?",@681220 No problem at all! Let's move to DM for a closer look. What is your current exact iOS version? https://t.co/GDrqU22YpT
2358701,693023,Tue Nov 14 16:28:02 +0000 2017,"@681228 @AppleSupport واجهتني مشكلة في الماك بوك برو برنامج ادوبي الليستليتور بعد التحديث الى سييرا 
ما يفتح",@693023 We offer support via Twitter in English. Contact us for help in your preferred language here: https://t.co/IBIY3vMgPj
2360317,681632,Mon Nov 13 20:59:44 +0000 2017,@AppleSupport It’s actually that glitch that almost everyone with an iPhone is having an issue with. When you type in “I️” you get this I️,"@681632 Have you updated to the latest version of iOS? If you haven't, be sure to make a backup of your iPhone before you update. Here's how: https://t.co/4f8hwT5to6"
2360325,681635,Mon Nov 13 20:02:52 +0000 2017,"Hey @AppleSupport , I’m up to date on my software, why am I still seeing the question mark box 🤔","@681635 Thanks for reaching out about this situation. We’re happy to help. To clarify, is this happening in your new messages and tweets? Or are you seeing those unexpected characters in other people’s posts and messages? Let us know via a DM. We’ll go from there. https://t.co/GDrqU22YpT"
2361699,681951,Tue Nov 14 01:45:33 +0000 2017,@AppleSupport ok ok 👍 thank,@681951 You're very welcome. Reach out to us if you ever have a question.
2361714,498939,Tue Nov 14 02:50:05 +0000 2017,"@AppleSupport It has happened three times. Each with a messages app notification getting “stuck” at the top of the screen. It’s happened with many different app notes, no one specific.","@498939 In Settings &gt; Notifications &gt; Messages, can you tell us if it's set to Temporary or Persistent?"
2361714,498939,Tue Nov 14 02:50:05 +0000 2017,"@AppleSupport It has happened three times. Each with a messages app notification getting “stuck” at the top of the screen. It’s happened with many different app notes, no one specific.","@498939 In Settings &gt; Notifications &gt; Messages, can you tell us if it's set to Temporary or Persistent?"
2361735,681958,Mon Nov 13 20:29:58 +0000 2017,@681959 damnit #iPhone fix your glitch @AppleSupport I️ can’t type right😳 https://t.co/zTJIlovH99,"@681958 Great news! An update has been released to assist with this issue. If you haven’t yet, please back up your device and update it to iOS 11.1.1. For more info, check out: https://t.co/4f8hwT5to6"
2362807,191485,Fri Oct 13 21:03:38 +0000 2017,@AppleSupport hi. I’ve been to the Genius Bar 4x now for crashing texts. Did a reset and it’s still doing it. Latest update has been done,@191485 We'd like to look into it with you. Can you send us a DM with the details of your visits to the Apple Store? https://t.co/GDrqU22YpT
2362988,682278,Mon Nov 13 21:27:32 +0000 2017,@AppleSupport why is it that iMessage is sending my iMessages as texts to only one specific person and not others?,@682278 Thanks for reaching out. Does this recipient use an iPhone? Do they have iMessages setup for themselves?
2363130,682303,Mon Nov 13 21:38:11 +0000 2017,@AppleSupport Just the Apple logo occasionally coming on and then the screen goes black again,"@682303 We can get that resolved.  We first want to use these steps: https://t.co/8MvHMGgIUP

Pick the option for update first.  Let us know if that works."
2363138,682305,Mon Nov 13 21:07:24 +0000 2017,@AppleSupport I’m having a problem with my high Sierra update on my MacBook Pro since yesterday it’s been like this and I’m just waiting around hoping my stuff is not going to get deleted 😭😫😞 https://t.co/qWP4M22Mko,@682305 We'd like to help! Send us a DM &amp; we'll continue there. https://t.co/GDrqU22YpT
2364435,682649,Mon Nov 13 22:41:21 +0000 2017,@AppleSupport The iPhone 8+,@682649 Thank you. When do you experience this crackling? Is it constant or intermittent? Does it happen in every app and call?
2364511,369735,Mon Nov 13 21:44:19 +0000 2017,Since this new iOS11 my weather widget doesn’t even display the right shit. How do I fix that? @AppleSupport,"@369735 We'll be happy to help with this. To start, can you tell us the exact version of the iOS 11 software you're using? And does the Weather application itself display the correct information?"
2364577,682682,Mon Nov 13 21:33:34 +0000 2017,Is there anyway to stop getting the iCloud backup message on my phone 📱 I don't want to update my iCloud 😩@AppleSupport,"@682682 Thanks for reaching out to us. We'll do everything we can to assist. So that we understand clearly, what's the exact iCloud message you're seeing?"
2364616,682690,Mon Nov 13 21:35:54 +0000 2017,"@AppleSupport your last update stopped my alarm from working properly, the latest has erased my game data. Wtf","@682690 Hey, which device did this occur on and what's the exact iOS version installed? Let us know in DM and we'll look into this. https://t.co/GDrqU22YpT"
2366229,580029,Mon Nov 13 21:51:05 +0000 2017,@AppleSupport how do you use Face ID with ask to buy. It keeps asking for my password when my daughter wants to download something,@580029 We want to help. Which iOS version are you running? Let us know in DM. https://t.co/GDrqU22YpT
2367744,571585,Mon Nov 13 23:45:54 +0000 2017,@AppleSupport ummm... its the https://t.co/iNo5fQnE4e website.. maybe you guy can reboot the server so that it works for your paying customers. There are quite a few people not able to use https://t.co/iNo5fQnE4e .. thanks #iCloud,@571585 Thanks for those details. What type of device is trying to access the website? Have you since restarted to see if the issue persists?
2367766,683380,Mon Nov 13 23:21:09 +0000 2017,Why my shit say searching and won’t let me use my regular LTE? @115858 @AppleSupport @119341 @115714 https://t.co/VMRLDQ1XgH,@683380 Hi there! Let's take a look at this article: https://t.co/5KootZbxj1
2367773,448669,Mon Nov 13 23:07:07 +0000 2017,@AppleSupport My iPhone 7 sometimes freezes when a notification pops up at top of screen. Can’t do anything. Try to power off but screen doesn’t accept input. Happened twice now. Had to do the volume down button + power button to reset.,"@448669 How often does this seem to be happening? Also, which iOS version are you running? Let us know in a DM. https://t.co/GDrqU22YpT"
2369388,683798,Mon Nov 13 23:52:29 +0000 2017,Soooo is anyone else’s screen record not working on @AppleSupport #iPhone8Plus  👀 #ios11struggles,@683798 That's a super new feature and we want you to be able to use it. What's happening when you attempt a screen recording?
2369416,683804,Tue Nov 14 00:38:11 +0000 2017,@AppleSupport Thanks for the support though 👌🏻,"@683804 It’s always a pleasure working with you. We’re glad the issue is resolved, and if you need any more help, feel free to reach back out to us."
2369436,683808,Mon Nov 13 23:34:08 +0000 2017,@AppleSupport How do you recover a missing safari app on the ipad?,@683808 We want to help. Is the app completely missing? When did it disappear?
2369439,683808,Tue Nov 14 02:33:16 +0000 2017,@AppleSupport I think she accidently removed the icon from the screen,"@683808 It sounds like the Safari app may have been moved to a folder. If you scroll through the Home screens, do you see any folders? If so, check each one for the Safari app. This article may give you some guidance on moving apps from folders: https://t.co/M9lEQj2OhE"
2369441,683808,Tue Nov 14 02:52:03 +0000 2017,@AppleSupport I am not with her and don't have an IPad to see how to do this. I will take a look ast the page and forward them to her. Thanks.,@683808 Sounds great. Keep us posted and we can assist further if needed.
2369449,473328,Tue Nov 14 00:36:49 +0000 2017,@AppleSupport East coast,@473328 Are you able to try connecting from a different network to help us isolate the issue?Let us know in DM. https://t.co/GDrqU22YpT
2369540,683828,Mon Nov 13 23:19:13 +0000 2017,"@115858 @AppleSupport is there a reason I updated to High Sierra this morning and now my play/pause, next song, and last song function keys don't work?",@683828 Let's look into this for you. Which App are you using these function keys with? Let us know in DM. https://t.co/GDrqU22YpT
2371100,548079,Tue Nov 14 01:14:24 +0000 2017,"@AppleSupport Thanks for getting back, her account has started working again.",@548079 That's great! Enjoy the rest of your day.
2371111,371385,Tue Nov 14 00:41:25 +0000 2017,@AppleSupport My phone was using DND on its own. These are my current settings and ye everyone that has texted me today has gotten an auto response. 😡 https://t.co/84ip6p72IU,"@371385 We want to help you with your iPhone. Try restarting your device as our article explains, and DM us if this continues: https://t.co/OWRDHWSt4h https://t.co/GDrqU22YpT"
2371142,684191,Tue Nov 14 00:26:47 +0000 2017,Alright @AppleSupport...wtf is this?!! https://t.co/rFEP42xcOc,"@684191 An update has been released to assist with this issue. If you haven’t yet, please back up your device and update it to the latest version iOS 11.1.1. For more info, check out: https://t.co/G4q0hxzVXF"
2371146,684193,Tue Nov 14 00:11:39 +0000 2017,When you suddenly can't sign into your #iCloud account &amp; @AppleSupport wants you to report the problem...by signing into your iCloud account.,@684193 We'd be happy to help out with this. Send us a DM. https://t.co/GDrqU22YpT
2371153,684194,Tue Nov 14 00:25:27 +0000 2017,@AppleSupport @115858,@684194 We offer support via Twitter in English. Get help in Spanish here: https://t.co/IBIY3vMgPj or join https://t.co/OczyRx7IOs
2371235,237906,Tue Nov 14 00:18:14 +0000 2017,So how come UPS told me my phone X might be stolen or missing and no one is doing anything about it?? I call one company and keep getting directed to the another  @AppleSupport @sprintcare @UPSHelp,"@237906 Hey, we'd like to hear more about what's going on. Send us a DM and we'll go from there. https://t.co/GDrqU22YpT"
2371254,684217,Mon Nov 13 23:57:32 +0000 2017,@AppleSupport https://t.co/XGBPN7HSYO not working. Not able to login. Keep getting connection error,@684217 Let's take a look at this together. Send us a DM with the device you're currently using and we'll continue from there. https://t.co/GDrqU22YpT
2372243,684427,Tue Nov 14 00:52:28 +0000 2017,@AppleSupport 11.1.1 1 and my music cuts out or my lock screen won’t show  that it’s playing so I️ can’t control I️t unless I️ actually unlock I️t and then randomly my phone restarts throughout the day.,"@684427 Thanks for the info. We still want to help you. DM us, and we'll look into this deeper. https://t.co/GDrqU22YpT"
2372248,684428,Fri Nov 17 01:26:46 +0000 2017,@AppleSupport Thanks! 11.0.3 (15A432),"@684428 Great! There have been a few updates since this version. So, let's ensure to back up and update the that latest version which is iOS 11.1.2. Here's how: https://t.co/80YRnjDFDk

Let us know the results after installing the update."
2372264,684431,Tue Nov 14 00:43:50 +0000 2017,Anyone else having issues with the #iPhone8 headphones with the adapter? @AppleSupport Makes a constant clicking noise interrupting music.,@684431 Let's be sure your iPhone 8 is working normally with your headphones. Does this happen with every pair of headphones you use with this adapter?
2373308,684685,Tue Nov 14 01:10:58 +0000 2017,"A bateria do meu iPhone está ""estufando"" ,entrei no site da @AppleSupport dizia pra eu ir na loja,na loja falaram que não sabem o que fazer!! Oiii Apple ajuda aí vai","@684685 Since our Twitter support is available in English, get help at https://t.co/IBIY3w3RGR or join https://t.co/pvaOFg6Mb1"
2374382,684943,Tue Nov 14 01:57:36 +0000 2017,@AppleSupport I need a new iMac and some advice. Trying to schedule time at an Apple Store but next to impossible to find out how to call the store. How do I schedule time anymore?,@684943 We'd love to help. Are you looking to solely purchase a new iMac or are there issue with an existing Mac? We ask as appointments aren't needed to purchase. They are only needed for support provided at the Genius Bar.
2375240,685151,Tue Nov 14 02:36:05 +0000 2017,@AppleSupport (15B150),@685151 Thanks for keeping your device up-to-date. Let's move to DM to gather a few more details and review your options. Use the link below to join us. https://t.co/GDrqU22YpT
2375246,272970,Tue Nov 14 02:25:10 +0000 2017,@AppleSupport Is there any way to restore apps and app data from iCloud without the iOS settings!?,@272970 Let's look into this for you. Send us a DM and we can explore some options for you. https://t.co/GDrqU22YpT
2375289,679977,Tue Nov 14 02:07:33 +0000 2017,"@applesupport Hi there - iphone 5 just stopped connecting to imessage. Turned off/on, rebooted, reset network settings - you name it - I tried it. Activation error. Don't get any messages from people with an iphone (it's not recognizing to switch to SMS). Any ideas? Thanks.",@679977 We'd love to assist you. Can you tell us what the activation error is you are receiving?
2376100,685360,Tue Nov 14 02:36:46 +0000 2017,"if @AppleSupport doesnt fix my ""i"" and ""it"" situation by Thursday at 4pm central time I am smashing my iPhone and getting a Google Pixel 2. If Steve was still around this problem would've been resolved already.","@685360 Thanks for reaching out. An update has been released to assist with this issue. If you haven’t yet, please back up your device and update it to iOS 11.1.1. For more info, check out: https://t.co/4f8hwT5to6 If the issues persists, meet us in DM for more help. https://t.co/GDrqU22YpT"
2376114,685367,Tue Nov 14 02:32:51 +0000 2017,Why all of sudden are some of my contacts deleted out of my phone. I need answers ASAP!! @AppleSupport,@685367 We know how important your contacts are and we want to help! Send us a DM letting us know which iOS version you're currently running. https://t.co/GDrqU22YpT
2377070,309327,Tue Nov 14 03:26:51 +0000 2017,Can I get the “Stops destroying your battery” update?? @115858 @AppleSupport https://t.co/7JnSxkr4kM,@309327 Thanks for reaching out to us for support. We would love to help you. Please DM us so that we can look into this together. https://t.co/GDrqU22YpT
2377134,685601,Tue Nov 14 03:02:29 +0000 2017,Thanks @115858 @AppleSupport I’m stuck in this limbo over here #Apple #appleproblems https://t.co/jZJGpVUEiU,@685601 Let us help you get this sorted out. DM us so we can better assist you: https://t.co/GDrqU22YpT
2379276,149721,Sun Nov 26 17:45:49 +0000 2017,"@AppleSupport Hi again , windows version: Windows version: Windows 10Ver1703 (64-bit) build 15063.674 , iTunes version: 12.7.1.14","@149721 Thanks for the info. Have you tried restarting both your computer and iPhone? If not, give that a try, and send us a DM if the issue persists. https://t.co/GDrqU22YpT"
2379321,686130,Sun Nov 26 17:13:13 +0000 2017,@AppleSupport Hi. I really need you help. 2 weeks ago you did a review on the appstore about various apps for photos. Where can I find that info again?,"@686130 This is a great question, thanks for asking! We love being able to point people to exciting new apps through the App Store. First of all, we'd like to know which device you're viewing the App Store on: iOS or a Mac computer?"
2379335,686135,Thu Nov 09 15:52:38 +0000 2017,@AppleSupport I have a iphone 6s which I have not used in about 7 months. It will not accept my old passcode. Any suggestions??? https://t.co/f8B7BpzY3R,"@686135 We can help! If you've forgotten your passcode, try these steps: https://t.co/F1QfwW1u1N"
2381335,270953,Tue Nov 21 23:06:30 +0000 2017,"@AppleSupport No reason why my headphones should connect to the Bluetooth on my *CLOSED* MacBook pro. Yet it does. So this means the service is still running even after the laptop is closed and in ""sleepmode"". Which is most likely killing battery.","@270953 Could you check this setting for us? Go to Apple menu &gt; System Preferences, then click Bluetooth. Click the Advanced Button and look for ""Allow Bluetooth devices to wake this computer."". What is it set on?"
2381374,686589,Tue Nov 21 22:37:37 +0000 2017,"@AppleSupport When u scroll the app up by holding it down until the multi-task view, then hold the app until the red circle comes up top left with a white minus sign.  Then u can swipe up to close it.",@686589 Let's go ahead and meet in DM so that we can gather some more information and go from there. https://t.co/GDrqU2kzhr
2381386,175906,Tue Nov 21 22:00:03 +0000 2017,@AppleSupport My iPhone 6S plus’ iSight camera is going insane. https://t.co/zneo6F3nnz,"@175906 Hey, that certainly isn't expected behavior for the camera. So that we can look into this, can you tell us the exact iOS version installed? Also, does this happen even after a restart?"
2381393,686593,Tue Nov 21 22:28:14 +0000 2017,"@AppleSupport I can't redownload either. I've tried, iTunes won't do it. It won't log me into my acct. Also, that doesn't solve the problem of the non iTunes purchased music. Is it because of the version of Windows I have?",@686593 Let's take a closer look. Let us know if you're able to log into your Apple ID on the Apple ID website in DM. https://t.co/GDrqU2kzhr
2381397,686593,Tue Nov 21 21:19:43 +0000 2017,"@AppleSupport New ipod, trying to import my library but itunes won't sync or log me into my acct. It recognizes my device but won't let me actually do anything. Last time I was able to es in April. I have Windows Vista. Is that why I can't do anything?",@686593 Which iPod do you have? Is the music you want to sync purchased from the iTunes Store?
2381397,686593,Tue Nov 21 21:19:43 +0000 2017,"@AppleSupport New ipod, trying to import my library but itunes won't sync or log me into my acct. It recognizes my device but won't let me actually do anything. Last time I was able to es in April. I have Windows Vista. Is that why I can't do anything?",@686593 Which iPod do you have? Is the music you want to sync purchased from the iTunes Store?
2381408,686595,Tue Nov 21 21:46:47 +0000 2017,"@115858 @AppleSupport the battery of my iphone 6, with less than 6 months of use, lasts less than 6 hours. I don’t know what they have with the 6. But the programmed obsolete thing is a BULLSHIT",@686595 We'd be happy to look into what's happening with your iPhone 6. Are you using the original power cable to charge it? When did you begin to notice this issue happening?
2381436,434695,Tue Nov 21 22:14:16 +0000 2017,@AppleSupport how can I turn off the auto brightness,@434695 Great question! We'll be happy to answer that for you. Let us know what iOS version you have in DM and we'll go from there. https://t.co/GDrqU2kzhr
2385185,536753,Sat Nov 25 14:50:10 +0000 2017,"@AppleSupport hi there, I’m trying to import pictures from my Nikon camera onto my IPhone 6S using an adapter which I have used many times before. Today I have tried to but it starts to import them and then says it does not support on this device. I hope you can help me!",@536753 We'll be happy to look into this for you. Join us in DM with the currently installed iOS version and we'll go from there: https://t.co/GDrqU22YpT
2393898,689218,Fri Nov 10 06:20:41 +0000 2017,@AppleSupport do you know when the next delivery is of iPhone X to Belfast store I’ve been checking every morning but they never get any stock? https://t.co/9uI6Y5g3bj,"@689218 Great question! We know there's lots of excitement around the iPhone X and we certainly understand wanting to get your hands on one soon. You'd want to contact our Sales Support team directly: https://t.co/8yjRd1Xo0i
Have a good weekend!"
2398138,690172,Tue Nov 14 04:37:14 +0000 2017,@AppleSupport my network has been “searching” for a connection for 3 days and sprint says its my phone not their service,@690172 Let's look into this together. We'd like to share a guide with some suggested troubleshooting steps. Let us know if this helps to resolve the issue you're seeing: https://t.co/5KootZbxj1
2398156,690178,Tue Nov 14 04:22:20 +0000 2017,Now the word it wants to act up I️t I’m calling the police @AppleSupport,"@690178 We recently released iOS 11.1.1 to address this issue. Let's create a backup, and follow the steps here: https://t.co/8xihd9VRBM Please let us know if the issue continues in DM. https://t.co/GDrqU22YpT"
2400958,622697,Fri Oct 20 04:03:57 +0000 2017,@AppleSupport my phone battery is dropping 1% every 10 seconds. This is terrible.,@622697 We are here to help. DM us your exact iOS version and we can take a look at this for you. https://t.co/GDrqU22YpT
2401262,438080,Fri Oct 20 04:17:24 +0000 2017,"Hi @AppleSupport, are you guys having issues processing AMEX Cards? It seems like I can’t use my card 2 pay subscriptions anymore, pls help!","@438080 We'd love to help. For billing issues, we'd recommend contacting our iTunes Store team directly: https://t.co/SDIe7UiyJN"
2402125,691097,Tue Nov 14 20:56:30 +0000 2017,"@AppleSupport It has and it showed the backup there but when I select the backup option, it says there’s no backup. I have no idea if that makes sense... but no, nothing is back on the phone.","@691097 Let's move to DM for a closer look. If you go to https://t.co/MdGttkkFL9 from a desktop browser and sign in, do you see your information? https://t.co/GDrqU22YpT"
2402168,691107,Tue Nov 14 06:57:34 +0000 2017,"@AppleSupport please fix your podcast app, it’s been crashing since updating to 11.1.1!!!!",@691107 We'd like to help! Send us a DM with the country that you are located in to continue. https://t.co/GDrqU22YpT
2402204,691119,Tue Nov 14 21:48:35 +0000 2017,"@AppleSupport Thanks! My default account for Notes is GMail. When I want to save a website in Notes, the website is saved in the Notes from my iCloud account, not in Notes from my default Gmailaccount. That's strange. https://t.co/52ekCDazlp",@691119 Thank you for the details. Let's check some settings. Tap Settings &gt; Accounts &amp; Passwords. Is your Gmail account selected there for Notes? Please DM us your answer. https://t.co/GDrqU22YpT
2402267,224487,Tue Nov 14 18:04:44 +0000 2017,"@AppleSupport It has never worked in any app for a few years now.

I've tested on iPhone 6 and iPhone X.

Can you make it work on your iPhone?",@224487 We'd be happy to look into this with you further. DM us using the link below and we'll go from there. https://t.co/GDrqU22YpT
2403564,691415,Wed Nov 15 08:48:05 +0000 2017,@AppleSupport Other people are finding difficulties with Java on High Sierra. Something is not good here Apple. Mostly I’m angry and the unethical policy of choosing not to continue supporting your own software that I paid £750 for!! It’s unacceptable to say that to keep using will cost £199!!,@691415 Let's continue in DM together where we can look into this further. You can DM us here: https://t.co/GDrqU22YpT
2403599,692126,Tue Nov 14 13:33:09 +0000 2017,@691422 @AppleSupport omg mine does the exact same!!! always freezes as well ☹️😤,@692126 We want to be sure you can use your iPhone without any issues. Send us a DM and we'll look into this further with you. https://t.co/GDrqU22YpT
2403632,368846,Tue Nov 14 15:52:34 +0000 2017,"@AppleSupport I am using 10.3.3. This is what is happening whilst connected to 3G - has been happening a while now, regardless of which version I'm using https://t.co/RUuFjhfT8w","@368846 We can understand the need to get into the App Store. Follow these steps to backup the device: https://t.co/tHicJHB57O Then look to update the iOS software: https://t.co/ahjigcvFRG

Feel free to let us know if we can be of any further assistance. https://t.co/GDrqU22YpT"
2403698,346077,Tue Nov 14 19:28:12 +0000 2017,@AppleSupport Yeah I did that and Spotify told me to contact you guys. I reinstalled the app turned my phone off and on. It still shows up as free.,@346077 We appreciate this info. Connect with us in DM and we'll continue from there: https://t.co/GDrqU22YpT
2403775,691474,Tue Nov 14 08:17:49 +0000 2017,"In last 3 month, Encountered 2nd issue related to charging in @115858 Mac book pro. @AppleSupport #iShit","@691474 We'd like to see how we can help with your MacBook Pro. To get started, send us a DM with more information about what's going on, and we'll continue from there. https://t.co/GDrqU22YpT"
2403794,691478,Tue Nov 14 17:06:15 +0000 2017,@AppleSupport Will try the tricks of the trade and then get back with any issue if it persists .Thanks a tonne 🍎,@691478 That sounds good. You're welcome!
2403802,748070,Sat Nov 18 18:22:09 +0000 2017,"@691479 @AppleSupport I face issue with orientation, after playing game like coc and coming back to home screen my notifications and control center are accessible from left and right or other way. And when apps are getting updated my phone heats up a lot. Regret updating to ios11🤐 https://t.co/tgoIkTGBh4",@748070 Thanks for contacting us. We'd like to help out the best we can. Could you please tell us which ios version you're running? This can be found by going to: Settings &gt; General &gt; About.
2404868,691721,Tue Nov 14 15:24:36 +0000 2017,"@AppleSupport Model MGKM2J/A 
Version 11.11.1

The problems were with the space bar changing the keys from the letters to the number and punctuation, which is really really annoying. Also the punctuation that was on the English (Japan) letters keyboard were not , &amp; . but the Japanese 、&amp; 。",@691721 We'd like to explore some additional options on this. Please join us in DM where we can do so. https://t.co/GDrqU22YpT
2404878,691724,Tue Nov 14 12:07:52 +0000 2017,MY IPHONE KEEPS DELETING ALL THE CUTE MSGS FROM MY BOO @AppleSupport WE. NEED. TO. TALK.,"@691724 We would be happy to help. This is only happening with one contact? Have you tried restarting your iPhone? Lastly, how much free space appears on your device in Settings &gt; General &gt; About?"
2404888,691728,Tue Nov 14 12:14:16 +0000 2017,"Thank you, @AppleSupport @115858 for helping me fail my class by this awful email :)) https://t.co/2U140E1VSK","@691728 An update has been released to resolve this issue. If you haven’t yet, please back up your device and update it to iOS 11.1.1. For more info, check out: https://t.co/4f8hwT5to6"
2404967,691751,Tue Nov 14 11:24:49 +0000 2017,@AppleSupport Hi 11.1.1 has made my iPhone 6S unusable....switches off and on....battery says 1% then 43%....please advise,@691751 We're here to help. Let's take this to DM so we can better assist you. https://t.co/GDrqU22YpT
2404988,691757,Tue Nov 14 11:17:42 +0000 2017,"Hey @AppleSupport! I've got a new 12"" iPad Pro with your keyboard cover. But when using that cover, it is popping up from the table. Do you have any suggestions on how to fix this? It's very annoying :( https://t.co/vT6MunnM0J",@691757 Let's take a look. Does your iPad and cover lay flat when it's not being used? Does this happen on every surface you use it on?
2406542,692105,Tue Nov 14 14:04:45 +0000 2017,How do I turn off the Do Not Distrube When Driving feature on the new iOS update? 😱 @AppleSupport #applehelp,@692105 Check out this link for your options on that: https://t.co/BdISLrN866
2406599,692119,Tue Nov 14 15:38:47 +0000 2017,"@AppleSupport iPad, just purchased in August 2017. The keyboard is horrible, I have to correct typos most of the time. The numbers replace letters, it’s a nightmare. Thanks for your help.","@692119 Thanks for letting us know. We want to assist with the keyboard on the iPad, but need a few more details from you.

What iOS version is installed on the device?
If you have not tried already, please restart the iPhone. https://t.co/n9BF3L9h6y https://t.co/GDrqU22YpT"
2406607,692121,Tue Nov 14 15:36:42 +0000 2017,@AppleSupport Ios 11.1.1 on the iPhone 6,@692121 Got it. Let’s continue to work together on this in DM: https://t.co/GDrqU22YpT
2406616,692122,Tue Nov 14 20:07:10 +0000 2017,@AppleSupport I restored the last backup. I need my contacts and pictures. I can’t set it up as new.,@692122 Thanks for letting us know. Please send us a DM and we'll continue our conversation there. https://t.co/GDrqU22YpT
2406704,692150,Tue Nov 14 12:30:15 +0000 2017,Hey @AppleSupport @115858 is there a reason ALL of my notifications disappear when I try to preview/view/clear only one??? I need this fixed ASAP bc #BTSxAMAs is going to light my notifs on fire https://t.co/lMh55spDqU,@692150 Help is here and thanks for that video. Let's meet up in DM to check this out together. What iOS version shows in Settings &gt; General &gt; About? https://t.co/GDrqU22YpT
2406712,692153,Tue Nov 14 15:27:31 +0000 2017,"@AppleSupport Thanks. Yes, I did delete my photos and restart my phone several times.",@692153 You're welcome. We're glad to help. Do you have any shared albums on your iPhone?
2406762,692167,Tue Nov 14 13:02:44 +0000 2017,Okay now my email is having the “I️” glitch 🙄 tf is this?! Has the newest software update fixed this? Anyone know?!?!?  @115858 @AppleSupport https://t.co/dQ3uP7Xsif,"@692167 Thanks for reaching out. To make sure we're on the same page, you're currently on iOS 11.1.1, correct? Please let us know by DM. https://t.co/GDrqU22YpT"
2406767,125159,Tue Nov 14 17:51:23 +0000 2017,"@AppleSupport I fixed it by rebooting. I was in Safari and my phone froze up. This is a new iPhone 7 phone I picked up in the summer, no problems before you rolled out the iOS 11 updates. Now it freezes up all the time!",@125159 Thanks for following up. Send us a DM so we can continue to look into this with you there. https://t.co/GDrqU22YpT
2408501,692567,Tue Nov 14 16:06:55 +0000 2017,@AppleSupport It usually notified me when there’s an available update but it seems it didn’t.,@692567 Does everything seem to be working okay after you completed the update?
2408507,614407,Tue Nov 14 14:29:58 +0000 2017,@115858 @AppleSupport saying “I️ “sucks and it is a glitch I️ in the software.,"@614407 We recently released an iOS update, 11.1.1, that contains a fix for autocorrect issues. Let’s be sure to back up your device prior to updating. How to back up: https://t.co/4f8hwT5to6"
2408543,692577,Tue Nov 14 14:49:25 +0000 2017,@AppleSupport why doesn’t ‘I’ Work ?? And I️ keep getting this ?’ Instead🤔 remind me not to update this phone again. Please,"@692577 Thank you for reaching out to us. Let’s work together to find the best course of action for this issue. To start, what software version are you currently using?"
2408545,692578,Tue Nov 14 16:15:22 +0000 2017,@AppleSupport 11.0 (15a5370a),@692578 Got it! We recently released an iOS update that should help alleviate the issue. Let's go ahead and create a backup and update your version of iOS: https://t.co/80YRnjDFDk Keep us updated on the results once you're fully updated.
2408569,692583,Tue Nov 14 14:59:36 +0000 2017,@AppleSupport @115858 this glitch is irritating I️,"@692583 We heard complaints of this, and made it a priority to release a resolution. Follow these steps to backup the device: https://t.co/tHicJHB57O

Then look to update the iOS software: https://t.co/ahjigcvFRG

Please send us a DM, if we can be of any further assistance. https://t.co/GDrqU22YpT"
2408603,692594,Tue Nov 14 14:28:41 +0000 2017,@AppleSupport my phone gets worse by the fucking day Bc y'all are childish &amp; know I'm a slave to capitalism. FIX. IT. NOW.,"@692594 Reach out to us via DM and fill us in on what is happening with your iPhone, then we can work together to get you back to expected performance. https://t.co/GDrqU22YpT"
2408620,692600,Tue Nov 14 14:49:27 +0000 2017,"@AppleSupport I cant open the fucking App Store, iTunes Store or YouTube. Tell me why please","@692600 What happens when you try to open these apps? Do you know what version of the iOS is on the device?  If not, you can check under Settings &gt; General &gt; About &gt; Version. 

Let us know we'll help out."
2409551,692826,Thu Nov 16 16:15:03 +0000 2017,"@AppleSupport Absolutely no improvement , so frustrating to spend so money on a phone and to have such poor performance a year later and then told to adjust the functionality of the phone to keep battery life ! Is this not the point of having a smart phone ? Happens every IOS upgrade 😡","@692826 We understand how important it is to have an iPhone with reliable battery life. So that we can look into some additional options, DM us the country you're located in and we'll go from there. https://t.co/GDrqU22YpT"
2410119,692946,Sun Nov 26 17:50:22 +0000 2017,@AppleSupport saludos y buen día al hacer respaldo en ICloud de guarda también Whatsapp? Tengo problema con equipo https://t.co/XiZZnHJ6n7,@692946 We offer support via Twitter in English. Get help in Spanish here: https://t.co/IBIY3vMgPj or join https://t.co/OczyRx7IOs
2410127,692950,Sun Nov 26 18:58:06 +0000 2017,@AppleSupport They came with my iPhone 7,@692950 Alright. Let's work on this further from DM. Let us know the country you're located in. https://t.co/GDrqU22YpT
2410137,587296,Sun Nov 26 21:18:31 +0000 2017,"@AppleSupport Yes, both! I'm not getting an error, it just doesn't download. Every once in a while it will ask me to log into itunes again and verify with fingerprint,but then it just thinks forever and nothing happens until it asks me again",@587296 Thanks for clarifying that. Send us a DM. We'd like a closer look into this. https://t.co/GDrqU22YpT
2410260,692989,Wed Nov 15 13:00:53 +0000 2017,"@AppleSupport Can I not just speak to somebody @AppleSupport on the phone and get this sorted.
They are quick to take money from me but useless with query https://t.co/RTx8tnO9Ka",@692989 You can reach out to the iTunes team directly here: https://t.co/SDIe7UiyJN
2410267,302435,Tue Nov 14 15:44:44 +0000 2017,@AppleSupport I turn WiFi off when I leave home in the morning from the slide up screen. I’m using the most up to date system as updated 2 nights ago with the most recent,@302435 We appreciate you keeping us updated. The behavior of the Wi-Fi and Bluetooth options in the Control Center has changed a bit with iOS 11. Check out this article for more details: https://t.co/G7BHuQnDS6
2410332,465158,Tue Nov 14 15:43:27 +0000 2017,@AppleSupport how can I stop my iPad from automatically updating to ios 11? I have incompatible apps that I am still using.,@465158 You can go to Settings &gt; iTunes &amp; App Stores and turn off Automatic Updates.
2410350,693011,Tue Nov 14 15:57:20 +0000 2017,".@AppleSupport If I’m seeing “A ⍰” in texts from my wife in Messages on my MacBook, but “I” on my 11.1.1 iPhone, does that mean she needs the iOS update? Or is a macOS update coming? (Fwiw, her screen looks fine — she sees “I” in the messages she’s sending, not ""A ⍰.”)",@693011 Thanks for reaching out. We'd like to look into this with you. Please join us in DM and we'll get started. https://t.co/GDrqU22YpT
2410379,693019,Tue Nov 14 14:21:47 +0000 2017,"Real talk, where did all my music go when I updated to 11.1.1 @AppleSupport","@693019 If you check under Settings &gt; Music, is iCloud Music Library disabled?  If so, enable it and let us know if that works."
2410399,693024,Tue Nov 14 16:27:14 +0000 2017,"@AppleSupport Thank you for your response. Actually this issue has persisted for quite a while now. At present, when I connect to iTunes, it shows I have about 5GB free storage. However, there’s still 22GB listed as “Other”.","@693024 Understood. To start, we'd recommend backing up your device to iTunes specifically, and iCloud as well if you like: https://t.co/4f8hwT5to6 Once you're backed up, let us know. 

Additionally, what version of iOS are you on? Let's meet in DM to continue. https://t.co/GDrqU22YpT"
2412437,693541,Tue Nov 14 17:48:10 +0000 2017,@AppleSupport all of my apps!! https://t.co/iXKHvgHDE2,@693541 Have you restarted your iPhone yet? A fresh start can fix most issues.
2412487,693551,Tue Nov 14 23:52:03 +0000 2017,@AppleSupport No only when headphones connected,"@693551 It sounds simplistic, but have you tried powering off your iPhone completely and restarting? If not, give that a try and let us know if that helps."
2412515,693556,Tue Nov 14 16:21:58 +0000 2017,Is this a real thing??? @AppleSupport @115858 the e-mail is from __email__ LOL so I’m guessing now https://t.co/0dFTnBAHVE,@693556 Thanks for reaching out to us. We definitely understand your concern here. This email is not authentic. This is likely a phishing attempt to get personal information from you. You can learn more about how to identify phishing emails here: https://t.co/LNMCdqt6fD
2412536,693561,Tue Nov 14 16:20:26 +0000 2017,"@115858 @AppleSupport Also great fucking timing, have tests and essays I need the laptop for so thanks a lot",@693561 We’d like to help. Do you see an error message when trying to log into iCloud or does it keep prompting you to re-enter the password? Is this happening in System Preferences?
2412962,693674,Thu Nov 16 14:43:28 +0000 2017,@AppleSupport @AppleSupport iphone 5s,"@693674 We would love to help get your Wi-Fi option back up and functioning properly. Are you unable to turn Wi-Fi on using the Control Center, or through Settings? Is the option greyed out in Settings? Did this just become an issue for you after updating to iOS 11.1.1?"
2412962,693674,Thu Nov 16 14:43:28 +0000 2017,@AppleSupport @AppleSupport iphone 5s,"@693674 We would love to help get your Wi-Fi option back up and functioning properly. Are you unable to turn Wi-Fi on using the Control Center, or through Settings? Is the option greyed out in Settings? Did this just become an issue for you after updating to iOS 11.1.1?"
2413009,693682,Fri Nov 17 01:27:56 +0000 2017,@AppleSupport Just did and it seemed to have worked thanks,@693682 You’ve got it! We are always happy to help.
2413023,693686,Thu Nov 16 21:20:39 +0000 2017,@AppleSupport I tried to restart several times but always the same message  so ..... please come with a solution .............,@693686 Did you install the new update using the App Store or using macOS recovery? Let us know in DM. https://t.co/GDrqU2kzhr
2414319,693979,Tue Nov 14 17:04:05 +0000 2017,@AppleSupport why do I have to put in my credit card information to update my apps?,"@693979 We can offer some guidance on this. If you’d like to remove your payment information, this article will help: https://t.co/Y0YoIRcZa7

If you have questions, let us know."
2414346,693987,Tue Nov 14 17:05:23 +0000 2017,"@AppleSupport Hey! I want to have a general tune-up of my mac + talk through my options in terms of backing up/storage of photos and files. Could I do this in an ordinary genius bar appointment? It not, what should I do? Thanks!","@693987 Hey, there. We can certainly do our best to help you out and look into options. Let's meet in DM and we'll continue there. https://t.co/GDrqU22YpT"
2414405,694000,Tue Nov 14 16:24:18 +0000 2017,"Dear Apple/ iPhone,

Currently, my phone is running slow, the apps are crashing, the screen is in &amp; out &amp; I’m NOT satisfied! You might as well send me a complimentary #iPhoneX or do I need to pull up? Lol @AppleSupport @115858 @116333 https://t.co/ugC1wcNUtq","@694000 Hey Jerome, we'd like to look into the issues you're having with your iPhone. DM us some info about the current iOS version you're using and your model and we'll go from there. https://t.co/GDrqU22YpT"
2417393,694693,Wed Nov 15 21:14:15 +0000 2017,@AppleSupport I was able to login on another device and I can’t find my pictures. My last back up was through iCloud on my phone at 1:03am this morning,@694693 We’ve got an awesome team of experts who can help further with Photos and iCloud Photo Library. We have a team of Photos specialists who can help. Use the following link to select Apps &amp; Software &gt; iOS Apps &gt; Photos for iOS: https://t.co/IBIY3vMgPj
2417451,694709,Tue Nov 14 17:33:49 +0000 2017,@AppleSupport why is my autocorrect putting this dumb quest mark every time I️ type I️?,"@694709 iOS 11.1.1 was recently released and it includes a fix for autocorrect issues. Be sure to back up your device prior to updating, and let us know if the issue persists afterwards. How to back up: https://t.co/4f8hwT5to6"
2417459,694712,Tue Nov 14 17:28:14 +0000 2017,".@115858 @AppleSupport I'm really disappointed in my iPhone 8. This is the first time I've gone a step up on a phone and felt like I've downgraded. It's laggy and slow. Plus, I haven't been able to connect to wifi or stay connected to any bluetooth device in over a week. :/","@694712 Getting the performance that is expected from your iPhone is very important to us and we'll do all we can to help. To ensure we provide the best support for all the issues you're having, let's start by gather the iOS version shown in Settings &gt; General &gt; About."
2419526,695095,Sun Oct 29 04:12:35 +0000 2017,iCloud Music can’t be turned on in iOS 11.0.3 @115858 @AppleSupport ??,@695095 We'd like to help! Check out this article: https://t.co/9VQ9VywZJ2
2420071,695202,Sat Nov 25 22:34:10 +0000 2017,@AppleSupport i've been trying to update my phone for weeks and it won't work😡,@695202 We'd like to help. Can you tell us what happens when you try to update your iPhone?
2420315,695259,Sun Oct 29 06:20:50 +0000 2017,"Mon iphone bug avec oe changement d’horaire. Il écrit 8h16 mais si je vérifie dans horloge il est bien 7h16 !
@AppleSupport https://t.co/jhSidFvWYH",@695259 We offer support via Twitter in English. Contact us for help in your preferred language here: https://t.co/IBIY3vMgPj
2420748,695375,Sun Oct 29 17:20:56 +0000 2017,@AppleSupport I fixed it,@695375 Brilliant. We're glad to hear it's sorted.
2422419,695761,Tue Nov 14 18:11:02 +0000 2017,"@AppleSupport I updated my software because it prompted me to - I now have some serious battery life problems, even with power saver on.. It just dropped 3%, yes 3% while typing this tweet (background apps are closed and power saver is on) - what the hell??!! A little help?!","@695761 We'd be happy to help. We understand that you need to get the most out of your iPhone's battery to make it through the day. Have you just updated to iOS 11.1.1? If so, how long ago did you complete this update?"
2422538,695789,Tue Nov 14 20:09:55 +0000 2017,"@AppleSupport Yes got the app, it doesn't display my library which I add via iTunes desktop. The movie tab on iTunes is basically useless right? TV app doesn't find content. What will? Given the $$ of this thing, wonder this is so cumbersome. How do customers tolerate this? https://t.co/J82U6y5PLT",@695789 The TV app should let you access TV shows and Movies from your iTunes Library. When you open the app do you see your videos there? DM us the answer and we'll continue there. https://t.co/GDrqU2kzhr
2422556,695794,Tue Nov 14 18:38:42 +0000 2017,@AppleSupport I do,@695794 We recieved your DM and be on the lookout for our response.
2422615,135204,Tue Nov 14 17:53:11 +0000 2017,"@116333 @AppleSupport 
3 times I've done Restor iPhone, work two days and then go back to the same problem?

I did restore to 11.1
Then 
Ios 11.1.1 

The problems is not be solve ,

How many time I’m contacted with Apple support about this problem 

Now I will try 11.0.3 https://t.co/xx6cwqeRz1",@135204 We want to help.  Send us a DM to let us know which country you are located in. https://t.co/GDrqU22YpT
2424367,696217,Tue Nov 14 18:56:40 +0000 2017,@AppleSupport Ok thank you👌🏾,@696217 You're very welcome. We're happy to help.
2424407,696227,Tue Nov 14 18:21:51 +0000 2017,@AppleSupport I keep updating hoping the issues get fixed but they get worse,"@696227 When they close unexpectedly, does your iPhone completely restart or does the app just close? Do you see any updates available in the App Store? DM us and we'll continue there. https://t.co/GDrqU22YpT"
2424419,696230,Tue Nov 14 18:46:16 +0000 2017,"@AppleSupport iPhone 6S , battery life sucks ass 🙃",@696230 Got it. Do you know approximately how long your iPhone 6s lasts on a fully charged battery? Does this happen while using any particular apps? Let us know via a DM. We’ll keep moving forward from there. https://t.co/GDrqU22YpT
2425890,696616,Tue Nov 14 18:44:35 +0000 2017,@AppleSupport Can you please stop making my phone lag? 🙄,@696616 We'd be happy to help with the performance with your device. Can you provide us which model iPhone you're using and the iOS version? https://t.co/ZTw54HL4Rm
2425895,696617,Thu Nov 16 21:14:31 +0000 2017,@AppleSupport Through the speaker and yes I have a case but the speakers are not covered by the case,"@696617 We appreciate the info. Does this occur in multiple apps? If so, which ones?"
2427332,696969,Tue Nov 14 19:25:26 +0000 2017,"@AppleSupport Just received a £30 gift card pack, have redeemed 2, but the last one says that the 'code has already been received'. i made sure that it wasn't a card I had already redeemed. HELP!",@696969 Thanks for reaching out. We're here to help. DM us so we can look into this further with you. https://t.co/GDrqU22YpT
2427377,472841,Mon Nov 06 15:48:00 +0000 2017,@AppleSupport since the last few updates my Apple Watch does pick up my movement properly. Are there settings I can change!?!,@472841 We'd like to help. Take a look at this article to make sure your getting the best readings: https://t.co/QqvZmDcwtG
2427379,696980,Tue Nov 14 19:51:06 +0000 2017,@AppleSupport No I use it like any other day no more no less and usually have 40-50% at this time of day but dropped from 60 to 20 in less than half an hour,@696980 Was the iPhone in using during this time or sleeping? When did you start noticing this happening with your battery?
2427414,696988,Tue Nov 14 20:51:46 +0000 2017,"@AppleSupport Snapchat and YouTube but sometimes the home screen, it shows the logo as black like you’ve turned it on","@696988 Let's verify that all of your Apps are up to date. If they're not, remove the Apps and reinstall them. Then check to see if your device restarts again. Let us know the results in DM. https://t.co/GDrqU22YpT"
2429178,697406,Tue Nov 14 20:03:46 +0000 2017,"So today my entire iphone blacked out to only these 3 apps. Had to restore it to fix. WTF, @AppleSupport ?? https://t.co/2T3Fkk6T7j","@697406 Let’s look into what’s happening together. Send us a DM telling us which iPhone you have, the iOS version number it’s running, and if this is what your screen currently looks like."
2429210,697416,Tue Nov 14 20:36:35 +0000 2017,@AppleSupport lol my apps and picture get deleted and restored again I've deleted everything in order to clear up storag but my storage is still full. My software must be messed up,"@697416 Thanks for that information. Send us a DM with the country you're currently located in, and we'll continue from there. https://t.co/GDrqU22YpT"
2429210,697416,Tue Nov 14 20:36:35 +0000 2017,@AppleSupport lol my apps and picture get deleted and restored again I've deleted everything in order to clear up storag but my storage is still full. My software must be messed up,"@697416 Thanks for that information. Send us a DM with the country you're currently located in, and we'll continue from there. https://t.co/GDrqU22YpT"
2429226,697420,Tue Nov 14 20:12:18 +0000 2017,@AppleSupport :( my touch screen stopped working for no reason,@697420 We hear you and we want to help. Send us a DM letting us know which device you're having this issue with. https://t.co/GDrqU22YpT
2429259,697431,Tue Nov 14 19:52:30 +0000 2017,@AppleSupport ??? tried 6 times and got the same message everytime https://t.co/hQ3HlSY0M7,@697431 We know it's important to get access to your account again. Let us know in DM how you come to this page to look further into this. https://t.co/GDrqU22YpT
2429261,697432,Tue Nov 14 20:04:24 +0000 2017,Can @AppleSupport fix this problem already? 😒 https://t.co/CXX8Wl9uOO,"@697432 An update has been released to assist with this issue. If you haven’t yet, please back up your device and update it to iOS 11.1.1. For more info, check out: https://t.co/4f8hwT5to6"
2429273,697436,Tue Nov 14 19:51:52 +0000 2017,@AppleSupport what’s up with my Apple case peeling?,@697436 We'd be happy to assist with the issue of your peeling case. Which case is it? Was it purchased with your iPhone and at an Apple Store or via https://t.co/4Pp0Uiioqh? Let us know in DM.
2429304,697439,Tue Nov 14 19:51:59 +0000 2017,@AppleSupport updated my iphone 7 to iOS 11.1.1 yet that stupid a ? Bug is still there.... help pls,"@697439 We're here to help!  Are you seeing this on new messages you are writing, or on older messages you've received?  The fix was not retroactive, so older content may still display the symbols, but new should not."
2429371,561618,Tue Nov 14 19:37:21 +0000 2017,Why the fuck does my Apple Music keep freezing and changing song and voice control on my phone keep turning on and off. Someone plz help before I throw this shit iPhone at the back of someone’s head @AppleSupport 🙂,"@561618 Let's work to get your Apple Music working on your device. To start, which iPhone &amp; iOS version do you have? Let's also have you restart the iPhone and then see if that issue persists. If it does, let us know."
2431255,697885,Tue Nov 14 20:38:34 +0000 2017,@AppleSupport what?? ??? ? https://t.co/DQwMJZQP2j,"@697885 Let's look into this together. Which iOS version is your iPhone currently running? Let us know in DM, and we'll continue from there. https://t.co/GDrqU22YpT"
2431268,697888,Tue Nov 14 20:32:42 +0000 2017,@AppleSupport can you please tell me why ios 11 deleted all my photos for the last 3 years???,@697888 We love taking and viewing pics with our iOS devices and we'll definitely get you pointed in the right direction for help. Our Photos support team will be the best ones to help with any concerns you have about your Photos. Follow this link: https://t.co/IBIY3vMgPj
2431286,697892,Tue Nov 14 21:36:22 +0000 2017,@AppleSupport Yes,@697892 Have you restarted your device since this issue started?
2431323,697899,Tue Nov 14 21:28:22 +0000 2017,@AppleSupport Im on ios 11  i only updated because i was told the touch id would be fixed with the update but it still doesn’t work,@697899 Thank you for that information. We provided some steps to try here: https://t.co/nV2d8KtDUG Let us know in DM if they help: https://t.co/GDrqU22YpT
2431345,697906,Tue Nov 14 20:15:38 +0000 2017,@AppleSupport my phone has been doing this for ages. I’m trying to set up my iPhone properly but it won’t load from here. https://t.co/Cjz1WG0vFO,"@697906 Thanks for reaching out. Are you able to leave this screen at all? Is the loading icon still moving, or does it appear frozen?"
2434242,698529,Sun Oct 29 15:40:00 +0000 2017,@AppleSupport Control Center,@698529 This is normal behavior. You can read more about it here. https://t.co/G7BHuQnDS6
2434631,382485,Sun Oct 29 11:12:45 +0000 2017,@AppleSupport is there a problem with your website will not accept a valid payment card on a subscription,@382485 Our team of iTunes Store experts can help with this. You can reach them here: https://t.co/SDIe7UiyJN
2434648,698611,Sun Oct 29 10:36:48 +0000 2017,c'est quand la prochaine màj iOS ? j'ai encore pleins de bug @115858 @AppleSupport 🤔,@698611 We offer support via Twitter in English. Contact us for help in your preferred language here: https://t.co/IBIY3vMgPj
2435354,379676,Sun Oct 29 11:35:34 +0000 2017,@115858 @AppleSupport You need to create a icon in the notification bar to confirm whether the Pencil is connected or not at a glance,@379676 We love hearing suggestions. Here’s a great link to submit your feedback: https://t.co/eTPVYVFyd8
2435366,698765,Sun Oct 29 11:41:45 +0000 2017,09/09/17 de servise verdigim ve 5s kalmadigi icin 5se  verecegiz deyip oyaladiginiz telefon ne zaman gelecek sayin @AppleSupport yetkileri,@698765 We offer support via Twitter in English. Contact us for help in your preferred language here: https://t.co/IBIY3vMgPj
2435739,156915,Sun Oct 29 15:44:29 +0000 2017,"@AppleSupport No message, it just keeps downloading but it won’t work","@156915 We'd like to take a deeper look into this, DM us and we'll continue there. https://t.co/GDrqU22YpT"
2436423,470689,Sun Oct 29 13:51:02 +0000 2017,"@AppleSupport Why is predictive text changing the letter “I” to I️? I️ reset my keyboard, turned my phone on/off, and it’s still doing it.",@470689 That should not be happening. Let us help. Let's move over to DM to continue troubleshooting. https://t.co/GDrqU22YpT
2436447,180372,Sun Oct 29 15:14:30 +0000 2017,"@AppleSupport No it’s a brand new iPhone 7, my battery did better on the previous iOS.","@180372 OK. Next, take a look at this article, which has a few tips that we'd like for you to try: https://t.co/bivpdfBNJ6"
2436451,698996,Sun Oct 29 14:26:02 +0000 2017,@AppleSupport Can I change a setting somewhere?,@698996 We'd like to help! You can tap the (i) that is located beside the contact or group and remove from recents.
2437317,524854,Sun Oct 29 15:21:57 +0000 2017,"@699174 @AppleSupport @62155 This is exactly what I've been trying to do with a long press on my iPhone 6 when I switched to iOS 11, but yeah never worked :/",@524854 We’ll work through this together. Are you unable to use 3D Touch in iOS 11 for all apps and features or just in Control Center?
2437769,699282,Sun Oct 29 15:27:22 +0000 2017,"Dear @115858,
I downloaded the newest update and now I lose 1% battery every two minutes. Fix that. It’s a problem.
Cc: @AppleSupport","@699282 When do you notice the battery drainage the most? Let us know, we want to help."
2438220,699384,Sun Oct 29 16:35:46 +0000 2017,@AppleSupport it came in my junk I double check that isn't my iCloud email where I get my invoice is my other email https://t.co/DzNJytOhWA,@699384 Thanks for that screenshot. This isn't one of our emails. Here's more information on phishing: https://t.co/LNMCdqt6fD
2438499,699440,Tue Nov 14 21:13:32 +0000 2017,Need to have an update 🙂💔 @AppleSupport https://t.co/wv67VGojOS,@699440 We would be happy to help. What's happening with your iPhone here?
2438515,699446,Tue Nov 14 22:15:34 +0000 2017,@AppleSupport iPad Air 2 version 11.1.1. Happened last week when I was flying and Just again today. Seems the trashed emails aren’t downloaded either.,"@699446 Are these downloaded emails? When airplane mode it is enabled you won't be able to make changes to emails stored on an email server. 

Did this ever work as you describe before? Meet us in DM and we'll look into it with you:"
2438562,531982,Tue Nov 14 21:36:03 +0000 2017,@115858 @AppleSupport mac os sierra fails at copy and paste. That has to be the line of rock bottom for an OS right? #sierraproblems #macosproblems #mac #apple,"@531982 We'd like to know more to assist. What's the exact macOS version running? Also, are you having an issue copy and pasting from a specific app or any?"
2438567,699457,Tue Nov 14 22:06:10 +0000 2017,@AppleSupport Sure. iPhone 6 was working great. Updated since iPhone 8 came out with new software and now it is extremely slow and painful,"@699457 Thanks for getting back to us. Let's get to the bottom of this. 

Are you noticing it running slower when using any apps, or does it seem system-wide? What is the exact iOS version you see in Settings &gt; General &gt; About?"
2438570,699457,Tue Nov 14 22:39:50 +0000 2017,@AppleSupport The whole phone! Literally when opening up anything or using it generally.  Prior to updates it was completely fine https://t.co/eT0p1Xo7pX,@699457 Thanks. Go ahead and send us over a DM when you have a moment. We'll pick back up there. https://t.co/GDrqU22YpT
2438582,699458,Tue Nov 14 21:20:04 +0000 2017,@AppleSupport when will this updates fix the battery life issues ? It lasts nothing !!! https://t.co/M83YLv8toS,@699458 We want to help. Have you completed that update and are still experiencing battery drain?
2439254,699629,Sat Oct 21 19:18:43 +0000 2017,Dear @AppleSupport I have 5GB of storage left. I lost a 1 minute long video because it said I’m out of storage. Can’t do anything else yet it’s still keeping 55GB of oldest items with Optimise Storage enabled! Why?!,"@699629 We're here to help. Which iPhone and iOS version do you have? Also, check out this article. https://t.co/0yFHFRYSnX DM us below. https://t.co/GDrqU22YpT"
2439720,699751,Tue Nov 14 22:48:28 +0000 2017,@AppleSupport I see a black screen and then spinning gear for a few seconds and then I️t prompts me to put my password in.,"@699751 Thank you. Have you noticed that this happens while using any app in particular, or does the issue occur randomly? Please DM your answer, we'll meet you there. https://t.co/GDrqU22YpT"
2439798,189393,Tue Nov 14 21:47:07 +0000 2017,"@AppleSupport Since upgrading to the new iPhone, my Apple Watch Series 2 no longer handles Messages like it used to. I constantly get message notifications on my watch after I have already read and replied to them on my iPhone. 

How can I fix this?","@189393 Let's look into this together and figure it out. Have you restarted both devices? Which version of iOS, and watchOS are you running? You can find the iOS version in Settings &gt; General &gt; About. The watchOS version is found in the Watch app &gt; General &gt; About."
2440797,700014,Tue Nov 14 23:19:19 +0000 2017,@AppleSupport 6s and IOS 11.1.1 and I’ve already done all of those steps. It won’t connect with Bluetooth or through the USB,"@700014 Are you able to connect to other USB or Bluetooth devices? If this is limited to just the car system, it may mean that the car stereo needs a firmware update in order to work with iOS 11."
2440807,700015,Wed Nov 15 01:26:09 +0000 2017,@AppleSupport you mean which iOS?,"@700015 Yes, which version of iOS is installed? You can find out by tapping Settings &gt; General &gt; About."
2440822,700018,Tue Nov 14 22:46:00 +0000 2017,"@AppleSupport the new OS sucks. My laptop is so slow now from whatever ""improvement "" you made.","@700018 Let's work together to figure out what's going on. Which macOS version did you install? Also, can you elaborate on the slowness you're experiencing?"
2440864,356940,Tue Nov 14 22:37:50 +0000 2017,@AppleSupport My iPad Pro 10.5 inch battery dies so fast on iOS 11...after 4 hours it’s dropped 75% already...I haven’t even had this iPad for more than 2 weeks. https://t.co/BSymtGb0n1,@356940 That's not the experience we want for you.  Send us a DM letting us know which country you are located in. https://t.co/GDrqU22YpT
2440880,700030,Tue Nov 14 22:21:38 +0000 2017,"@AppleSupport where can I let you know my problems with the latest software upgrade, with some apps e.g. Mail app? Have a few things to say","@700030 Reach out to us via DM and fill us in in detail on what you're experiencing, then we can work with you on it from there. https://t.co/GDrqU22YpT"
2440907,280871,Tue Nov 14 22:27:51 +0000 2017,Thanks iOS 11. I zoomed in an emails &amp; it went blank. Nothing. Not even quitting will bring it back. @AppleSupport #fail https://t.co/FshCA14tzZ,@280871 Let's take a look at this together. Which device and iOS version are you on? Shoot us a DM: https://t.co/GDrqU22YpT
2441763,347051,Tue Nov 14 23:41:42 +0000 2017,@AppleSupport Correct.,"@347051 Got it, thanks. So that we can gather more details, can you tell the version of iTunes your computer is running, and the iOS version your iPhone is on?"
2441868,700271,Tue Nov 14 22:55:50 +0000 2017,@AppleSupport hey y'all! If you could make boarding passes disappear after my flight from my wallet app that's be awesome! I fly a lot and they stack up quickly.,@700271 Thanks for reaching out to us. Try the steps in this article to remove items from your wallet: https://t.co/hemaqGXCcI
2442722,700479,Wed Nov 15 00:19:19 +0000 2017,"@AppleSupport I backed up my mac air to my time machine.  I erased my mac pro, and restored it to be identical to my mac air.  I don't really need your help, but thanks.  My whole point was that there should be security in place so that I don't have to worry about ""someone""","@700479 We understand, and we welcome and encourage your feedback and suggestions! Please provide them here: https://t.co/eTPVYVFyd8"
2442730,407679,Tue Nov 14 23:52:18 +0000 2017,ok but why is my watch dying so fast now wtf @AppleSupport,@407679 We'd be happy to look into this with you. Which version of the watchOS are you running?
2442743,700253,Tue Nov 14 23:53:33 +0000 2017,"@AppleSupport Autocorrect worked fine in iOS 10. The machine learning aspect is really messing it up. I don't want to have to use the predictive keyboard to train it to work again when it worked fine in the past.

Could you just pass this feedback on to someone relevant? Thank you!",@700253 We welcome and encourage your feedback and suggestions! Please provide them here: https://t.co/eTPVYVFyd8
2442760,135994,Wed Nov 15 00:25:27 +0000 2017,"@AppleSupport It starts on its own. So nearly every time it has shut down, I was doing something else and heard the start up chime.","@135994 Got it, thanks. By chance were you showing this or a similar message when your Mac restarted? You can view the image in the article here: https://t.co/gWt0chYWfk"
2442786,700490,Tue Nov 14 23:37:52 +0000 2017,My family share an iCloud... my friend just text himself and my sister got the message someone help me understand how that’s possible... @AppleSupport,@700490 We'd be more than happy to help. Tell us a bit more about your iCloud setup via DM. We'll continue there. https://t.co/GDrqU22YpT
2443839,700740,Sun Nov 26 18:26:13 +0000 2017,@AppleSupport we can add previewing files to the laundry list of things that no longer work after downloading High Sierra,@700740 We'd like to know more. DM us the details and we'll go from there. https://t.co/GDrqU22YpT
2444093,700809,Wed Nov 15 00:34:15 +0000 2017,Dear @AppleSupport why do I still have the “i” text error after updating my phone to 11.1.1 ?,@700809 We're here to assist. Please meet us in DM and we'll take a further look at this with you. https://t.co/GDrqU22YpT
2444184,700832,Wed Nov 15 00:08:00 +0000 2017,@AppleSupport Thank you!,@700832 You're very welcome. We've received your DM and look forward to working with you there.
2445252,553460,Wed Nov 15 00:20:31 +0000 2017,@AppleSupport my iPhone X just dialed 911 by itself when my phone was in the holster on my waist.,"@553460 We want to make sure your iPhone X is only using Emergency SOS, when necessary. Here's how to use Emergency SOS on your iPhone X: https://t.co/OqERDeSFxl Is it possible that both the side button and Volume button were being pressed and held in your holster?"
2445274,701070,Wed Nov 15 13:53:16 +0000 2017,@AppleSupport The fact this happens I️ when ever I type the letter “I”,"@701070 We recently released an iOS update, 11.1.1, that contains a fix for autocorrect issues. Let’s be sure to back up your device prior to updating. How to back up: https://t.co/4f8hwT5to6"
2446341,701325,Wed Nov 15 01:29:27 +0000 2017,"@115858 @AppleSupport no cap I’m tired of y’all shit. I been team iPhone since the 4 dropped , why tf do i see a box with a damn question Mark","@701325 We've released a software update to resolve that issue. If you haven't already done so, back up your data and update to iOS 11.1.1. DM us if you still have the issue and we'll gladly help out. https://t.co/GDrqU22YpT"
2446375,701331,Wed Nov 15 01:52:39 +0000 2017,@AppleSupport  https://t.co/8ZtWj1anzY,"@701331 Yes, that is expected behavior if you are using two-factor authentication. Get more details and the proper steps here: https://t.co/n690Nqn5Sg"
2446393,701335,Wed Nov 15 01:18:33 +0000 2017,@701336 @115858 @AppleSupport Thank the Lord you’re here Keaton from Apple support. I️ can’t seem to get my phone to let me be egotistical and use the word/letter “I️”,"@701335 We want to help. Back up and update to iOS 11.1.1 if you haven't already and let us know if this resolves the issue for you. 

Backup and update iOS: https://t.co/ahjigcvFRG"
2446430,701341,Wed Nov 15 01:15:52 +0000 2017,"@AppleSupport Yes. Can't get any to update. Whether I do them all at once, a few at a time, or one at a time.","@701341 It sounds simple, but one of the things that can help with this is to restart the iPhone. Have you tried that since this started?"
2447512,701591,Wed Nov 15 02:11:29 +0000 2017,@AppleSupport it has to do with the activation lock and my apple id password,"@701591 Are you having trouble getting it to accept your password, or do you need to reset it?"
2447565,701602,Thu Nov 16 00:19:24 +0000 2017,"@AppleSupport Okay, I really don’t know how this happened. I did not try something else, but the tracks are magically in order now. 😄
I have nothing to do with this &amp; don’t know how this happened, but I ain’t complaining. 🤷🏻‍♂️😊 https://t.co/DUazRhboB9",@701602 Awesome! Thanks for updating us on this issue. Don't hesitate to reach out for further assistance.
2447565,701602,Thu Nov 16 00:19:24 +0000 2017,"@AppleSupport Okay, I really don’t know how this happened. I did not try something else, but the tracks are magically in order now. 😄
I have nothing to do with this &amp; don’t know how this happened, but I ain’t complaining. 🤷🏻‍♂️😊 https://t.co/DUazRhboB9",@701602 Awesome! Thanks for updating us on this issue. Don't hesitate to reach out for further assistance.
2448321,485190,Wed Nov 15 02:24:11 +0000 2017,getting really tired of seeing the stupid A ? everywhere.. fix it already @115858 @AppleSupport,"@485190 We recently released an iOS update, 11.1.1, that contains a fix for autocorrect issues. Let’s be sure to back up your device prior to updating. How to back up: https://t.co/4f8hwT5to6"
2449501,702056,Wed Nov 15 03:33:49 +0000 2017,"@AppleSupport iphone 7 plus, the latest update.",@702056 Does the device show any app updates available? Does the issue only occur with certain apps? DM the answer below. https://t.co/GDrqU22YpT
2450947,702387,Sun Oct 29 16:51:01 +0000 2017,@AppleSupport having problems with iphone switching off and the lock screen freezing and going blank and now it’s got worse since the update,@702387 We want to help. Reach out via DM using the link below. https://t.co/GDrqU22YpT
2451359,702460,Sun Oct 29 17:37:16 +0000 2017,@AppleSupport See screenshot...Sho caller ID is deselected...but people can still see my number https://t.co/OJ5ZixudjO,@702460 Thanks for the photo. Send us a DM so we can look into this and your app issue a little more. https://t.co/GDrqU22YpT
2452604,702718,Sun Oct 29 17:56:26 +0000 2017,"@AppleSupport Latest IOS 11.0.3 update has ruined my phone. No videos play, messages don’t appear, SLOW SLOW SLOW AF. Unacceptable#Galaxy",@702718 We'd be happy to take a look into this with you. Send us a DM and we can start there. https://t.co/GDrqU22YpT
2452921,579180,Sun Oct 29 18:27:04 +0000 2017,@AppleSupport @702778 I’m having the same problem with this stupid update! Fix it or I’ll never get an iPhone again!!!,"@579180 Rest assured, we're glad to look into this with you and help. We've received your DM and will respond from there to proceed."
2453626,570211,Sun Oct 29 18:33:45 +0000 2017,@AppleSupport countless hours phoine and physical to resolve (not) issues with connectivity. Second iPhone 6plus again failed. I'm battered.,@570211 Thanks for reaching out! We’d like to take a closer look at this with you. Please use the DM link to share more details. https://t.co/GDrqU22YpT
2454528,703131,Wed Nov 15 03:17:33 +0000 2017,@AppleSupport please tell me there’s a way to remove/hide this bar from messages? 🙏🏼 https://t.co/Ib4u2kUQ3G,"@703131 Hello! We're happy to assist. The feature you're seeing is part of iMessage called the app drawer. You should be able to show and hide the app drawer by tapping the iMessage App Store icon as outlined here: https://t.co/p3VWFbkGwp

DM us if with any other questions. https://t.co/GDrqU22YpT"
2454552,703137,Wed Nov 15 03:16:21 +0000 2017,Why would this be what I meant to type @AppleSupport https://t.co/qaPB3D73rJ,@703137 We're here to help. We released an update to address this issue. Back up your iPhone and update by following these steps: https://t.co/80YRnjDFDk
2454562,129790,Wed Nov 15 03:29:20 +0000 2017,@AppleSupport im running the latest version of ios on an iphone 6s. i opened the photo gallery and it seemed like the photos had been deleted then they started reappearing. it fixed itself but it’s something i’ve never seen before,@129790 We know how important it is to have your photos. We’re glad that they’re still on your iPhone. We have a team of Photos experts who will be able to assist you with any Photos questions. Reach out to them here: https://t.co/IBIY3vMgPj
2454610,703157,Wed Nov 15 03:01:10 +0000 2017,"Shit you not, I went down stairs to get food after plugging my phone in n I came back up to find it smoking from the charging port.🔥 I pulled the charger out and this is what it looked like.. SOS @115858 @AppleSupport https://t.co/8QuKANhOW7",@703157 Let's look into this in DM. Send us one with the link below. https://t.co/GDrqU22YpT
2456122,524713,Wed Nov 15 03:54:47 +0000 2017,The new update did not fix my text problem it's still typing I.S instead of is @AppleSupport #annoying https://t.co/nukJ2Jfeli,@524713 We want you to be able to continue to use your auto-correct. Let's work together on this in DM. https://t.co/GDrqU22YpT
2465703,338216,Sun Oct 29 21:56:28 +0000 2017,@AppleSupport It’s iPhone 6 and yes I do,@338216 We want to help! DM us and let us know more about the issues you are having. https://t.co/GDrqU22YpT
2466437,705759,Sun Oct 29 20:16:41 +0000 2017,@AppleSupport What to do! Please Help . .. https://t.co/2lQXTl2fuF,@705759 Let's look into this for you. Send us a DM with your current watch type and watchOS version to get started. https://t.co/GDrqU22YpT
2466442,386785,Sun Oct 29 20:09:31 +0000 2017,"I see some people shipment date has been moved up, can y’all move me up to launch day ?👀 @115858 @AppleSupport https://t.co/L1AevLnfHi",@386785 For details on our Sales please follow the link:  https://t.co/8yjRd1Xo0i
2466763,126729,Sun Oct 29 20:35:42 +0000 2017,"@AppleSupport I'm in Canada by the way. So, would the link still work?",@126729 Yes. It will get your local support page.
2466790,705842,Sun Oct 29 20:24:04 +0000 2017,"@AppleSupport I'll be traveling to Nicaragua, Costa Rica, and Panama. Do I need a voltage converter for any of these countries?",@705842 Excellent question. They may have different adapters. This should cover you: https://t.co/gQPkzPwb2P
2467691,142811,Sun Oct 29 20:52:22 +0000 2017,@applesupport iOS 11.0.3 sometimes removes the clock/date from the home screen. Blank screen when I press power button. What's the deal??,@142811 Thanks for reaching out to us. How often would you say this happens? What do you do to recover from it?
2468881,706314,Mon Nov 06 17:49:08 +0000 2017,@AppleSupport why is my “I️” coming out as an “A?” Help,@706314 Here’s what you can do to work around the issue until it’s fixed in a future software update: https://t.co/xXaXeeSRt9
2471941,706930,Sun Oct 29 21:34:13 +0000 2017,@AppleSupport has there been issues with downloading music via the Apple Music app as I can’t download a thing ?,@706930 Hi there! What happens when you try to download music?
2472864,707118,Sun Nov 26 18:54:14 +0000 2017,@AppleSupport I need to change my password how do I do that?,"@707118 Thank you for reaching out, we're here to help. Can you tell us which device and which password you're trying to reset? If you're talking about Apple ID password check this out: https://t.co/fJnZYmbI9N"
2472876,707121,Sun Nov 26 18:54:51 +0000 2017,"@AppleSupport can u fix wifi on osx from dropping all the time, once and for all?Sick&amp;tired having to reset the config or disconnect all the time.Please don’t give me instructions of how to. Any device not running osx never loses connection including iPhone. #applewifi #osxissues","@707121 If you're having issues with the Wi-Fi connection on your devices, we'd love to help troubleshoot the issue. 

Please meet up with us in DM so we can get more details. https://t.co/GDrqU22YpT"
2472919,707129,Sun Nov 26 18:53:01 +0000 2017,@AppleSupport 10.3.3 I havent updated due to all the bugs in your latest versions. My issue is all in the video.,@707129 What model of iPhone do you have?  Does this happen in all apps or just this one?  DM us. https://t.co/GDrqU22YpT
2472930,707132,Sun Nov 26 18:46:30 +0000 2017,"@AppleSupport @116333 #staingate
Will this ever be fixed??? A stain on my screen. A stain on Apple. A stain on the reputation of quality. https://t.co/NxH0sEmnDA","@707132 We'd like to work with you to explore options. Meet us in DM we can learn more about your Mac, and any assistance you've sought with it so far. https://t.co/GDrqU22YpT"
2472951,665562,Sun Nov 26 18:39:03 +0000 2017,"4 days in, my favorite features of #iPhoneX: the swipe right at bottom to super easily switch apps + full screen mode is beautiful! 

Reachability disabled from Home screen (and V difficult in some apps) + battery charging issues my biggest complaints so far @AppleSupport","@665562 Thanks for reaching out. We're happy to hear you're enjoying your new iPhone X. However, what's going on with charging? We're here to help."
2472956,360878,Sun Nov 26 18:30:14 +0000 2017,"@580396 @249094 @AppleSupport Thanks! I think I might have it figured out now. This is more complicated than it should be but it was user error, technically ;)","@360878 We're glad to hear that it sounds like you've sorted things out. If you run into any further trouble or questions, feel free to reach out to us via DM. We'd be glad to assist in any way we can. https://t.co/GDrqU22YpT"
2476089,707808,Wed Nov 15 14:16:34 +0000 2017,@AppleSupport 11.1.1,"@707808  Are you seeing the error when typing your own messages or viewing other people's messages? Please know for messages from others to not show the issue they would need to fix things on their end. If this is occurring in your own messages, join us in DM. https://t.co/GDrqU22YpT"
2476175,707834,Wed Nov 15 05:19:10 +0000 2017,@AppleSupport. My battery is not lasting but a few hours after latest update. Why?,@707834 We'd be happy to look into this with you. Let us know which device you're using and the system version installed to get started.
2476842,707989,Fri Nov 10 16:31:58 +0000 2017,@115858 @AppleSupport 😐😐 Will I️ got my letter “I️” back?,"@707989 iOS 11.1.1 was recently released and it includes a fix for autocorrect issues. Be sure to back up your device prior to updating, and let us know if the issue persists afterwards. How to back up: https://t.co/4f8hwT5to6"
2477544,708150,Wed Nov 15 15:20:15 +0000 2017,@AppleSupport No I only get the error with an apple lighting cable which I've used for over 6 months! Using any other even any non apple is fine!,"@708150 To confirm, this issue persists after recharging your iPhone, correct? What version of iOS are your running? Go to Settings &gt; General &gt; About to check. Let's dig into this further over DM. Please message us your country there: https://t.co/GDrqU22YpT"
2480957,708901,Sun Oct 29 22:17:49 +0000 2017,"@AppleSupport my iPhone, iPod, iPad and Mac book pro all hate me 😩 stupid iPhoto, photo, log in and sharing! Waste of a Sunday afternoon!",@708901 We want to help! What is going on? https://t.co/GDrqU22YpT
2480963,708903,Sun Oct 29 22:12:26 +0000 2017,"@AppleSupport bruh why my phone keep asking me to sign in every 2 seconds, and then when i do it shuts off?? plz halp.",@708903 Hello there. Let's meet in a DM and check a few things together. Please tap here to continue: https://t.co/GDrqU22YpT
2482116,575165,Sun Oct 29 22:57:27 +0000 2017,@AppleSupport hey I’d like a refund - bought Toy Story in our iTunes and it plays like it’s being streamed thru a toaster,@575165 We'd be happy to get you to the right place for this request. Reach out to our iTunes Store team here: https://t.co/SDIe7UiyJN
2483128,315591,Sun Oct 29 23:36:04 +0000 2017,@AppleSupport why does this keep coming up even though I have every detail right https://t.co/Nr8ID5Y7gJ,@315591 Thanks for getting in touch. We'd like to assist. DM us and we'll go from there. https://t.co/GDrqU22YpT
2484156,368481,Wed Nov 15 15:38:30 +0000 2017,@AppleSupport Any ideas when the Apple Watch Series 3 will be available on other phone networks in 🏴󠁧󠁢󠁥󠁮󠁧󠁿  ⌚️,@368481 We appreciate your interest and encourage you to stay up to date on Apple news here: https://t.co/gbIPLOsnZd
2484158,709672,Wed Nov 15 13:00:26 +0000 2017,"@AppleSupport This is the 3rd time my MacBook charger has caught on fire. I fly 500k miles a year for my work, most long haul aircraft have AC outlets nowadays. It's just been pure luck that it's never happened while I'm flying. They hand out flight bans like candy these days...",@709672 We want to look into this with you. DM us and we'll continue there. https://t.co/GDrqU22YpT
2484214,709690,Thu Nov 16 02:09:47 +0000 2017,@AppleSupport Nah I fixed it myself.,"@709690 Excellent! We're glad to see that it's been resolved. Please let us know if you need any help, and we'll be here for you. Have a great night!"
2484290,709712,Wed Nov 15 11:06:29 +0000 2017,@115858 @AppleSupport @96093 @11676 #Iphone8plus #BatteryBulge #IMEI-__credit_card__ #SERIAL-F2QVD7EAJCLY. Strange but true was talking on the phone and suddenly phone got overheated and bulged and chances of explosion.. no phone to use now :( #wakeup https://t.co/DfrHfBZQp0,@709712 We're here to help. Let's take this to DM so we can better assist you. https://t.co/GDrqU22YpT
2484315,174558,Wed Nov 15 15:32:52 +0000 2017,"@AppleSupport That works fine. But then I first have to adjust my grip. I want to remove the notification WO adjusting my grip by using the ""home button"" like you can on other ip. You removed the home button on iPx:Is there a way around this, removing noti. by swiping or other technique?","@174558 Find the latest gestures you can use to navigate your iPhone X here: https://t.co/7GvmAUgrF1 If you'd like to share feedback, such as what you've described, please use this link here: https://t.co/eTPVYVFyd8"
2484334,302634,Wed Nov 15 10:18:12 +0000 2017,"@AppleSupport this store shuts at 6pm, not 6am. https://t.co/oqGbIZnMVp https://t.co/ZFHsRqDvn4",@302634 We'd like to look into this further. Could you send us a DM with more information about this listing? https://t.co/GDrqU22YpT
2485501,223296,Thu Oct 26 11:13:58 +0000 2017,@AppleSupport are you seeing any issues with Bluetooth losing connection since iOS 11? My 6S+ won’t stay connected to speakers for long,"@223296 We can understand your need to get your Bluetooth accessories working with your iPhone. Meet us in DM, and we'd be happy to help. https://t.co/GDrqU22YpT"
2485673,278591,Wed Nov 15 14:34:17 +0000 2017,@AppleSupport I didn’t pay $1000 for my phone to be frozen,@278591 We'd be happy to look into this with you. Which iPhone are you using and what version of the iOS are you running? You can check by tapping Settings &gt; General &gt; About.
2485675,710024,Wed Nov 15 17:29:32 +0000 2017,"@AppleSupport So it looks like with Lithium-Ion, you can essentially leave an iPhone X on a charger all of the time because of the way the power cycles work. Is this accurate?","@710024 Great question! Check out the previous article that explains are Lithium-Ion technology in our batteries.  For more help, reach out to us in DM. https://t.co/GDrqU22YpT"
2485740,710039,Wed Nov 15 13:57:26 +0000 2017,"@AppleSupport I have a 128gig iPhone, how do I make it use that as my default storage instead of my iCloud? It keeps telling me my iCloud is almost full but I got 128g of storage to avoid that problem",@710039 We can understand wanting to store everything on your iPhone instead of iCloud since your iCloud is full. It’s possible your iCloud space could be full from backups. This article will explain how to manage your iCloud storage: https://t.co/7vNd2QAL5s
2485749,710042,Wed Nov 15 13:43:52 +0000 2017,@AppleSupport ever since I️ updated my phone.. my volume is all out of whack. My speaker phone doesn’t work. As a loyal customer this is annoying!,"@710042 We'd love the chance to help with this. Just to make sure we're on the same page, under Settings &gt; General &gt; About, which software version is listed there? Also, are you able to hear any sounds from your speaker?"
2485824,667990,Wed Nov 15 13:01:30 +0000 2017,"@AppleSupport, my wife had to end a call in about 20 mins because her #iPhone7Plus got very hot. Of course, the battery had drained at a rapid rate. Help! Your devices can’t even perform their most basic function. #fixit!","@667990 We can help! Did she receive a temperature warning on the phone when this happened? Also, which version of iOS is it running? Find that in Settings &gt; General &gt; About and reply in DM."
2487151,710375,Wed Nov 15 15:29:51 +0000 2017,@188 @AppleSupport May need to fix this bug in the iOS app. Everything by the notch is shifted. https://t.co/StSDn54FFt,@710375 We'd be happy to look into this with you.  Please reach out to us via DM and we'll get started. https://t.co/GDrqU22YpT
2487167,710379,Wed Nov 15 18:20:51 +0000 2017,@AppleSupport 11.1.1,"@710379 We appreciate this info, and your patience as we continue looking into this with you. Let us know if your notes are synced with iCloud. You can check this on a computer by going to https://t.co/9bUADNIlYp DM us what you find out: https://t.co/GDrqU22YpT"
2487246,388822,Wed Nov 15 15:07:21 +0000 2017,@AppleSupport Is it possible to upgrade the SSD on the 2017 MBP non-Touch Bar? I saw in the internet that the SSD can be removed only for the non-Touch Bar version.,@388822 Let's take a closer look at this together. Could you join us in DM to get started? https://t.co/GDrqU22YpT
2488587,710684,Wed Nov 15 19:35:20 +0000 2017,"@AppleSupport Say Pandora is playing while my phone is locked, when I use the passcode to unlock my phone, Pandora will stop playing.  If I have tasks running on any app when I unlock my phone, they all stop.",@710684 Thanks for clarifying. It sounds as if the lock screen somehow stops background and foreground tasks. Are you using Low Power Mode when this issue occurs? More info on the subject: https://t.co/VL4rj2Mts7
2488613,710691,Wed Nov 15 16:25:34 +0000 2017,"""iphone is disabled""
""iphone cannot connect to itunes"" @AppleSupport","@710691 Help is here! Is your iPhone experiencing Activation Lock, or is it disabled from incorrect password attempts? Is that the error you see when you connect your device to a computer with iTunes installed?"
2488626,710694,Wed Nov 15 16:12:30 +0000 2017,"@AppleSupport ""Apps that already support Touch ID will automatically support Face ID"" (https://t.co/t7jJ4aWZ1K) =&gt; How come my bank app doesn't work with Face ID ? https://t.co/Bm6DRPJk7X",@710694 Let's look into this together. What happens when you try to open this app? Do you see an error message when trying to use Face ID? DM us here: https://t.co/GDrqU22YpT
2488640,710699,Wed Nov 15 18:17:11 +0000 2017,@AppleSupport 11.1.1 confirmed. VVM was present and functioning fine until I went fro 11.0.x.....,@710699 Thanks for that information. DM us and we'll go from there. https://t.co/GDrqU22YpT
2488652,710703,Wed Nov 15 16:14:59 +0000 2017,"@AppleSupport lmao when is my 8 month old, fully updated iPhone 7 going to stop freezing randomly?? Kinda sick of paying hundreds for a phone that’s underperforming 🤷🏻‍♀️","@710703 Getting the performance that's expected from your iPhone is very important to us. You're in good hands and we're going to do all we can to work towards a resolution. To get us started, may we have the exact iOS version shown in Settings &gt; General &gt; About."
2488670,710707,Wed Nov 15 16:16:31 +0000 2017,"@AppleSupport since the latest update, I have a problem. Anytime I type ""I"" there is a large space that follows. This happens in mail client on my phone and mac. Please help! https://t.co/jpiXAavLDq","@710707 We're here for you. If you check your Settings &gt; General &gt; Keyboards &gt; Text Replacement, do you see anything for the letter I?"
2488670,710707,Wed Nov 15 16:16:31 +0000 2017,"@AppleSupport since the latest update, I have a problem. Anytime I type ""I"" there is a large space that follows. This happens in mail client on my phone and mac. Please help! https://t.co/jpiXAavLDq","@710707 We're here for you. If you check your Settings &gt; General &gt; Keyboards &gt; Text Replacement, do you see anything for the letter I?"
2490741,711168,Wed Nov 15 17:05:40 +0000 2017,"@AppleSupport please explain to me the point of pre ordering a phone when just about 2 weeks after release, I still don’t have it?","@711168 For questions about your order, please reach out to our Apple Online Store Support team for assistance here: https://t.co/8yjRd1Xo0i"
2490856,302077,Wed Nov 15 16:35:23 +0000 2017,Now could someone please help me figure out how to #delete #all my #email at once on my #iPhone8 @AppleSupport #apple,"@302077 We're happy to help. From your inbox, you can use the Edit button (top right corner) to select and delete multiple emails at once."
2492335,711529,Wed Nov 15 18:58:04 +0000 2017,@AppleSupport Upgraded last night. Used iPad this afternoon and battery drained from 100% to 45. Turned off and back on again 10 mins ltr. Back up to 95. Turned off and got home to see battery down to 16%. Now at 96% after recharge. See attached https://t.co/u7axnPF9H1,@711529 Thanks for that screenshot. Let's look into this further via DM. Let us know how long the battery lasts from full charge currently. https://t.co/GDrqU22YpT
2492417,694044,Wed Nov 15 17:10:55 +0000 2017,@AppleSupport I waited nearly an hour for my phone to be returned when I was told it would be 5 minutes. This happened at your White City branch in Westfields. UNACCEPTABLE!,@694044 Thanks for reaching out. We're here to help. DM us so we can look into this further with you. https://t.co/GDrqU22YpT
2493810,711872,Wed Nov 15 18:17:29 +0000 2017,@AppleSupport  https://t.co/261S5hcYQo,"@711872  Thank you for those screen shots. To make sure we're on the same page, are you only seeing the issue on other individuals posts or are you seeing it happen as you type on your device?"
2493870,711887,Wed Nov 15 17:47:32 +0000 2017,@AppleSupport perfect timing for my year old macbook pro to crash on me!! not like finals are coming up or anything thx very much,"@711887 That's not what we want you to experience but we'll do what we can to help. Is your Mac able to power on at all? Also, what macOS are you using?"
2493902,682216,Wed Nov 15 17:45:28 +0000 2017,"@AppleSupport 
I was promised a receipt for a purchase and have not received it.  No one answers the phone at Apple (tried several numbers)","@682216 We’d like to look into this with you. To start, what kind of purchase did you make? Let us know in DM. https://t.co/GDrqU22YpT"
2495194,712148,Mon Oct 30 00:54:58 +0000 2017,"@AppleSupport iPhone 6, iOS 11",@712148 Is iOS 11.0.3 the version installed? Any steps tried so far?
2495777,158590,Mon Oct 30 01:22:57 +0000 2017,@AppleSupport How do I get ireland ?,@158590 No problem. You can reach out to them here: https://t.co/i3aqnmlFdX
2496360,712420,Mon Oct 30 02:09:28 +0000 2017,@AppleSupport  https://t.co/mjudpWjoZW,@712420 Thanks for that. Go ahead and meet us in and DM and we can continue there. https://t.co/GDrqU22YpT
2497929,712784,Mon Oct 30 03:03:46 +0000 2017,.@AppleSupport - frustrated Long-term customer. Holding on phone &gt; 55 min. Then phone w/ rep couldn’t help change ship address hung up on me,"@712784 We want to help you reach the right place. DM us, and we'll look into this. https://t.co/GDrqU22YpT"
2499230,303338,Wed Nov 15 18:51:53 +0000 2017,"This new iOS 11 bug sucks. Log in to phone and see this spinning wheel, goes back to lock screen, then have to log in again to get it to work. Using PIN; not FaceID. @AppleSupport https://t.co/nUkPxw19Gp",@303338 We’re here to help. Please DM us the version of iOS 11 you’re using so we can better assist you. https://t.co/GDrqU22YpT
2499252,713092,Wed Nov 15 19:22:08 +0000 2017,"@AppleSupport My device is a iPhone 6s, &amp; I have  iOS 11.1.1 software. Every time I have iMessage available &amp; I send a msg, I get the “Not Delivered” notification. Then the “Sent as Text Message” notification &amp; a green msg bubble shows. Then from that point on I can only send txt msgs.","@713092 Thank you for that information. Is this occurring with all messages, or only with ones to certain contacts? Does the issue persist after you restart following these steps: https://t.co/OWRDHWSt4h"
2499302,713103,Wed Nov 15 19:39:09 +0000 2017,@AppleSupport Why is it even installed in my computer without my permission in the first place?,@713103 Meet us in DM and we'll gather more information and work on other steps that can help. https://t.co/GDrqU22YpT
2499372,713122,Wed Nov 15 18:00:02 +0000 2017,Kinda over @115858. Battery life is garbage. @AppleSupport,@713122 We'd be glad to take a look at your battery with you. Have you tried the steps here? https://t.co/bivpdfBNJ6 Meet us in DM with your device type and version iOS to get started. https://t.co/GDrqU22YpT
2500871,518480,Wed Nov 15 19:44:05 +0000 2017,"@AppleSupport iphone 7+, 11.1.1 and apple music.","@518480 Let's gather a bit more information: How are you listening to the music? Through a Bluetooth connection, or on the iPhone? Also, what app is the notification from that this is occurring with?"
2500885,713428,Wed Nov 15 19:11:18 +0000 2017,"@AppleSupport @115858 instead of charging £1000+ for new phones it would be great if you could sort out your OS first! #ios11 is the worst update I’ve ever experienced! Frequent crashes, apps hanging, delayed usage, random restarts, UI issues, volume glitches, the list goes on!!🤬","@713428 If you're having issues with your iPhone, we definitely want to help. Which version of iOS is running and which iPhone model do you have? Reach out to us in DM and let us know. We look forward to hearing from you soon. https://t.co/GDrqU22YpT"
2500926,713441,Wed Nov 15 19:55:01 +0000 2017,@AppleSupport It’s 11.1.1 and it literally just happened again and I’m not plugged into anything,@713441 Thanks for letting us know. Is there an Apple logo or spinning gear when the restart occurs? Let us know and confirm your country in a DM. We'd like to take a look at your options. https://t.co/GDrqU22YpT
2502050,713680,Wed Nov 15 19:43:50 +0000 2017,"@AppleSupport why does my music app now not work? Whenever I go on it it just crashes, I love to listen to music but I can’t now because of this bug. Please respond",@713680 Let's get working on this so you can enjoy your music again. Are you an Apple Music subscriber or do you purchase and/or sync music through iTunes?
2502064,334334,Wed Nov 15 19:39:51 +0000 2017,"@AppleSupport Hi, your Friends app does not push messages from the watch to my iphone even when the function is turned on. Must be a bug !","@334334 We'd love to take a closer look at this with you. Are you referring to the ""Find My Friends"" app? Which software versions are you using on your Apple Watch and paired iPhone?"
2502079,713686,Fri Nov 17 14:45:45 +0000 2017,@AppleSupport It just goes through or appears to go through. The missed imessage/SMS texts that are coming to me are intermittent. Some are coming through. Some are not. I reset to factory settings and it was/is still happening.,@713686 You've taken a number of great steps. Have you contacted your carrier to check your account? You'll find this and some other steps here: https://t.co/2hgNQH8Vvq Feel free to reach out via DM if you need further assistance. https://t.co/GDrqU22YpT
2502088,696965,Wed Nov 15 20:56:41 +0000 2017,@AppleSupport I've DM'd you guys for help with my screen being non-responsive and having to do multiple hard reset to get it back up and going and no one got back with me. Still waiting on help with that.....,@696965 We certainly want to continue helping. We have received your DM and will be responding there momentarily.
2502115,713693,Thu Nov 16 08:10:47 +0000 2017,"@AppleSupport Yea it only happens in the iTunes app, and I’m able to sign in with 0 problems","@713693 If you restart the device, does the behavior continue? DM us the results. https://t.co/GDrqU22YpT"
2502130,141495,Wed Nov 15 19:22:13 +0000 2017,@AppleSupport how do i fix this problem. Been on this screen for 3 hours https://t.co/jjyqSj309K,@141495 Thanks for reaching out. DM us with some details such as if this has been progressing through the bar during that time. We'll do our best to help here. https://t.co/GDrqU22YpT
2505006,352038,Wed Nov 15 23:47:51 +0000 2017,"@AppleSupport Wifi shuts down for no reason, Bluetooth won’t connect properly, have to switch it all off and repair again and even then no guarantee it will work. Phone shuts off during calls have to re-boot","@352038 OK got it. We'd be happy to further investigate those issues today, send us a DM to continue. https://t.co/GDrqU22YpT"
2507338,714860,Wed Nov 15 20:23:08 +0000 2017,I plugged my phone into the charger and the battery percentage went down. @AppleSupport wyd,"@714860 We want to help. To get started, what iOS version is currently installed on your device? To find out, navigate to: Settings &gt; General &gt; About. Has your device ever experienced this behavior previously?"
2507419,122788,Wed Nov 15 20:03:28 +0000 2017,@AppleSupport - IOS 11.1.1 causing battery to drain super fast on iPhone 6plus. Caused major problems at work today after upgrade last night.,@122788 We’d like to see how we can help.  What iOS did you upgrade from?  DM us back. https://t.co/GDrqU22YpT
2509381,187825,Thu Nov 16 14:44:04 +0000 2017,"@AppleSupport Yes, it’s turned on https://t.co/Xm1sCjPLes","@187825 Thank you. Even when storage optimization is turned on, the photos will still save on the iPhone. They just save a lower quality photo to the iPhone and keep the high quality photo in the cloud."
2512276,715996,Wed Nov 15 22:05:24 +0000 2017,"meu passatempo é meu celular, lá tem minhas músicas, minhas frases, meus estudos, meu app do nubank, como que eu vou conseguir ficar sem ? :(  thanks  @AppleSupport @118936","@715996 Since our Twitter support is available in English, get help at https://t.co/IBIY3vMgPj or join https://t.co/pvaOFfPbjt"
2512276,715996,Wed Nov 15 22:05:24 +0000 2017,"meu passatempo é meu celular, lá tem minhas músicas, minhas frases, meus estudos, meu app do nubank, como que eu vou conseguir ficar sem ? :(  thanks  @AppleSupport @118936","@715996 Since our Twitter support is available in English, get help at https://t.co/IBIY3vMgPj or join https://t.co/pvaOFfPbjt"
2512302,716004,Wed Nov 15 23:31:16 +0000 2017,@AppleSupport Thanks. Just (hopefully) sorted the issue via Apple chat. :-),@716004 You're very welcome. Please let us know if you have any additional questions. We're happy to do everything we can to help. Have a great evening!
2512303,716004,Wed Nov 15 21:50:24 +0000 2017,I updated to #HighSierra earlier... now the Mac refuses to start. Mmm...@AppleSupport Any suggestions?,"@716004 Thank you for reaching out. We're here to help. What happens when you try to power on the Mac, is there any response at all? What state is the LED on the charger at this time?"
2512332,295974,Wed Nov 15 23:15:46 +0000 2017,@AppleSupport I been updated and my phone still slow,@295974 Do you recall the last iOS version your device was running when this issue first occurred?
2512356,716015,Wed Nov 15 21:51:44 +0000 2017,@AppleSupport can yall please fix my keyboard and make it the same way it use to be... I have done the update and it is still crazy.,@716015 Let's see how we can help with your keyboard. What issues are you currently experiencing? Are you updated to iOS 11.1.1?
2512768,716129,Wed Oct 11 05:21:02 +0000 2017,"iphone having ISSUES after updating to ios 11. Eg. freezing, needing to be restarted CONSTANTLY. vol not working @AppleSupport pls help.","@716129 We want you to enjoy your iPhone; we'll do all we can to help. To start, let us know what type of iPhone you have in DM: https://t.co/GDrqU22YpT"
2515972,716721,Wed Nov 15 23:57:34 +0000 2017,"@AppleSupport Im on an iPhone 7, and I’m on the latest iOS (11.1.1)","@716721 Thank you for letting us know. Please try the steps listed here: https://t.co/U53YusKX3z The last step listed is to contact your carrier. If you're still having trouble after taking those steps, just let us know."
2516031,716738,Wed Nov 15 23:34:26 +0000 2017,"@AppleSupport Works calling a landline, but not other iPhone users. FaceTime will work","@716738 Great! Thanks for confirming that for us. Going forward, we'd like to have you take a look at the steps listed in this article, https://t.co/U53YusKX3z and let us know if the issue persists after trying all these steps."
2517021,716994,Thu Nov 16 03:43:33 +0000 2017,"@AppleSupport phone is switching back &amp; fourth between screens, opening apps on its own, calling &amp; FaceTiming people on its own, texting it’s own words when the keyboard is up, playing music on its own, creating new alarms everyday on its own, had to type this out on another phone cuz of it","@716994 Sounds like you may be having issues with false touch. We can assist. First, make sure your iPhone is unplugged. Then, restart it as our article explains: https://t.co/OWRDHWSt4h DM us if this continues. https://t.co/GDrqU22YpT"
2517039,716997,Thu Nov 16 00:09:30 +0000 2017,"@AppleSupport Yes. I started updating in normal fashion, and in the middle of the process, the updater shut down with this message. Right now it will neither finish the update or restart in pre-update mode. I fear for hardware error. Happened before.",@716997 If you restart the Mac what happens? Have you already tried reinstalling using macOS Recovery? We'll get this resolved.
2517061,717004,Wed Nov 15 22:51:59 +0000 2017,"@AppleSupport All location based services, checkboxes, etc. turned off, yet still get map dialog when clicking on address in Safari edit box. 🤬 https://t.co/Y7QRxURamJ","@717004 Let's take a look in to this together! Let us know via DM which Mac this is on and which version of the macOS is currently installed, then we can take a look together from there. https://t.co/GDrqU2kzhr"
2518217,717322,Wed Nov 15 23:28:15 +0000 2017,@AppleSupport calls aren’t working with other iPhone users.. help,@717322 We know how important it is to be able to use your phone.  We want to help.  What version of iOS is on your iPhone?  Are you able to make and receive calls?
2518223,717324,Wed Nov 15 23:31:15 +0000 2017,I updated to iOS 11.11 on my #iphone and still see this. Anyone know why? @AppleSupport https://t.co/s2ZVyXvIOC,@717324 Thanks for reaching out.  We want to help. Is this your post or someone else's post?
2518227,717325,Wed Nov 15 23:14:30 +0000 2017,Why is my phone lagging when I text @AppleSupport @115858,@717325 We're here for you. Can you let us know which version of the iOS you're running? You can check by tapping Settings &gt; General &gt; About.
2518230,717326,Thu Nov 16 00:30:10 +0000 2017,@AppleSupport Try to call someone and it hangs up immediately,"@717326 Try to turn Airplane mode on, and then back off. See if you can make calls normally again after this. Our website here has information on using Airplane mode: https://t.co/NhYbxEazNR"
2518267,717335,Thu Nov 16 00:28:04 +0000 2017,"@AppleSupport Yeah, i tried that but it didn’t work. Someone from AT&amp;T figured out a way for a temporary fix til they fix their network. Thanks tho","@717335 Thank you for letting us know. If you have other questions or concerns, please let us know."
2518275,717338,Thu Nov 16 00:25:21 +0000 2017,@AppleSupport no and I tested it with my friend and she tried to call me and it goes straight to voicemail,@717338 What carrier do you use?
2518344,717354,Wed Nov 15 23:04:11 +0000 2017,"Hi, I'm still waiting for my boost code @AppleSupport #reputation",@717354 We have a dedicated iTunes Store team who can look into this more with you. You can get in touch with them online here: https://t.co/SDIe7UiyJN
2519313,717620,Thu Nov 16 01:11:11 +0000 2017,@AppleSupport Outage as in all AT&amp;T users with iPhones experienced country wide outages..only iPhone users have been effected. Thus far...his phone would not call out or accept any calls and completely shut down. Take a lil search on Twitter. Only iPhones were effected.,"@717620 Thanks for letting us know what you're experiencing. Have you had a chance to restart your iPhone? If not, let's do that now. This will refresh the network connections. Let us know if that helps. Restart your iPhone: https://t.co/OWRDHWSt4h"
2519347,717628,Thu Nov 16 00:14:39 +0000 2017,@AppleSupport I can’t make calls. It just keeps ending the call before it’s even rung. WTF.,@717628 We want to have your device working as expected. Check out the steps here: https://t.co/U53YusKX3z
2519474,717666,Wed Nov 15 23:48:10 +0000 2017,"@115858 @AppleSupport hey Apple, shouldn’t my iphone accept and make phone calls? Because it’s not. Rings once on incoming And go straight to voicemail. It won’t even dial out",@717666 We want you to be able to make and receive calls. We're here to help. Please take a look at the following article. Let us know if these steps work for you: https://t.co/U53YusKX3z
2519486,717670,Wed Nov 15 23:48:07 +0000 2017,"Getting kicked off your Wi-Fi every 5 min @AppleSupport , can't they fix this. Terrible #applesucks",@717670 This is certainly not the behavior we want you to experience. We want to help! Can you DM us which Apple device you're using? https://t.co/GDrqU22YpT
2520665,717961,Thu Nov 16 00:54:50 +0000 2017,okay but he and i are having the same problem can you please fix this @AppleSupport it’s annoying as shit https://t.co/CNLPtJjzGi,"@717961 We want to help. If you haven't updated to iOS 11.1.1 yet, back up, update, and see if the issue is resolved. This article can help with those steps: https://t.co/ahjigcvFRG"
2520723,137626,Thu Nov 16 00:37:49 +0000 2017,"The photo crop feature on iPhone refuses to work after the last update. When will this be fixed, @AppleSupport? #iphone #apple",@137626 Let’s make sure you’re able to edit your photos properly. Is this happening in the Photos app when you select the “Edit” option? What happens when you try to crop a photo?
2522480,718396,Thu Nov 16 01:29:51 +0000 2017,@AppleSupport FIX MY FUCKING I BUTTON I️ I️ I️,"@718396 We want to help. The iOS 11.1.1 update resolves this issue. If you haven't updated yet, backup, update, and see if that helps.

Backup and update iOS: https://t.co/ahjigcvFRG"
2523408,645403,Thu Nov 16 01:51:58 +0000 2017,"Dude @AppleSupport what the fuck! I had 6,000 images and my phone just deleted them all and automatically restarted. This is bullshit.",@645403  Thanks for reaching out. We're here to help. DM us so we can look into this further with you. https://t.co/GDrqU22YpT
2524585,718904,Thu Nov 16 02:00:01 +0000 2017,@AppleSupport my lock screen keeps doing this: not showing time/any notifications. Even when I swipe down from the top. iPhone X on OS 11.1.1. Only fix is to restart and it does it again shortly after. https://t.co/5bURF0Jm7W,"@718904 Thanks for reaching out about the issue. We appreciate you keeping your iPhone up to date. Let's team up in DM, you can reach us at the link below. https://t.co/GDrqU22YpT"
2525523,719146,Thu Nov 16 02:42:43 +0000 2017,"First world problem... gets the new iPhone X in the mail today, opens it up, won’t turn on... @AppleSupport #blessup",@719146 We want you to enjoy your new iPhone. Can you tell us which steps you've tried so far in DM? This way we won't have you do any steps over again. https://t.co/GDrqU22YpT
2525568,719156,Thu Nov 16 03:36:29 +0000 2017,"@AppleSupport I have the latest IOS, 11.1.1 and yes, all of my apps are updated.","@719156 Thanks for checking this for us. Let's work on a solution together. To continue, please DM us with the country where you're located. https://t.co/GDrqU22YpT"
2526274,504998,Thu Nov 16 03:25:51 +0000 2017,"@AppleSupport So i tweeted about my speakers making popping noises a few days ago. I just found out that my left speaker is out, no noise comes out of it... Will my local ‘Simply Mac’ replace my phone/ fix it or would I have to ship it in to Apple?☹️","@504998 Let's move to DM, and we can take a closer look. Let us know which iPhone you have. https://t.co/GDrqU22YpT"
2527005,719521,Thu Nov 16 03:52:47 +0000 2017,it’s amazing how my phone suddenly stops working right after I update it @AppleSupport,@719521 We're here to help. Can you DM us with more details regarding your iPhone issue? https://t.co/GDrqU22YpT
2527031,719530,Thu Nov 16 03:41:14 +0000 2017,@AppleSupport get your shiz together this “I️” this is really killing me,@719530 We'd be happy to help with this. Could you please send us a DM with what iOS version you're running so we can take a look? https://t.co/GDrqU22YpT
2527031,719530,Thu Nov 16 03:41:14 +0000 2017,@AppleSupport get your shiz together this “I️” this is really killing me,@719530 We'd be happy to help with this. Could you please send us a DM with what iOS version you're running so we can take a look? https://t.co/GDrqU22YpT
2527040,537319,Thu Nov 16 03:06:22 +0000 2017,@AppleSupport fix the autocorrect for the new update. And the fact my phone moves at a snail’s pace.,@537319 Hi there. We'd like to help. Send us a DM letting us know which device you have and the iOS version installed. https://t.co/GDrqU22YpT
2532883,720802,Mon Oct 30 03:47:44 +0000 2017,@AppleSupport They're back... but my phones been acting up lately...,"@720802 We're glad your contacts are back. Let us know a bit more about what you're experiencing, and we'll take it from there."
2533549,574616,Mon Oct 30 06:59:36 +0000 2017,"@AppleSupport  Plz assist me with that,its really urgent i have got some important docspending, i have nt recvd any call from yr office yet",@574616 We've received your DM and are glad to proceed from there to help sort this out.
2533562,720957,Mon Oct 30 06:31:00 +0000 2017,"Hi @AppleSupport since updating my software on my phone it crashes about 6 times a day and this morning my alarm didn’t ring, it was going off but silently. I can’t seem to find how to uninstall the new software but I want it gone, it’s causing me problems. Please help!",@720957 We'd like to look into this with you. DM us by clicking on the link below. We'll go from there. https://t.co/GDrqU22YpT
2534853,353447,Sun Nov 26 19:39:34 +0000 2017,@AppleSupport Nothing syncs properly anymore,"@353447 We're here to help in any way we can. Tell us more about what's happening, and which device you're trying to sync."
2540958,722517,Wed Nov 01 15:06:23 +0000 2017,Anybody else’s phone acting funny when you type a capital letter I️? Mine autocorrects to a weird symbol and the letter a... @AppleSupport,@722517 Hey Shelby. We can help. DM and tell us what version of iOS you see under Settings &gt; General &gt; About &gt; Version. https://t.co/GDrqU22YpT
2543982,723182,Thu Nov 16 04:46:48 +0000 2017,this whole “ i️ “ shit is getting fuckin annoying @AppleSupport and the shortcut aint fixin it,"@723182 An update has been released to assist with this issue. If you haven’t yet, please back up your device and update it to iOS 11.1.1. For more info, check out: https://t.co/4f8hwT5to6"
2544517,321920,Tue Oct 31 00:19:43 +0000 2017,@AppleSupport Yes.. only when trying to awaken the phone.. not in general..,@321920 Please tell us the exact version of iOS 11 you have installed on your device. You'll see this in Settings &gt; General &gt; About.
2545632,271745,Thu Nov 16 04:48:21 +0000 2017,@AppleSupport - how come whenever I turn off my phone and turn it back on it reads all my unread messages and clears my call log,@271745 That's not something that should be happening. Let's work together and get that figured out. Let us know which device and iOS version you are using. When did you first begin noticing this issue?
2548148,166492,Mon Oct 30 09:28:32 +0000 2017,"@AppleSupport Help, Apple Music keeps crashing https://t.co/pWDxpyPrDT",@166492 Hey. Let's Force Close the Music app and try again with these steps: https://t.co/RqqIctrDWV Let us know how that works.
2548635,230688,Mon Oct 30 12:31:58 +0000 2017,@AppleSupport Why have my screenshots suddenly become pretty grainy/slightly pixelated?,@230688 Let's take a look at what you're noticing. Are you seeing this with screenshots from all apps?
2548707,724217,Mon Oct 30 11:54:01 +0000 2017,@AppleSupport ios11 is draining my battery like mad! i turn on the my mobile data for 30 seconds and i’ve already lost 5%!,"@724217 You've come to the right place for support with your device. To begin, can you tell us what version of iOS you're using?"
2549545,724390,Mon Oct 30 15:16:16 +0000 2017,@AppleSupport 11.0.3,@724390 Got it! Let's follow up in DM. Tell us the current region you reside in there. https://t.co/GDrqU22YpT
2549868,724467,Mon Oct 30 14:44:46 +0000 2017,@AppleSupport iOS 11.0.3,"@724467 Please restart the device, and test to see if the issue persists.  DM us your results. https://t.co/GDrqU22YpT"
2552296,724992,Mon Oct 30 15:49:30 +0000 2017,@AppleSupport yes I have many more questions. Please see my attached image. https://t.co/03utdf9rdW,@724992 You'll be able to find helpful information here https://t.co/3zyMIIwK0O regarding AppleCare+ for the iPhone X.
2552469,725014,Thu Nov 16 09:31:56 +0000 2017,"@AppleSupport I took delivery of some #BeatsX on Monday 13/11/17, I’ve used them twice and now they won’t take a charge or turn on. What can I do to solve this? #Beats #Broken #Disappointed",@725014 Let’s get you pointed in the right direction. Our @159983 team will take it from here.
2553984,725334,Mon Nov 20 04:23:09 +0000 2017,@AppleSupport iOS 11.1.2,@725334 Thanks. Send us a DM to continue. https://t.co/GDrqU22YpT
2553999,725338,Thu Nov 16 12:38:36 +0000 2017,So is Apple just not gonna fix this I️ “I️” thing? @AppleSupport it’s really messing up my text flow!!,"@725338 We recently released an iOS update, 11.1.1, that contains a fix for autocorrect issues. Let’s be sure to back up your device prior to updating. How to back up: https://t.co/4f8hwT5to6"
2555271,725606,Thu Nov 16 16:46:02 +0000 2017,"@AppleSupport When trying to install free apps on an iPhone 6s I had to finish the setup of an existing Apple ID, forcing me to choose a payment method! A PayPal login didn't allow me to progress.

Updating to iOS 11 finally offered a 'None' payment option when trying to continue the process..",@725606 We're glad that it worked out for you. Please message us back if you've any further questions.
2555322,725621,Thu Nov 16 16:06:20 +0000 2017,@AppleSupport I’m using the 6S which I bought last year. I’m using the most current IOS which had slowed my phone down.,@725621 Do you notice that certain applications or tasks run slower since updating to iOS 11.1.1?  Let us know in DM. https://t.co/GDrqU22YpT
2555363,725630,Thu Nov 16 16:03:32 +0000 2017,"@AppleSupport Yes. And it is turned on. It is always turn on. Unless green means ""Off.""",@725630 Thanks for confirming. We've got your DM and we'll continue working with you there.
2555449,725647,Thu Nov 16 12:39:52 +0000 2017,"@AppleSupport I encounter this error while trying to play videos on @115948, iPhone 7, iOS 11.1.1. Mobile data is on for streaming (playing music works w/o any problems). https://t.co/TPJJ4K4j98",@725647 Hello and thanks for reaching out. Let's see what's going on with your Apple Music. Does this same thing happen on Wi-Fi?
2557258,277668,Thu Nov 16 15:09:22 +0000 2017,@AppleSupport How can I check the health of my battery to see if it needs to be replaced?,@277668 We know how important it is to be able to rely on your battery to last. The iPhones have the ability to self-diagnose some battery concerns. Do you see this service battery message? https://t.co/KyywFa9iZ3
2557283,523920,Thu Nov 16 22:13:13 +0000 2017,@AppleSupport I do. Have had the same case since day 1. Urban Armor Gear,@523920 Do you notice if the mute switch is ever turned on by accident when you notice the sound is muted?
2557285,523920,Thu Nov 16 23:26:51 +0000 2017,@AppleSupport Negative. It’s switched to loud mode but keeps flipping back and forth between silent and loud. And when it does switch to loud it automatically starts turning the volume down,"@523920 Thank you for confirming that. Please create a backup for your data, and update your iOS to version 11.1.2 as described here to see if that resolves the problem: https://t.co/80YRnjDFDk DM us if you still need help. https://t.co/GDrqU22YpT"
2557325,726036,Thu Nov 16 14:16:29 +0000 2017,Anyone else’s iPhone started dying with like 40% battery since updating? Same thing happened with my last iPhone definitely won’t be getting another when this one runs out @115858 @AppleSupport ❌❌,"@726036 We know it's important for your iPhone to not turn off unexpectedly, so we'd like to look further into this with you. Does this happen when your iPhone is being used in acceptable temperatures? This article outlines those temperatures: https://t.co/otCvUAaFQq"
2557330,297954,Thu Nov 16 14:54:23 +0000 2017,Come back Steve... #RealtyDistortionIsDead @AppleSupport https://t.co/5lKReciJu5,"@297954 We're happy to help with that. Do you notice this with all notifications? Also, which software version are you using? Let us know in DM. https://t.co/GDrqU22YpT"
2557373,726048,Thu Nov 16 14:25:27 +0000 2017,@AppleSupport what’s up with the earbuds? I just had to buy a third replacement pair because the left ear stopped working! 😡😫,@726048 Let's work together on this. Are we working with lightning or 3.5mm EarPods? Does the issue persist when using the EarPods with multiple devices? Please DM us. https://t.co/GDrqU22YpT
2557407,726057,Thu Nov 16 14:20:08 +0000 2017,"@AppleSupport - major battery problems on 6 since upgrade to 11.0, no improvements until 11.1.1, any chance to downgrade again? More charging cycles = shorter battery life. This destroys my phone!",@726057 Great battery life is important to get you through your day and keep you connected. Let's pair up in DM and take a closer look at this. https://t.co/GDrqU22YpT
2557431,726062,Thu Nov 16 13:54:25 +0000 2017,"@AppleSupport Hi, I smelled something burning and it was my MacBook Pro power adapter at the base. Do you guys offer replacements or do I need to buy a new one? Its a 60W Magsafe 2. https://t.co/1ly5yO4x4i",@726062 We'd like to take a look into this with you. Send us a DM letting us know which MacBook Pro this charger is used with and we'll continue from there: https://t.co/GDrqU22YpT
2558650,726351,Thu Nov 16 16:09:45 +0000 2017,@115858 @AppleSupport latest ios update single handedly ruined my phone.,@726351 That's not good to hear! We are here to help you with your iPhone. Provide us some details on the issues you are experiencing so we can assist.
2558658,726352,Thu Nov 16 16:01:01 +0000 2017,"@AppleSupport hi! I use the mail app on my laptop and Mac and use different colored flags for different emails, depending on the level of importance. Why are they all orange in the iPhone mail app? Is there a way to change that?","@726352 This is a great question! While you can change the style of the flag in Settings &gt; Mail &gt; Flag Style on iOS, it's not yet possible to change the color. We'd recommend leaving that request on our feedback page: https://t.co/eTPVYVFyd8"
2558671,726356,Thu Nov 16 16:01:10 +0000 2017,@AppleSupport need to fix this.. song names correctly listed in iTunes yet don’t appear correct under album name... https://t.co/Eo0QkMb4MP,@726356 Let's look into that. Send us a DM and we'll go from there. https://t.co/GDrqU22YpT
2558679,726358,Thu Nov 16 15:35:13 +0000 2017,I wanna screen mirror on the iPad Pro. Work that out. @115858 @AppleSupport,@726358 We appreciate any feedback you can give us. Let us know about the features you'd like to see implemented or changed using our official feedback form online here: https://t.co/eTPVYVFyd8
2558706,726368,Thu Nov 16 15:33:13 +0000 2017,@AppleSupport I'm scared,@726368 We're here to help you. Could you tell us which app you were using when you saw this? Let us know in DM. https://t.co/GDrqU22YpT
2558741,436510,Thu Nov 16 15:24:06 +0000 2017,Hey @115858 @AppleSupport please explain how/why my phone now goes from 100% to 20% in two hours without being used?! #garbage,@436510 We want to help. DM us which iOS version you have and how long this issue has been going on now. We'll be happy to look into why this is happening with you. https://t.co/GDrqU22YpT
2560405,726729,Thu Nov 16 16:39:42 +0000 2017,@AppleSupport I’m stuck in a sign-in loop when trying to view my purchase history on my phone 😩,@726729 We'd be happy to look into this with you.  Please reach out to us via DM and we'll get started. https://t.co/GDrqU22YpT
2561823,727063,Sun Nov 26 20:20:19 +0000 2017,@AppleSupport this is getting pathetic yet again despite updating it to the new version it is still freezing constantly do you genuinely do this so we buy the newer phones it’s a joke they never work the same after an update 😡😡😡 getting very cross now!!!,"@727063 We definitely understand how important your phone is to your everyday life, and we want to get it running as smoothly as possible. Just to confirm, are you running iOS 11.1.2? If so, meet us over in DM. We’ll keep working with you towards a resolution there. https://t.co/GDrqU22YpT"
2561833,727067,Sun Nov 26 20:18:50 +0000 2017,@AppleSupport I reached out on his behalf via the support link because he’s old and no one got back to me. Can someone call me?,@727067 Have you called in directly? What country are you located in? Send us a DM. https://t.co/GDrqU22YpT
2562298,727152,Thu Nov 16 19:08:49 +0000 2017,"@AppleSupport thanks! I specifically meant notifications for effects/reactions rather than actual texts, but I appreciate the response regardless",@727152 Muting only the sticker Notifications in iMessage is not a feature. We appreciate any feedback you can give us about this though. Let us know about the features you'd like to see changed using our official feedback form online here: https://t.co/eTPVYVFyd8
2562356,727169,Thu Nov 16 20:20:31 +0000 2017,@AppleSupport I would either move it to my laptop or put it on an external hard drive which could be accessed from both computers.,"@727169 Check out the following article for information on how to transfer an iTunes Library: https://t.co/lQg9Mr0sdj

For your iPod, meet us in DM and we can look in to options for it from there. https://t.co/GDrqU22YpT"
2564142,727573,Thu Nov 16 17:25:17 +0000 2017,@AppleSupport please fix the 6s x ios 11.1.1 battery issue. My phone has dropped from 100% to 80% in 20 minutes. It’s super annoying and not everyone wants to buy the new iphone.,@727573 We want to help. Reach out to us in DM and we will look into this with you. https://t.co/GDrqU22YpT
2564157,511239,Thu Nov 16 19:01:47 +0000 2017,@AppleSupport Thanks I chatted with support and scheduled an appointment,@511239 No problem. Let us know if you run into any other issues. We're here to help.
2564163,199885,Thu Nov 16 17:19:28 +0000 2017,@115858 @AppleSupport @188  why is it I can only go on fb messenger ONLY on wifi but everyone else I know doesn’t have to use their wifi to access it,@199885 Thanks for reaching out to us. We are always happy to help. Send us a DM so we can look into this with you there. https://t.co/GDrqU22YpT
2564163,199885,Thu Nov 16 17:19:28 +0000 2017,@115858 @AppleSupport @188  why is it I can only go on fb messenger ONLY on wifi but everyone else I know doesn’t have to use their wifi to access it,@199885 Thanks for reaching out to us. We are always happy to help. Send us a DM so we can look into this with you there. https://t.co/GDrqU22YpT
2564176,727580,Sun Nov 19 17:06:46 +0000 2017,@AppleSupport 11.1.2,"@727580 Thanks. Next, can you please tell us when you first encountered this issue?"
2564184,522098,Thu Nov 16 17:14:02 +0000 2017,@AppleSupport @115858 why won't my iPhone 6 receive any emails?,"@522098 We're happy to help. Let's start by taking a look at this article: https://t.co/Jpr0POLgCg

Let us know if the steps outlined there resolve or isolate the issue."
2565675,727894,Thu Nov 16 19:13:52 +0000 2017,@AppleSupport No and I never have been,"@727894 Are these songs that were purchased directly via iTunes? Also, to clarify, are you able to access these songs from another device?"
2565693,727898,Thu Nov 16 19:35:21 +0000 2017,@AppleSupport Using Safari btw,"@727898 Can the site be accessed from a different device to test if the website is having any issues? If yes, try clearing your iPhone Safari history and trying again. The steps are in this article: https://t.co/KATiqSeE7k"
2565708,450705,Thu Nov 16 22:46:00 +0000 2017,@AppleSupport It’s usually just deleting it directly from the desktop. Not a folder. Just the desktop. Hasn’t happened in safe mode. I rebooted in normal mode. Nothing yet.,"@450705 Thank you for letting us know! Please keep us posted, and we'll be here to continue working with you."
2565775,124901,Thu Nov 16 17:53:49 +0000 2017,@AppleSupport can you tell me why call block on my phone does not work and I still get calls from blocked numbers @115858,@124901 Thanks for reaching out. Let's see why these calls are getting through. Which software version is it happening on? Find that in Settings &gt; General &gt; About and reply in DM. https://t.co/GDrqU22YpT
2565788,727914,Thu Nov 16 17:40:36 +0000 2017,@727915 @711172 @AppleSupport I updated mine and it didn’t fix it,@727914 Thanks for letting us know. We'd like to take a look at some details to assist. Send us a DM using the link below and we'll continue. https://t.co/GDrqU22YpT
2567067,728187,Sun Nov 19 11:32:33 +0000 2017,@AppleSupport Same error on 11.1.2. Can I restart the hotspot configuration from the iPhone ? I have tried to restart from the connected devices but does not work. Thank you! ,@728187 Thanks for updating us with this information. Have you noticed if this happens in specific areas? DM us your answer and we'll work from there: https://t.co/GDrqU22YpT
2567100,728196,Thu Nov 16 18:23:31 +0000 2017,"Quelqu’un peut m’expliquer ??
Je précommande l’iPhone X le 27 octobre à 9:08, le délai de livraison indiquée est entre le 21 et 28 novembre ! Puis aujourd’hui je reçois un mail en me disant que la livraison est estimée pour le 30 novembre ! 😡 @115858 @AppleSupport #iPhoneX https://t.co/6dcv1bGVKV",@728196 We offer support via Twitter in English. Contact us for help in your preferred language here: https://t.co/IBIY3vMgPj
2569725,728805,Tue Oct 31 02:37:24 +0000 2017,@AppleSupport Just phone calls,@728805 We want to help! DM us and let us know more about the issues you are having. https://t.co/GDrqU2kzhr
2570168,728923,Mon Oct 30 16:38:25 +0000 2017,All my photos disappeared out my phone 😡😡😡😡😡 @AppleSupport how do I️ recover them ?????,@728923 Let's work together to find out where your photos have gone. When did you last see them? What changes were made since?
2570459,376377,Mon Oct 30 16:51:53 +0000 2017,@AppleSupport what in the world is going on??? Every time I️ try to type “i” it autocorrects to this. https://t.co/pEHR2DGAoh,@376377 We'd like to help out. Send us a DM to continue. https://t.co/GDrqU22YpT
2571355,729178,Mon Oct 30 17:37:07 +0000 2017,@AppleSupport Are you going to honor an earlier delivery date for buyers who were affected by the Citizen One issue? https://t.co/IIJaju75QO,@729178 Thanks for reaching out.  We want to help.  Let's continue the conversation in DM. https://t.co/GDrqU22YpT
2572015,729341,Thu Nov 16 20:08:57 +0000 2017,"@AppleSupport I’m hesitant to make the conversation private, you might just leave me on read like y’all hung up on me... happy to listen here! Thanks","@729341 As we'll need to gather personal information in order to look into this with you, we'd like to continue the conversation in DM for your privacy. https://t.co/GDrqU2kzhr"
2572022,729342,Fri Nov 17 16:47:33 +0000 2017,@AppleSupport still saying the same after doing all that,"@729342 We'd be happy to look into this with you further. DM us the version of Windows you're running using the link below, and we'll go from there. https://t.co/GDrqU22YpT"
2572030,729344,Thu Nov 16 19:01:16 +0000 2017,@AppleSupport can someone tell my why this new update cleared my apple music library????,@729344 We want to help. Have you been able to recover your music yet?
2572043,729347,Thu Nov 16 20:08:58 +0000 2017,@AppleSupport Yes it happens with one or more senders. And I’m up to date with the latest iOS,"@729347 We’d love to help further. Please send us a DM confirming if the issue continues after restarting your iPhone, as well as when you first experienced this behavior. https://t.co/GDrqU2kzhr"
2572053,729350,Thu Nov 16 21:49:47 +0000 2017,"@AppleSupport I’m using iphone 7 plus,ios 11.1, it crashes (the app closes) whenever i open certain notes, i have to refresh the app (pressing on home button and then swipe up) multiple times to fix it. And then it happens again.","@729350 Alright, understood. Do you use iCloud to store your notes? DM us and let us know. https://t.co/GDrqU2kzhr"
2572057,729351,Thu Nov 16 18:56:37 +0000 2017,@AppleSupport Just got my 8 and can't even log in with my apple i.d because it's asking for a verification code that it sent to my old number. that I don't have. Fucking sick!! Thanks apple!!,"@729351 We know you’re anxious to get signed in to your new iPhone 8.  We’ll do our best to guide you.  Even without access to that old number, you may have some other options.  Take a look here: https://t.co/RONuUjClwW"
2572070,729355,Thu Nov 16 18:52:18 +0000 2017,Hey @AppleSupport why does my Messages app keep closing? https://t.co/rsVhsjIL1K,"@729355 Thanks for reaching out to us. We certainly want to get that Messages app working. Let's take a look at a few things. Which iPhone do you have &amp; what iOS version is running? Also, restart the iPhone and then see if that issue persists. Let us know how it goes."
2572094,729362,Thu Nov 16 21:45:54 +0000 2017,@AppleSupport @729361 Mine doesn’t work either! It won’t refresh at all,"@729362 We'd like to get things back to working as they should. Please send us a DM with more info about what's going on, and we'll do our best to help. https://t.co/GDrqU2kzhr"
2573859,729907,Thu Nov 16 21:02:53 +0000 2017,@AppleSupport Yes it works with other devices and iPhone 7,@729907 Please send us a DM so we can gather some more information and move forward. https://t.co/GDrqU22YpT
2573926,511239,Thu Nov 16 19:59:07 +0000 2017,"@AppleSupport on iCloud “all photos” album is there a way to sort by date the picture are taken? I am uploading my old photos to thfrom cloud , the upload order is random and the photos appears out of order.","@511239 Are you accessing your photos directly on computer? If so, check here for information on how to organize your photos on iCloud: https://t.co/2MrcQhA6eh For other iCloud Photos questions, reach out to our team here: https://t.co/IBIY3vMgPj"
2575286,518453,Thu Nov 16 21:22:56 +0000 2017,@AppleSupport So problem has been solved actually but thank you for getting back to me anyway  🙏🏻,@518453 You're welcome.  We are happy to hear it is resolved.
2575287,518453,Thu Nov 16 19:46:27 +0000 2017,@AppleSupport I've really hit a dead end here - I'm trying to back up my 7 to my macbook air before I set up my new iPhone X but no matter what I do I can't back it up. Been at it for hours i'm so frustrated,@518453 No need to worry. We'd love to help out with your concern. Can you let us know specifically what's happening when you attempt to back up; do you get an error message? We'll take a look.
2575320,730277,Thu Nov 16 19:38:49 +0000 2017,Why is it that @115858 @AppleSupport can’t make my ringtones (that I paid for) work after three iOS updates? #heldhostagebyapple,"@730277 Hey, can you tell us some more details on what's going on with the ringtones? Also, were they purchased through the iTunes Store? Let us know some details and we'll do our best to help."
2575320,730277,Thu Nov 16 19:38:49 +0000 2017,Why is it that @115858 @AppleSupport can’t make my ringtones (that I paid for) work after three iOS updates? #heldhostagebyapple,"@730277 Hey, can you tell us some more details on what's going on with the ringtones? Also, were they purchased through the iTunes Store? Let us know some details and we'll do our best to help."
2575323,730278,Thu Nov 16 19:37:12 +0000 2017,"My iPhone X hasn't moved from china in 6 days...@AppleSupport @115858 @115817 @UPSHelp ....

ya'll wanna tell me what the deal is? It was supposed to be delivered today but clearly that's not happening.","@730278 Hey there! Thanks for reaching out to us about your pending delivery! We're so excited that you're in line to get one! To find out more about the delivery status, we'd recommend contacting our Sales Support team: https://t.co/8yjRd1Xo0i"
2577035,730698,Fri Nov 17 10:04:05 +0000 2017,"@AppleSupport Well, since i was forced to download the new ios 11, i have to charge my phone like 5 times a day. It eats my battery like i eat cakes when on a diet. Without a limit.","@730698 Let's see how we can help you with your iPhone's battery! DM us a bit more about your iPhone, including the exact version of the operating system and the model of iPhone you're using, and we'll team up to help you get it working again like you expect. https://t.co/GDrqU22YpT"
2577056,730702,Thu Nov 16 20:27:51 +0000 2017,"@AppleSupport tried everything restarting, resetting network setting. Facetime still not activating ?",@730702 Thanks for reaching out to us for support. We would love to help you. Please DM us so that we can look into this together. https://t.co/GDrqU2kzhr
2577693,730848,Fri Nov 10 19:56:49 +0000 2017,"@AppleSupport how do we clear history in maps on iOS 11.1.1? old house location keeps showing up, I swipe left and only get a share button and no remove, help.",@730848 We'd love to assist you with clearing out that destination. Check this out: https://t.co/VsP0DZCgdG Let us know if that helps.
2578607,731051,Thu Nov 16 20:55:36 +0000 2017,@AppleSupport I accidentally deleted a song from my library! 😩 Please can I get it back without having to purchase it again?,@731051 Don't worry at all! You can redownload your past music purchases. Check out how in this article: https://t.co/I39AyN1o7J
2578653,324377,Thu Nov 16 22:02:58 +0000 2017,@AppleSupport Ok thx :),@324377 You're welcome. Did this resolve the issue for you?
2578662,731058,Thu Nov 16 23:22:50 +0000 2017,"@AppleSupport Photos, texts, contacts everything I did a back up onto Iclouds 50GB option for $1 a month","@731058 Did anything get restored? Also, if you log onto https://t.co/MdGttkkFL9 from a web browser on a computer, do you see anything there?"
2578678,731060,Thu Nov 16 20:36:30 +0000 2017,@115858 @AppleSupport your update did not fix the question mark glitch please get it together it’s very annoying,@731060 We are here to help. Please send us a screen shot of your Settings &gt; General &gt; About section in a DM. We will go from there. https://t.co/GDrqU22YpT
2578691,123845,Thu Nov 16 20:07:24 +0000 2017,@AppleSupport Finder/Documents folder says iCloud storage is full but it clearly isn't. https://t.co/dFaozbOHHR,@123845 Let's take a look into this together. Send us a DM with the version of macOS you're on and we'll go from there. https://t.co/GDrqU22YpT
2578691,123845,Thu Nov 16 20:07:24 +0000 2017,@AppleSupport Finder/Documents folder says iCloud storage is full but it clearly isn't. https://t.co/dFaozbOHHR,@123845 Let's take a look into this together. Send us a DM with the version of macOS you're on and we'll go from there. https://t.co/GDrqU22YpT
2580588,731424,Fri Nov 17 14:15:52 +0000 2017,@AppleSupport It happens when I open the phone sometimes outside but also inside and effects all apps,@731424 We're going to need to dig in a little deeper on this. Please join us in DM where we're able to do that. https://t.co/GDrqU22YpT
2580601,731427,Fri Nov 17 03:34:36 +0000 2017,@AppleSupport It’s back! Thank you! 🍎 🍏,"@731427 Fantastic! If you have any other questions or concerns, we're here every day from 5am-8pm Pacific."
2580610,474965,Thu Nov 16 20:55:50 +0000 2017,@AppleSupport Helppppop Meeeee https://t.co/kT6J2P7O2L,@474965 We want to help get your apps updated. Reach out via DM using the link below and let us know what version of iOS 11 you're using. You can check by tapping Settings &gt; General &gt; About https://t.co/GDrqU22YpT
2581968,731755,Fri Nov 17 09:57:06 +0000 2017,@AppleSupport No option to copy. See screenshot. This is an email address within an email. I used to be able to do it but something changed https://t.co/ZMp8AEg7Ab,@731755 You'll tap the sender's email address instead of using 3D Touch. This will bring up the screen to edit or add a contact. You're able to tap and copy the email address there.
2583105,732020,Fri Nov 17 00:52:54 +0000 2017,"@AppleSupport It started after the update before 11.11 and for some reason the update hasn’t been loading, I have checked the past few days and it won’t load",@732020 What happens when you try to update the apps in the App Store? Do you see an error message?
2583112,732022,Thu Nov 16 22:38:27 +0000 2017,@AppleSupport I’m trying to use the App Store to update some of my apps but it won’t let me update them without updating my billing information. When I try to update my billing information it doesn’t accept it says that it is being declined like I’m buying something. Help,"@732022 No worries, we have a dedicated team at Apple who can investigate, and work on a solution with you. Reach out to our App and iTunes Store specialists here: https://t.co/SDIe7UA9Bl"
2583159,732035,Thu Nov 16 22:26:37 +0000 2017,@116333 @AppleSupport Link: Alti - Minimalista Altímetro &amp; Bússola de Viagem de Monkeys Writing Shakespearehttps://itunes.apple.com/br/app/alti-minimalista-alt%C3%ADmetro-b%C3%BAssola-de-viagem/id859451405?mt=8,"@732035 Thanks for reaching out and providing us with this information. Since this app is downloaded, you can report problems at https://t.co/TnACmwZbFZ. DM us know if you have any questions with this: https://t.co/GDrqU22YpT"
2583230,732053,Thu Nov 16 21:59:43 +0000 2017,i don’t know what’s up with this keyboard of mine. @AppleSupport,"@732053 We’d like to understand more about this. DM us some details of what's going on, and we’ll take it from there. https://t.co/GDrqU22YpT"
2583236,732055,Thu Nov 16 22:05:05 +0000 2017,"Trying to set up 2FA on laptop and keep getting this error, what gives @AppleSupport ? https://t.co/jgDZj1irRT",@732055 We are here to help. Have you requested more than one code?
2584300,732326,Fri Nov 17 06:28:28 +0000 2017,"@AppleSupport I am using the iPhone 6plus on iOS 11, all this started after I upgraded to iOS 11, the freezing happens on all apps",@732326 Thanks for that info. Let's take things in to DM from here to get started. https://t.co/GDrqU22YpT
2584353,732343,Thu Nov 16 23:09:02 +0000 2017,"@AppleSupport just got me iPhone X setup but all my ringtones are gone and i can't find them anywhere, please help. i don't see them in @118721 anymore. thank you",@732343 We'd be happy to help. Send us a DM and we can start there. https://t.co/GDrqU22YpT
2584403,732355,Fri Nov 17 06:42:16 +0000 2017,@AppleSupport It seems ok now ...battery ran down with it buffering like that most of night ...it seems ok now charging it up,"@732355 We're glad to hear that it seems alright now. If you do need us, we'll be here to help. Just reach back out."
2585599,732661,Thu Nov 16 23:56:51 +0000 2017,@AppleSupport this a brand new iPhone 8 Yo. Why my shit freezing up?,"@732661 We'd like to help. Do you know what version of the iOS is on the device?  If not, you can check under Settings &gt; General &gt; About &gt; Version."
2585628,732666,Thu Nov 16 23:28:39 +0000 2017,My iPhone has been freezing and stuttering like crazy since iOS 11 dropped. Worst update to date. @AppleSupport,"@732666 We'd like some details to do everything we can to help. Is there a specific app this happens with or is it any? Also, what's the exact iOS currently running on your iPhone? Let us know and we'll continue. https://t.co/GDrqU22YpT"
2585643,732670,Fri Nov 17 01:06:59 +0000 2017,@AppleSupport Not that I know of,@732670 OK. Our latest version is 11.1.2. We suggest making a backup and updating to the latest version.
2585651,152007,Fri Nov 17 00:37:09 +0000 2017,@AppleSupport Can’t listen to the app at all I hope you guys plan on comping me!,"@152007 We love listening to Music throughout the day as well, so we're happy to get this resolved. Are you currently an Apple Music subscriber?"
2586370,644991,Fri Nov 17 07:51:30 +0000 2017,@AppleSupport Every app takes about 4 attempts to open. Alarms not working correctly so I am being late for work. Phone keeps freezing completely and then crashing/restarting so I am missing important work calls.,"@644991 These are certainly all issues that we can help you with today. We can see how these issues would be impacting on your daily life, but we are here to help. Meet up with us in DM and let us know the exact iOS version under Settings &gt; General &gt; About. https://t.co/GDrqU22YpT"
2586380,732859,Fri Nov 17 00:32:50 +0000 2017,@AppleSupport since 11.1.1 if calls on other devices is turned on then it turns mobile data off,"@732859 Hey there! We definitely want to make sure you are able to enjoy your iPhone and it's working properly on calls to stay in touch. To clarify, does mobile data get turned off when you answer on a nearby device instead of the iPhone?"
2586437,732870,Fri Nov 17 00:17:52 +0000 2017,Hello @AppleSupport I’ve updated my phone and I still see little question marks in boxes. Please send help immediately!!!,"@732870 Let's check more into this. Meet us in DM with the iPhone model you own and let us know which app you're seeing this appear, please. https://t.co/GDrqU22YpT"
2587378,733109,Mon Oct 30 18:02:32 +0000 2017,DND don't work on my phone and I wanna know why @AppleSupport,@733109 We'll do everything we can to help! Does this behavior persist if you restart your iPhone? What iOS version is installed?
2588326,733296,Mon Oct 30 19:06:48 +0000 2017,@AppleSupport Oh yes they got my contact details,@733296 They should be reaching back out to you. If they haven't please reach back out to them.
2588759,733388,Mon Oct 30 18:37:02 +0000 2017,"@AppleSupport iOS 10.3.3 was much better on my iPhone SE. After upgrading to iOS 11.0.3, it's draining battery as hell. Plz fix it asap.",@733388 We're here to help. Please DM us via the following link and we'll assist you further. https://t.co/GDrqU22YpT
2592232,734143,Fri Nov 17 01:19:02 +0000 2017,"@AppleSupport The Iphone 6s got stuck when updated to the current iOS that is iOS 11.1.1 .When I reboot my iPhone the apple logo flashes and later phone remains in that mode itself and does not turn on the iphone.
Please fix this issue asap🙏",@734143 This get your iPhone working again. Go thru the steps found here: https://t.co/H7w57rsYVQ  DM us if you continue to have any issue. https://t.co/GDrqU22YpT
2593005,734335,Sun Nov 26 20:59:11 +0000 2017,@AppleSupport Thank you so much 😭,@734335 No problem and just reach out again if you have any other issues or questions. Have a good one!
2593038,734344,Sun Nov 26 20:45:45 +0000 2017,@Applesupport is APFS supported on the Fusion Drive in the iMac yet?  I want to upgrade to High Sierra but don’t want any problems!!,@734344 The Apple File System is not available for use with Fusion Drives. Take a look at this article for more information about that: https://t.co/Cg3xfhqqmk
2594379,664862,Fri Nov 17 02:22:40 +0000 2017,@AppleSupport why is that my downspeed is stupid fast yet my Apple TV is about as useful as a brick? Everything streams fine on a MacBook or iPhone.,"@664862 The Apple TV is great for viewing media. We can understand that if you are having connectivity issues with the device, it can cause some concern. For this issue, you'd want to reach out to our Apple TV experts here: https://t.co/IBIY3vMgPj"
2594400,733720,Fri Nov 17 04:22:27 +0000 2017,@AppleSupport Version 10.13.1,@733720 Thank you. Let’s boot the computer into safe mode and see if the same thing happens please. Here’s a link that will tell you how to do that: https://t.co/PQ4LSYhUTY
2594400,733720,Fri Nov 17 04:22:27 +0000 2017,@AppleSupport Version 10.13.1,@733720 Thank you. Let’s boot the computer into safe mode and see if the same thing happens please. Here’s a link that will tell you how to do that: https://t.co/PQ4LSYhUTY
2594423,734666,Fri Nov 17 02:17:49 +0000 2017,"@AppleSupport why is my phone messed up 😑 my FaceTime keeps hanging up, and  my contacts don’t show names. Every since the new iPhones came","@734666 We're happy to help out with your concerns regarding FaceTime and Contacts. To get started, can you let us know which iOS version you see in Settings &gt; General &gt; About &gt; Version?"
2594452,734673,Fri Nov 17 00:55:50 +0000 2017,@734674 @AppleSupport I can no longer count on my touch screen working. So it’s basically like not having a phone at all.,@734673 We're happy to assist. Which iOS version are you currently running? Go to Settings &gt; General &gt; About for the version.
2595497,734921,Fri Nov 17 03:13:39 +0000 2017,@AppleSupport my phone has been acting up. My recently sent and received messages aren’t showing up. I’ve reset my phone 3 times already .,@734921 We'd love to help with your messages! Which version of iOS are you using under Settings &gt; General &gt; About?
2595500,734922,Fri Nov 17 02:49:31 +0000 2017,@AppleSupport my first iPhone was a 5. Suddenly with iOS 11.1 my right swipe closes apps instead of allowing me to choose. WTH?,@734922 Thanks for reaching out to us for support. We would love to help you. Please DM us so that we can look into this together. https://t.co/GDrqU22YpT
2595502,424384,Fri Nov 17 03:34:52 +0000 2017,@AppleSupport On others messages,@424384 Thank you. DM us your macOS version and we'll continue there. https://t.co/GDrqU22YpT
2595503,424384,Fri Nov 17 02:45:31 +0000 2017,"@AppleSupport I keep seeing the ""I️"" symbol show up on my MacBook Pro and Im not sure how to get rid of it","@424384 We're here to help. Are you seeing this when you type, or on messages others have typed?"
2596420,735155,Fri Nov 17 02:59:45 +0000 2017,"@115858 &amp; @AppleSupport
...
i updated my computer yesterday and now Logic Pro X won’t stop force closing out nowhere. also certain apps, that I desperately need, won’t open. I need to uninstall this update. 🤦🏾‍♂️ Good job.","@735155 We'll find a way to get your apps running again. Send us a DM, letting us know which Mac you have and the OS version currently installed. Also, please let us know of any error messages you're seeing when you try to open the apps. https://t.co/GDrqU22YpT"
2596431,735160,Fri Nov 17 03:10:44 +0000 2017,@735161 @1890 @115858 @AppleSupport السلام عليكم يوسف عندي مشكلة اذا حطيت وضع طيران ما يطير جوالي طفيت الجوال و شغلته و سويت اعادة تعيين لجميع الاعدادات و لا انحلت !!,@735160 We offer support via Twitter in English. Contact us for help in your preferred language here: https://t.co/IBIY3vMgPj
2597130,735330,Fri Nov 17 03:50:35 +0000 2017,Just noticed that @115858's @AppleSupport article on Apple Pay security is not updated for the iPhone X's Face ID.,@735330 We'd love it if you send us a DM with the link to the article and section that is not reflecting updated information. Use the link below: https://t.co/GDrqU22YpT
2597169,735347,Fri Nov 17 03:12:48 +0000 2017,"@AppleSupport my persona 5 music isn’t downloading 🅱️, can you help a fam out??","@735347 Hey there, we've got you! Please send us a DM and tell us if this is the only music you're having trouble playing. We'll meet you there to help. https://t.co/GDrqU22YpT"
2597439,735428,Sun Dec 03 16:32:11 +0000 2017,"@AppleSupport two-factor authentication verification codes not working (text message, UK). tried multiple times over past 24hrs",@735428 Thanks for reaching out. Per our website all our services should be available: https://t.co/1I2W6i5VWT Let’s team up to get this addressed. Are you still able to send and receive SMS messages? Let us know via a DM. We’ll move from there. https://t.co/GDrqU22YpT
2597948,735537,Fri Nov 17 03:57:41 +0000 2017,@AppleSupport Just got some AirPods and I cannot pair them to my phone. I'm showing a green flashing light. I keep holding down the setup button and doesn't turn to white blinking light. Help!,"@735537 You've come to the right place. Let's start by using the article at https://t.co/1gycpwHngk to make sure your iPhone meets the requirements and software, and the pairing process is being performed correctly. Meet us in DM if that doesn't help here: https://t.co/GDrqU22YpT"
2605275,737125,Mon Oct 30 20:10:04 +0000 2017,my laptop froze can anyone help me? @AppleSupport https://t.co/P9gZY4bqK5,@737125 We're here to help. Did you just power on your Mac? Did you see anything load on the display before you saw the cursor?
2605280,395134,Mon Oct 30 20:11:11 +0000 2017,@318 @AppleSupport I need help with my podcast feed and your site. I had a connection account and lost my login info,@395134 We’d like to get you pointed in the right direction.  Reach out at the bottom of this link: https://t.co/CCmV21iDxK
2605288,474969,Mon Oct 30 20:01:27 +0000 2017,@AppleSupport @118721 you guys have a “Better Call Saul” image on The Walking Dead season 8 episode “The Damned” 😊,@474969 Hi there! We'd like to look into this with you. DM us what country you're in to get started. https://t.co/GDrqU22YpT
2605290,737130,Mon Oct 30 20:06:43 +0000 2017,@AppleSupport how do I report a phishing email?,@737130 Sure thing! Our article at https://t.co/LNMCdqt6fD has info on how to identify and report those types of emails.
2605760,737238,Mon Oct 30 20:33:04 +0000 2017,"@AppleSupport Have Notifications settings on Watch changed in the past few days? Formerly, I could scroll through Notifications listing  1/",@737238 We're here to help. Let's take this to DM so we can better assist you. https://t.co/GDrqU22YpT
2606713,182272,Mon Oct 30 21:01:54 +0000 2017,@182273 @AppleSupport thanks. It’s now sorted 👌,@182272 Awesome! Let us know if you run into anymore issues.
2607504,737617,Mon Oct 30 21:26:12 +0000 2017,I keep getting these emails @AppleSupport can you please help find out about it? https://t.co/sriAKdEvtB,"@737617 We'd be glad to help. This is not an email from Apple, it is a phishing email. More info here: https://t.co/LNMCdqt6fD"
2607751,737667,Sat Nov 25 23:18:32 +0000 2017,@AppleSupport It will freeze and i cant tap the screen i have to restart the phone. I’ve had to do this 3 times already today,"@737667 Alright, we appreciate the info. We'd like to take a closer look at this with you to figure out the best path forward. Let us know which version of iOS is currently installed via DM to continue. https://t.co/GDrqU22YpT"
2609200,737994,Mon Oct 30 22:11:22 +0000 2017,@AppleSupport  https://t.co/YINUFOgPLE,"@737994 Does this also happen when you use the keyboard in any other circumstance, or just in Messages?"
2614198,739011,Fri Nov 17 04:54:50 +0000 2017,Just wanted to see if this shit still broken @AppleSupport,"@739011 Are you still seeing an issue with the letter i autocorrect? If so, let us know which iOS version you currently have installed under Settings &gt; General &gt; About. We'll definitely be able to assist today."
2614237,739019,Fri Nov 17 04:31:02 +0000 2017,@AppleSupport why is it so hard to find a specific text or iMessage from more than a month back? Disgustingly slow to load old messages. I’m paying for storage can I please access my shit,@739019 We'd love to assist you with this. Click here to meet us in DM. We'll continue there: https://t.co/GDrqU22YpT
2614253,739026,Fri Nov 17 04:37:35 +0000 2017,And I only use it every single day to edit pictures and videos!! Which makes it extremely inconvenient! It's fine @AppleSupport ITS FINE 😭,@739026 We would be happy to help. What's happening with your Mac?
2614266,739028,Fri Nov 17 04:48:29 +0000 2017,"@AppleSupport Seriously, it’s annoying  -&gt; I️","@739028 An update has been released to assist with this issue. If you haven’t yet, please back up your device and update it to iOS 11.1.2. For more info, check out: https://t.co/4f8hwT5to6"
2614281,739033,Fri Nov 17 04:11:44 +0000 2017,@AppleSupport  please fix ur damn ass I️ glitch,"@739033 We've got an update that solves that issue. If you check at Settings &gt; General &gt; About and you aren't on iOS 11.1.2, backup with these steps: https://t.co/4f8hwTn4fE, then update your iPhone. Let us know in DM if those steps don't help. https://t.co/GDrqU2kzhr"
2614334,739046,Fri Nov 17 13:54:56 +0000 2017,"@AppleSupport I did with my other phone but problem remains the same, i am using 7+ and 6s. Is it possible to reload iOS 11 or older version ?","@739046 Got it, when you say that your mobile data disconnects automatically, can you describe what you mean? Are you seeing no coverage or something else? 

There isn't a supported option to downgarde iOS software."
2614350,739050,Fri Nov 17 04:04:39 +0000 2017,@AppleSupport I am trying to use my music app but it wont let me get from the browse section to my library and it keeps crashing and reopening itself.,@739050 Let's get this sorted so that we can get you back to listening to your music. Have you tried restarting your device? https://t.co/OWRDHWSt4h
2615213,739241,Fri Nov 17 21:31:41 +0000 2017,@AppleSupport 11.1.2,"@739241 Thank you. How long ago did you install the update? Also, have you checked to make sure all apps are up-to-date in the App Store? Please DM your reply, we'll meet you there to help. https://t.co/GDrqU22YpT"
2615275,739257,Fri Nov 17 05:40:22 +0000 2017,"@AppleSupport How do I fix that “A question mark box” glitch? I know how to make it not autocorrect to it, but I see it for everything else. It’s really annoying and it’s really getting on my nerves","@739257 We released an iOS update that can fix the issue that occurs when you type the letter i. If you see the characters when someone else types it, they will need to update their device to fix the issues."
2615281,333434,Fri Nov 17 05:40:47 +0000 2017,"Why, in Moses’ name, does it take my brand new iPad so frigging long to charge? My iPhone charges fully in about an hour, but I can plug my iPad in at 10:00 pm and it won’t be charged to 100% the next morning! @AppleSupport",@333434 We would be happy to help. When did you first notice this happening? Does this occur when using the original charging cable?
2615304,739266,Fri Nov 17 05:39:01 +0000 2017,"@AppleSupport hi, is there a way to revert to a previous iOS or a previous version of an app (Apple Podcasts) on an iPhone?","@739266 Hi there. Thanks for reaching out. That's a great question. Once you've updated the iOS, you won't have the option to revert to a previous version. Feel free to share your feedback about this with us here:  https://t.co/eTPVYVFyd8"
2616503,739950,Fri Nov 17 09:09:32 +0000 2017,@739051 @AppleSupport Same here! It is so ridiculusly slow and apps sometimes freeze. never happend before.,"@739950 Let's get to the bottom of this together. Are you noticing this with one or multiple apps? Do you have any app updates available? Also, what version of iOS are you using?"
2616545,731415,Fri Nov 17 16:42:47 +0000 2017,@AppleSupport Spotlight still not working properly on the last iPhone X with the up to date iOS you can’t be serious!,@731415 We've got your DM and will continue with you there. Be on the lookout for our reply. Thank you!
2616567,739555,Fri Nov 17 07:31:27 +0000 2017,@AppleSupport Desde que actualicé mi iPhone 6 a iOS 11 mi gps ha dejado de funcionar y he visto que no soy el único. Alguna solución?,@739555 We offer support via Twitter in English. Get help in Spanish here: https://t.co/IBIY3vMgPj or join https://t.co/OczyRx7IOs
2616590,739559,Sun Nov 19 04:34:22 +0000 2017,"@AppleSupport Updates completed.  Still freezes playing back Facebook video, snapchat videos.   My face id scan  icon will just disappear when it gets a bad scan and act frozen.  It will show a lock and the rest of the screen goes blank.",@739559 DM the country or region were you are currently located to continue. https://t.co/GDrqU22YpT
2616637,551930,Fri Nov 17 06:57:49 +0000 2017,@AppleSupport ever since I updated my phone to the new iOS my battery tends to die faster and I find myself charging my phone a lot more,"@551930 We would love to see how we can assist with your battery today. Please confirm the exact iOS version you are now using under Settings &gt; General &gt; About. Also, check out battery savings tips here and let us know if this helps: https://t.co/bivpdfBNJ6"
2617021,739663,Sun Nov 26 21:36:09 +0000 2017,@AppleSupport @115858 why is this showing on everything I try to do? #help  I’ve already paid for movies that I’m trying to watch. https://t.co/NyopJtcX3j,@739663 We're here to help. Let's take this to DM so we can better assist you.
2617056,148632,Mon Nov 27 00:02:26 +0000 2017,"@AppleSupport The normal music app, kiss kube or Youtube.. it’s almost as if there’s a bug pausing my song/video when a push notification comes through 🤷🏼‍♀️",@148632 Let's take a closer look at your issue. Reach out via DM using the link below and let us know what version of iOS you're using. You can check by tapping Settings &gt; General &gt; About. https://t.co/GDrqU22YpT
2617063,739673,Sun Nov 26 21:14:49 +0000 2017,@AppleSupport i need help with something in my camera roll can you please answer my message. thanks!,@739673 We've received your DM and look forward to working with you there.
2618265,739929,Fri Nov 17 19:05:01 +0000 2017,"@AppleSupport Again, not functioning. Isn't there any key on motherboard to push or battery to remove? Or do it by terminal command line?",@739929 Let's continue this conversation in DM. https://t.co/GDrqU22YpT
2618280,739932,Tue Nov 21 05:43:20 +0000 2017,@AppleSupport Hi apple. Still lags when im looking for contacts,@739932 We're here to help. Let's take this to DM so we can better assist you. https://t.co/GDrqU22YpT
2618303,739938,Fri Nov 17 09:20:06 +0000 2017,@AppleSupport  this is what happens on lock screen when iPhone confuses the reminders and notifications on iOS 11.1.1 https://t.co/XVz5DRCzd5,"@739938 We're not happy to see you are experiencing this issue. Let's work together to resolve this. To start, we'd like to have you try updating your iOS to 11.1.2. Back up your device data and try updating. Let us know if that helps please."
2618325,739944,Fri Nov 17 09:19:05 +0000 2017,@AppleSupport My iPhone 7 Plus is lagging on iOS 11.1.1 it did not act like that when i was on 11.1,"@739944 Let's get your iPhone running smoothly again. Does it seem to lag using certain apps? If so, which apps? Let us know in a DM and we'll go from there. https://t.co/GDrqU22YpT"
2619778,664371,Fri Nov 17 20:25:29 +0000 2017,@AppleSupport Cluttered notifications and a  notification from yesterday after clearing all notifications from yesterday. Also I’m on iOS 11.1.1. Thanks for teaching how to see my version btw https://t.co/U2xswqUiBg,"@664371 Thank you for the screenshot. So we're sure to have it right, were all these notifications cleared or were you referring to only the one from yesterday that has remained after being deleted?"
2619790,740294,Fri Nov 17 11:46:34 +0000 2017,@AppleSupport I have been trying to get through to an agent for 20 minutes after your automated voice machine keeps terminating my call. Can you inbox me please,@740294 We'd be happy to look into why this is happening and help with any issues you may be having. DM us details of what exactly is going on and we'll work with you there. https://t.co/GDrqU22YpT
2619815,740302,Fri Nov 17 14:36:17 +0000 2017,@AppleSupport Explain bih,@740302 Hi there. It's important for your device to have reliable battery life. Let's see what we can do to get to the bottom of this. DM us and tell us which device you have and the OS version you're running. https://t.co/GDrqU22YpT
2619865,740311,Fri Nov 17 10:53:25 +0000 2017,"@AppleSupport Need help🙋🏽 I deleted my voice memo app by mistake, n can’t find It to add It back???? HELP PLEASE📲 https://t.co/DtD0Ji4TcZ",@740311 We want to help. You should be able to search the App Store directly from the device you removed it from to get it back. Just make sure you search using the exact name. Take a look at this article for more info: https://t.co/Dj4QS7mYwr
2619937,682308,Fri Nov 17 09:48:39 +0000 2017,@AppleSupport I purchase something wrongly and i want to refund it how can i do that ?,@682308 We're here to help. You may be able to get this taken care of here: https://t.co/TnACmwZbFZ
2619941,156052,Fri Nov 17 10:12:03 +0000 2017,@740336 @AppleSupport حتى سابقا مركز في الاشعارات تحصل اشعارات واتس اب تحت بعض وتويتر لحالهم وكذا,@156052  We offer support via Twitter in English. Contact us for help in your preferred language here: https://t.co/IBIY3vMgPj
2619955,740338,Fri Nov 17 10:17:33 +0000 2017,@AppleSupport want to send a commendation to the employee who helped me at the genius bar yesterday. How do I do that?,@740338 We'd be happy to document your commendation regarding your in-store experience. Send us a DM with details and we'll go from there. https://t.co/GDrqU22YpT
2619957,740339,Fri Nov 17 10:06:35 +0000 2017,Does anyone know why I still see A? for emojis even though I updated my iPhone 7 Plus? I have the emojis on my phone but I can’t see other people’s emoji’s 🤔@AppleSupport,"@740339 We're here to help. This is a great question. The update fixes auto-correct on your iPhone, but it doesn't go back and fix published or sent messages."
2621124,740611,Fri Nov 17 13:18:54 +0000 2017,"No push on my watch (1st version, watchos 4.1) with my iPhone 6S Plus (iOS 11.0.3). Factory reset of my watch didn't solve that issue. @AppleSupport","@740611 We're happy you reached out about this issue between your iPhone and Apple Watch. At this time, we'd recommend to backup the device: https://t.co/tHicJHB57O Then look to update the iOS software.

Feel free to let us know if we can be of any further assistance. https://t.co/GDrqU22YpT"
2621133,740613,Mon Nov 20 07:53:39 +0000 2017,@AppleSupport After uodating to 11.1.2 The problem seems to be solved,@740613 That's great news.  Let us know if you need any further assistance.
2621152,740619,Fri Nov 17 12:45:33 +0000 2017,@115858 @AppleSupport why isn’t your support team replying to me?,@740619 Send us a DM by clicking on the link below. We'll continue there. https://t.co/GDrqU22YpT
2621157,527113,Fri Nov 17 13:38:00 +0000 2017,"@AppleSupport I’m tired of these updates that don’t work on older models because you lot decide to focus on your new products,Iv been talking to one of your team and they said that’s my phone fixed does it look fixed to you !!!!!! Sick to death of this shit https://t.co/rRE2yREvE2",@527113 We want to help. It looks like your iPhone is in Airplane mode which can restrict Wi-Fi and cellular usage. Please turn off Airplane Mode and try to use the internet again. Let us know if this helps.
2621180,740627,Fri Nov 17 17:27:28 +0000 2017,@AppleSupport thanks🙌🏽,"@740627 We're always happy to help! Feel free to reach out to us if we can be of any further assistance. Our office hours are 7 days a week, from 5AM - 8PM PDT. If you contact us after business hours, rest assured we'll respond the following day."
2621267,262982,Fri Nov 17 12:48:09 +0000 2017,"@AppleSupport iPhone 8 AirDrop problem! Tried every single method on the internet no joy! Turn old iPho 6 on instant connection! all setting exactly the same. Reset network connections, Logged out/in iCloud, reset all BT and wifi settings on iMac late 2013, and iPho on ios11.1.2","@262982 Let's take a look at this together and make sure that we get your AirDrop working properly again. Let us know via DM which macOS is currently on the iMac, then we can dig in to this together. https://t.co/GDrqU22YpT"
2622713,740956,Fri Nov 17 14:36:44 +0000 2017,Hi @AppleSupport how do I find photos with unknown faces in High Sierra Photos?,@740956 Great question. We'd like to get you over to our Photos support for any questions or concerns you have about the Photos application on your Mac. They'll be the best ones to help in regards to that. Just follow this link to get to them: https://t.co/IBIY3vMgPj
2622731,740959,Tue Nov 21 09:29:00 +0000 2017,"@AppleSupport Nope didn’t work, it just doesn’t recognize touch sometimes can’t scroll or type it’s not a hardware problem because before ios11 it was working perfectly",@740959 We'd like to look into this further with you. Please met us in DM and we'll continue there. https://t.co/GDrqU22YpT
2622734,740960,Fri Nov 17 17:02:19 +0000 2017,@AppleSupport iPhone X running 11.1.1,"@740960 Great, thank you. Now if you're still using that older software version, we'd first recommend getting the device up to date. Back up your data and then you can update in Settings &gt; General &gt; Software Update. Let us know if the issue still occurs afterwards."
2622743,740963,Fri Nov 17 14:23:46 +0000 2017,"@AppleSupport My iphone 6s got wet, now the screen keeps going on and off without being touched, and going white with the black apple logo. Any advice?",@740963 We're glad you reached out. Support options can vary by region. DM us your country of residence and we'll go over options. https://t.co/GDrqU22YpT
2624899,741478,Mon Oct 30 23:00:06 +0000 2017,@AppleSupport my device doesn’t seem to be holding charge like it used to. Don’t suppose you could run a diagnostic on it?,@741478 We'd like to take a look at this with you. May we ask which iPhone you have and the iOS version you're using?
2624908,484906,Mon Oct 30 22:43:15 +0000 2017,I am TIRED of this AUTO-BRIGHTNESS that I CAN’T TURN OFF APPLE ‼️@AppleSupport,@484906 We'd be more than happy to help. Please tell us which version of iOS you have installed on your device.
2624912,741482,Mon Oct 30 22:55:45 +0000 2017,"So many glitches.... this one truly grinds my gears 😑

@115858 
@AppleSupport https://t.co/tvH1dxusRa",@741482 We'd be happy to take a look into this for you. Please send us a DM to better assist you. https://t.co/GDrqU22YpT
2624914,741483,Mon Oct 30 22:46:20 +0000 2017,"Podcast playing, not showing up on home screen/control center. Can’t control volume when screens locked on an SE @AppleSupport. V annoying. https://t.co/Y4y56z1RIP",@741483 We'll be happy to look into this with you further. Go ahead and DM us your country/region here: https://t.co/GDrqU22YpT
2625998,741752,Mon Oct 30 23:37:33 +0000 2017,@AppleSupport help bros,@741752 We'd be happy to see how we can help. When did you first start hearing the fan noise?
2626002,389791,Mon Oct 30 23:43:07 +0000 2017,@AppleSupport Hey. When I️ type “I️” it thinks it’s an emoji. How do I️ fix? https://t.co/liIOJbns1q,@389791 Let's figure this out together. Is this happening in all apps? Please DM us. https://t.co/GDrqU22YpT
2626004,741754,Mon Oct 30 23:39:54 +0000 2017,Hey .@115858 .@applesupport - how about making things that just work. iOS 11 needs help. Can’t remember my home wifi password? Frozen email?,"@741754 We're here for you. Send us a DM of your current iOS version, and we'll continue there. https://t.co/GDrqU22YpT"
2626404,471385,Tue Oct 31 00:15:35 +0000 2017,@AppleSupport My battery didn’t last for even 10 hours today. I don’t think there’s a tip for that.,"@471385 When updating the iOS, some settings can revert to their default position. The tips can help improve the battery life."
2626438,741842,Mon Oct 30 23:58:26 +0000 2017,"@AppleSupport havin so many issues since updating iOS. Phone freezing, issues connecting to wifi, apps crashing, alarm sound not going off.",@741842 We want you to have a smooth experience with the update. Please send us a DM &amp; we'll take a look. https://t.co/GDrqU22YpT
2626673,741912,Tue Oct 31 00:13:26 +0000 2017,@AppleSupport Is this real? https://t.co/kaMTBccRoo,@741912 Thanks for reaching out. That is not an Apple email address. May be phishing. More info here: https://t.co/LNMCdqt6fD
2627725,742169,Fri Nov 17 15:37:23 +0000 2017,"@AppleSupport Hi, will iphone X with verizon or sprint carrier work in Kazakhstan?",@742169 We'd recommend contacting your cellular service provider as they would have the best information on service availability.
2627739,541307,Fri Nov 17 15:04:00 +0000 2017,"@AppleSupport I am trying to download a app from iTunes on my Mac, the results I see is from songs, movie's, podcasts etc. I see no results for apps.","@541307 We’d like to help. To start, can you tell us the iTunes version that is installed on your Mac? This can be found in iTunes &gt; About iTunes."
2627742,742173,Fri Nov 17 15:35:32 +0000 2017,@AppleSupport So my 6s Plus has been a literal brick for the past 12 hours  its stuck on the apple updating screen...,@742173 Let’s work together to get this addressed. Did you update via the Settings app or using iTunes on a computer? Let us know via a DM. We’ll keep moving forward from there. https://t.co/GDrqU22YpT
2627750,742176,Sun Nov 19 16:05:11 +0000 2017,@AppleSupport Yes I restarted it. I've done all I know to do but the screen is still not working.,@742176 What country or region are you currently located in? This will help us provide the best support options. Let us know via DM. https://t.co/GDrqU22YpT
2627770,742182,Fri Nov 17 15:23:09 +0000 2017,I️ I️ I️ hey @AppleSupport WTH?,@742182 Hey there. Let's get this fixed for you. Have you backed up your device and updated iOS to the latest version? https://t.co/80YRnjDFDk Let us know and we'll go from there.
2627803,742192,Fri Nov 17 14:42:07 +0000 2017,Thanks for crippling my perfectly working iPhone 6 with your latest update @AppleSupport. Ironic the next week provider offers me upgrade deals? #scammers,@742192 We’d like to help get this resolved. Can you start by letting us know more about the situation via DM? The more details you provide will help us determine where to get started. https://t.co/GDrqU22YpT
2627823,297747,Fri Nov 17 14:57:41 +0000 2017,@116333 @115858 @AppleSupport 11 weeks to replace a phone that was damaged by the courier in transit 11 WEEKS and still getting the run around never ever ever hats such bad customer service and no reply from the top team #disgusted #LostACustomer,@297747 We would love to look into this for you. Reach out to us in DM with more information about your issue. https://t.co/GDrqU22YpT
2628990,742491,Fri Nov 17 15:52:50 +0000 2017,@115858 @AppleSupport HOW is it that you do not know that the wifi button automatically turns on without even touching it??? https://t.co/4wXAl4FOsa,"@742491 We’re happy to take a closer look into this with you. To begin, which iOS version is installed on your device? Reach us in DM with the answer. https://t.co/GDrqU22YpT"
2630155,177012,Fri Nov 17 16:45:37 +0000 2017,@405270 @AppleSupport so confused... I’m on iOS 11... https://t.co/KMbFuRBzWD,@177012 That certainly is strange. Let's look into what's going on with Apple Music. DM us the country you're located in and we'll go from there. https://t.co/GDrqU22YpT
2630176,742757,Fri Nov 17 16:41:11 +0000 2017,Updated to iOS 11 and my phone battery has pretty much died in 10 minutes wow @AppleSupport,@742757 Hi. Having a reliable battery is important. Let us help. DM us and tell us the exact version of iOS you updated to. You can find that under Settings &gt; General &gt; About. https://t.co/GDrqU22YpT
2630193,742761,Fri Nov 17 14:29:20 +0000 2017,i lost the simcard tray rubber inside the iphone7...pls help how to buy that and i want to know if i use my phone inside the water did water goes inside the phone without the simcard tray rubber @2531 @AppleSupport #iphone7 #iphone7help @115858,@742761 We'd love to see about getting that replaced as it is vital to the water resistance of the iPhone; we would not recommend using it in or near water without that part. DM us which country you're in and we'll get started. https://t.co/GDrqU22YpT
2630198,742763,Fri Nov 17 16:27:26 +0000 2017,@AppleSupport A very harsh battery life on my iPhone .Please fix it with a software update https://t.co/XFiasD3IIb,@742763 Happy to look into this with you. What app seems to be using the most battery power here? Scroll up a bit to see. DM us and let us know. https://t.co/GDrqU22YpT
2630213,742767,Fri Nov 17 21:51:13 +0000 2017,@AppleSupport Thank you so much. I have the iPhone 7 and have been debating getting the iPhone X.,@742767 You're welcome. This page here has a cool comparison of the current iPhone models: https://t.co/oLi0y1y0xT  Feel free to reach out to us if you have any further questions. Have a wonderful day!
2630225,742772,Fri Nov 17 16:11:23 +0000 2017,@AppleSupport is there anyway to turn off very loud noise that bings if you accidentally hit the voice to text button to left of space bar? Even on silent makes noise and need to be able to send texts without that noise. Thx!,"@742772 We appreciate and welcome our customers feedback on features and changes you're interested in. To submit that feedback, use the following link:  https://t.co/eTPVYVFyd8"
2631499,743061,Fri Nov 17 17:20:30 +0000 2017,@743062 @AppleSupport @101553 J’ai eu la même avec l’app mail sur mon iPhone 7,@743061  We offer support via Twitter in English. Contact us for help in your preferred language here: https://t.co/IBIY3vMgPj
2631543,743077,Fri Nov 17 20:23:11 +0000 2017,"@AppleSupport Thanks for getting back to me, I’ll try that 👍","@743077 Sounds like a plan! Feel free to reach out to us if we can be of any further assistance. Our office hours are 7 days a week, from 5AM - 8PM PDT. If you contact us after business hours, rest assured we'll respond the following day. https://t.co/GDrqU22YpT"
2631618,743091,Fri Nov 17 16:52:05 +0000 2017,@AppleSupport trying to speak to Apple Store Bath to find out if my laptop is repaired but phone number disconnects - can you help?,@743091 We're here to help. Please meet us in DM and we'll take a look at this matter together. https://t.co/GDrqU22YpT
2633107,532976,Fri Nov 17 17:55:44 +0000 2017,Dear @AppleSupport now I can’t type I.T!!!  What are y’all doing over there???  #SteveJobs wouldn’t have had this much ish going on!!  🤬🤬,"@532976 Thank you for getting in touch with us. We want to help you. Please send us a DM and let us know which iOS version is installed. To find it, tap Settings &gt; General &gt; About and let us know what's next to Version. https://t.co/GDrqU22YpT"
2633110,743468,Fri Nov 17 17:59:24 +0000 2017,"@AppleSupport I am experiencing massive #Bluetooth issues with my #iPhoneX. Dropouts with Bluetooth headphones, even #AirPods, spotty connection to Apple Watch Series 3. Highly aggravating. 😔 Any hints what I could do?",@743468 We're here for you. Which version of the iOS are you running? You can check by tapping on Settings &gt; General &gt; About.
2633168,382173,Fri Nov 17 21:24:04 +0000 2017,@AppleSupport Noo,"@382173 Go ahead and DM us your country, and we'll look into further options there. https://t.co/GDrqU2kzhr"
2633176,743480,Fri Nov 17 17:39:43 +0000 2017,"@743481 @743482 Hey @115858 and @123765 @AppleSupport @TwitterSupport 

iPhones are screwing up the “i”  in twitter again. https://t.co/pZT4nDVbEX","@743480 We've got an update for iOS that can solve that issue for you. You can find this at Settings &gt; General &gt; About. If you aren't on iOS 11.1.2, backup with these steps here: https://t.co/4f8hwT5to6, then update your iPhone. If that still happens, let us know in DM. https://t.co/GDrqU22YpT"
2633197,743486,Fri Nov 17 17:34:04 +0000 2017,".@AppleSupport Here's one for you that's been bugging me for a while now, When using ""Preview"" to resize multiple images at the same time, how come the pop up box that appears ""Do you want to save the changes made to the document ""XXXXX""?"" doesn't give you a ""Use for all"" option?",@743486 This is a feature we'd love to get some feedback from you on. We've established an official feedback website where you can leave suggestions. Here's the link: https://t.co/eTPVYVFyd8
2633200,670790,Fri Nov 17 20:11:15 +0000 2017,@AppleSupport 11.1.2 and everytime I type the word ‘it’ autocorrect changes to I.T - I’ve tried everything ie reset keyboard nothing works,@670790 We'd like to help. Could you Direct Message us and let us know what device you're using? https://t.co/GDrqU22YpT
2633391,303128,Tue Oct 31 00:33:20 +0000 2017,@AppleSupport can u add more devices to homekit in control center or is it limited to 9 devices?,"@303128 Thanks for reaching out. HomeKit should allow you to connect to, and control, numerous devices. Are you having any trouble?"
2634972,743881,Fri Nov 17 20:27:45 +0000 2017,@AppleSupport iight so why mans phone dying at 100% life now?,@743881 We'd be happy to look into this with you. Send us a DM with some more details on what's going on. We'll help out from there. https://t.co/GDrqU22YpT
2636998,744293,Fri Nov 17 19:10:57 +0000 2017,@AppleSupport @115858 take it this isn't from yourself ? Just a scam ? https://t.co/ST2QMv4KOI,@744293 That's correct. This is a phishing email and not from Apple. You can find out more about identifying and reporting these types of emails from here: https://t.co/LNMCdqt6fD
2636998,744293,Fri Nov 17 19:10:57 +0000 2017,@AppleSupport @115858 take it this isn't from yourself ? Just a scam ? https://t.co/ST2QMv4KOI,@744293 That's correct. This is a phishing email and not from Apple. You can find out more about identifying and reporting these types of emails from here: https://t.co/LNMCdqt6fD
2637004,744296,Fri Nov 17 19:16:30 +0000 2017,"hi, If you dont have the ability and quality of developing ios so please don't do it!! None of my photos or videos that I took with last version are not loading clarity.  The phone crashes at least 2 times every day. This is unbearable @AppleSupport https://t.co/3uClpasA2L",@744296 We'd be glad to assist with this. Have you updated all the way to iOS 11.1.2? Are you using iCloud Photo Library?
2638507,744650,Fri Nov 17 21:45:25 +0000 2017,@AppleSupport I have an iPhone 5 running version 11.1.1,"@744650 The charger that you are using is that one that came with your iPhone, or one your purchased separately?"
2639685,744960,Fri Nov 17 20:19:30 +0000 2017,@AppleSupport my iphone keeps saying https://t.co/7AZmK8l28C is not responding but i am receiving emails?,@744960 Thanks for reaching out to us for assistance with mail on your iPhone. Please meet us in DM and we'll take a look into this with you. https://t.co/GDrqU22YpT
2639733,744973,Fri Nov 17 21:22:17 +0000 2017,@AppleSupport yes bro the newest one. it’s whack,@744973 We'll be happy to see how we can help with searching. Can you give us a little more detail about what you're seeing and what's not happening when you search?
2640978,745295,Fri Nov 17 21:22:20 +0000 2017,"hey @AppleSupport i have a 3rd party charging cable and my iPhone is like

charging
not charging
charging for 2 minutes
not charging for 1 minute
charging for half a second
not charging for half a second

it starts getting on my nerves🙄",@745295 Is that cable Made for iPhone? You can find more about that here: https://t.co/UL0668bIG2 Let us know in DM to continue. https://t.co/GDrqU22YpT
2640985,745297,Fri Nov 17 21:19:55 +0000 2017,@AppleSupport Any reason for no sound on text notifications on iPhone X?,@745297 Knowing when you've received a new message is important and we'd like to look into this with you. Please meet us in DM and we'll look things over there. https://t.co/GDrqU22YpT
2641003,745303,Fri Nov 17 20:56:36 +0000 2017,@AppleSupport what hours are the apple park visitor center open during weekends?,"@745303 Thanks for reaching out to us for support. We would love to help you. When you have a free moment, please DM us so that we can look into this together. https://t.co/GDrqU22YpT"
2641757,745492,Tue Oct 31 01:23:26 +0000 2017,@AppleSupport iOS 11.03,@745492  Thank you. We'd like to look into this further. Which device model are you using? Send us a DM. https://t.co/GDrqU22YpT
2642267,745606,Tue Oct 31 01:59:47 +0000 2017,"@AppleSupport 11.0.3, it’s happening on twitter, snapchat, FB and is also auto suggesting it in imessages.","@745606 Let’s have you tap Settings &gt; General &gt; Reset &gt; Reset Keyboard Dictionary. Then, restart your iPhone, and test it out."
2642816,745734,Tue Oct 31 01:54:18 +0000 2017,I have 16gb Iphone 6 Plus and all of a sudden its saying i can’t view my pictures... WHY @AppleSupport  😑,@745734  Let's have a closer look at this. Is this occurring in the Photos app? Feel free to DM. https://t.co/GDrqU22YpT
2646300,746619,Fri Nov 17 21:25:14 +0000 2017,"Hey @AppleSupport, which “Done” button should I select in a Mail calendar event invite? #rightdone or #leftdone? @316189 @746620 #iOS11 https://t.co/vfZeX9309l",@746619 We’d like to help with this. Can you start by confirming what app this was set up in? We’ll use all the details you share to determine where to get started. Let us know in DM please. https://t.co/GDrqU22YpT
2646306,746623,Fri Nov 17 21:23:20 +0000 2017,@AppleSupport why is my iPhone X not updating apps automatically? https://t.co/BzGLB5BvxY,@746623 Congratulations on the new iPhone! Let's work together to get to the bottom of this. Do you have any iOS updates available for your iPhone?
2647118,746844,Sun Nov 26 22:51:20 +0000 2017,"@AppleSupport i’ve already done all of these, my battery used to be fine and now i have to charge my phone multiple times a day, how do i see my battteries health?",@746844 Thanks for giving those tips a try. Let's dig into this further over DM. Please message us there: https://t.co/GDrqU22YpT
2647172,746858,Sun Nov 26 21:40:58 +0000 2017,@115858 this ios11 update is eating up battery with out me even being on my phone can we get some bug fix update or some @AppleSupport,@746858 Having a dependable charge is important and we'd like to help. Please DM us the iOS 11 version you currently have installed and how long it's been since updating your device. https://t.co/GDrqU22YpT
2647366,746917,Fri Nov 17 21:42:10 +0000 2017,@AppleSupport why the hell is my screen automatically changing my brightness? As I was typing this it went from what I wanted to dark brightness to full brightness,"@746917 We'll be happy to help with your screen's brightness. What device are we working with? If an iOS 11 device, go to Settings &gt; General &gt; Accessibility &gt; Display Accommodations to turn auto-brightness off. See: https://t.co/bkqEVCrK2l"
2652510,748071,Sun Nov 19 02:47:05 +0000 2017,@AppleSupport iOS 10,"@748071 Okay, thanks. We'd like to look into our next steps. First, to keep your data safe, we'd like to be sure you have a backup. Have you backed up recently?"
2652544,748080,Sun Nov 19 02:37:44 +0000 2017,"Why does Apple Care+ not cover lost/stolen iPhones 😭 @115858 @AppleSupport help a girl out, I only had the phone for a week 😭","@748080 That's never an experience we want you to deal with. We do have some articles to assist with what to do next. 
If your iPhone is lost or stolen: https://t.co/fUoKdx4Yut
Report a lost or stolen Apple product: https://t.co/AjbjGDx1Uq"
2652555,748082,Sun Nov 19 03:11:44 +0000 2017,@AppleSupport  yo every time I type hello it changes to “ get to”,@748082 We can check into this. What device does this occur with? What is the current OS version? Meet us in DM with your response. https://t.co/GDrqU22YpT
2652586,747421,Sat Nov 18 17:07:11 +0000 2017,@AppleSupport @115858 I thought we were virus free!?! I keep having the pop up on me https://t.co/qEQMl29747,@747421 We appreciate you reaching out to us on this issue. We'll be glad to help you get to the bottom of this issue. Which app are you experiencing these issues with?
2652596,669657,Sun Nov 19 21:01:37 +0000 2017,"@AppleSupport Yes. I know how to do it but it isn’t working, as you can see from screenshot",@669657 Let's have our iTunes Support team take a look at this. Use this link to contact them: https://t.co/SDIe7UiyJN
2652606,748089,Sun Nov 19 02:34:56 +0000 2017,I’m also tryna figure out how numbers I had blocked are texting me. @AppleSupport wyd?,"@748089 Thanks for reaching out! Just to confirm, if you follow the steps listed in this article under ""Manage your blocked phone numbers and contacts"", do the contacts you previously blocked show up here: https://t.co/rYxZGDk3Lz"
2652625,617850,Sun Nov 19 01:43:25 +0000 2017,@AppleSupport can I make a repair reservation for my MacBook online?,"@617850 Yeah, you can do that. We'll be happy to help as best we can as well. What's going on with your MacBook?"
2652629,748093,Sun Nov 19 02:15:56 +0000 2017,@AppleSupport  https://t.co/NVwlc6ftjB,@748093 Thank you. Have you tried restarting your device?
2652635,212133,Sun Nov 19 01:18:47 +0000 2017,"@AppleSupport 2. Now when I go to setting - software update, there is a badge with a 1, but if I click on it, it says that my iPhone X is up to date 11.1.1, I know is not. Tried updating w/ iTunes but I get error 9006, so what can I do? Thanks","@212133 You've completed some great steps. With the error code 9006 you received in iTunes, we recommend the steps here: https://t.co/TNu8mFUITE Keep us posted on the results or let us know if you have any questions about the steps."
2652638,268751,Sun Nov 19 09:25:10 +0000 2017,@AppleSupport That fixed it. Thanks a lot.,@268751 You're quite welcome! Have a great day.
2652674,748101,Sun Nov 19 01:59:28 +0000 2017,@AppleSupport Hi folks. I cant install a app that I have bought. https://t.co/sY9ucPpdwP,@748101 We're happy to assist. Which iOS version are you currently running? Go to Settings &gt; General &gt; About for the version.  What happens when you attempt to install the App?
2665327,497647,Sun Nov 05 23:58:50 +0000 2017,"@115858 @AppleSupport Y’all make to much money to pretend y’all dont see this  “I️” , fix this annoying shit",@497647 Here’s what you can do to work around the issue until it’s fixed in a future software update: https://t.co/xXaXeeSRt9
2665367,750964,Thu Nov 02 15:54:48 +0000 2017,@AppleSupport y’all need to fix this .... NOW !! https://t.co/mOOcxrccUS,"@750964 We'd like to learn more. Tell us when this behavior first began, and what device you're seeing it on in DM. https://t.co/GDrqU22YpT"
2667180,213902,Sat Nov 18 19:57:04 +0000 2017,@AppleSupport WiFi one by one,@213902 Got it. Have you tried restarting your device?
2674165,364748,Tue Oct 31 13:43:09 +0000 2017,"@AppleSupport Here’s a little. Phone is very slow, freezes. Taps randomly don’t work. Phone shuts itself down, battery life is terrible. Etc etc. https://t.co/kDNcjkgYXO",@364748 We'd like to look into this with you. Let's meet in DM. https://t.co/GDrqU22YpT
2674181,752818,Tue Oct 31 04:20:55 +0000 2017,"@AppleSupport awesome job on new IOS, love the relentless nag screen to update an app I don’t have &amp; the 5 hrs less batt life is handy too",@752818 We can help with the iPhone issues you're experiencing. Meet us in DM to work on this together. https://t.co/GDrqU22YpT
2674189,752822,Tue Oct 31 04:29:07 +0000 2017,"Hey @AppleSupport, the simple act of unlocking my #iPhone has become a chore since iOS “upgrade.” Not cool.",@752822 We're here to help. Tell us more in DM. https://t.co/GDrqU22YpT
2674193,752824,Tue Oct 31 03:49:49 +0000 2017,WHY @AppleSupport https://t.co/LJWeCyBAna,@752824 We've received your DM as well and you can expect a response there shortly.
2675067,753015,Tue Oct 31 05:19:02 +0000 2017,iPhone 6 battery lasts 20 hours on iOS 11 vs at least 20 hours on iOS 10. @AppleSupport how come?,@753015 Let's find out. Could you Direct Message us and let us know what country you're located in? https://t.co/GDrqU22YpT
2675080,753021,Tue Oct 31 04:34:50 +0000 2017,@AppleSupport device switches off and on by its self when it's on the Bluetooth automatically switches on by itself . What's causing this?,@753021 We can assist you. Please DM us your device model and we will help you further from there. https://t.co/GDrqU22YpT
2675359,753066,Tue Oct 31 07:18:18 +0000 2017,stuck at Update Requested for 16hours now Why? My net may not exactly be excellent but it's pretty fast &amp; i have 256gb iphone @AppleSupport,@753066 We'd love to help. Are you using iTunes or Wi-Fi to complete the software update?
2675372,753069,Tue Oct 31 06:49:30 +0000 2017,@AppleSupport My iPhone SE battery has gone from 77% to 13% while locked overnight... please hurry up and fix iOS 11.. it’s a joke presently...,@753069 We can actually help address this issue with you from here. Are you running the most current iOS 11.0.3?
2675429,753084,Tue Oct 31 16:11:05 +0000 2017,@AppleSupport ... i subscribe to. i’ve switched to Overcast!,"@753084 Got it. We appreciate your feedback about the app changes, and welcome it here: https://t.co/eTPVYVFyd8"
2675429,753084,Tue Oct 31 16:11:05 +0000 2017,@AppleSupport ... i subscribe to. i’ve switched to Overcast!,"@753084 Got it. We appreciate your feedback about the app changes, and welcome it here: https://t.co/eTPVYVFyd8"
2675732,753148,Tue Oct 31 08:52:39 +0000 2017,Salve @AppleSupport! Ho diment用いただくには、,@753148 We offer support via Twitter in English. Contact us for help in your preferred language here: https://t.co/IBIY3vMgPj
2675732,753148,Tue Oct 31 08:52:39 +0000 2017,Salve @AppleSupport! Ho dimenticato le domande segrete e non riesco a cambiarle. Cosa posso fare? Grazie!,@753148 We offer support via Twitter in English. Contact us for help in your preferred language here: https://t.co/IBIY3vMgPj
2675743,753151,Tue Oct 31 06:53:09 +0000 2017,@AppleSupport Please can I have some help with Apple Pay? The bank says my card should be activated but it’s not?,@753151 Are these the steps you are following: https://t.co/f17KGGpR0A?
2676017,753213,Tue Oct 31 10:46:10 +0000 2017,"@AppleSupport if I pre-order an iPhone X at full price $999 of T-mobile,would it be fac unlocked? Will be using iphone in an Asian country.",@753213 Let's get you in touch with an Apple Online Store Advisor for further assistance at:  https://t.co/8yjRd1Xo0i
2676043,753220,Tue Oct 31 12:30:03 +0000 2017,@AppleSupport Video problem Wi-Fi still stuck https://t.co/PPLiB03Yqn,@753220 We'd like to know more about what's happening with Wi-Fi on your iPhone. DM us the details to continue. https://t.co/GDrqU22YpT
2676528,423277,Tue Oct 31 12:08:47 +0000 2017,@AppleSupport it’s happening here now. “Uh yeah I️ know”,"@423277 Hello, and thanks for reaching out. We've received your DM, and we'll continue to work with you there."
2676864,405403,Tue Oct 31 13:34:56 +0000 2017,@AppleSupport how long does it take for u ups to refund paypal from canceled order,"@405403 For best assistance with any orders, please reach out to our advisors here: https://t.co/8yjRd1Xo0i"
2676883,220981,Tue Oct 31 12:43:53 +0000 2017,"@115858 @AppleSupport - b/c ‘News App’ doesn’t update in bckgrd , guess what NYC straphangers see if sans signal (ie most times)??

-&gt; #HINT https://t.co/XmCgy5m4aL",@220981 Having News updates on your commute is ideal. Let's meet in DM to continue. https://t.co/GDrqU22YpT
2677446,753519,Tue Oct 31 13:35:04 +0000 2017,@AppleSupport No response from you! I have sent you several direct messages to you and nothing! Reply to my messages!!!,"@753519 Thank you for your patience. Rest assured, we've received your DM messages and will respond from there."
2677923,753617,Tue Oct 31 14:09:09 +0000 2017,@AppleSupport i want to set up an appointment at the Philadelphia genius bar.  how can i do that?,@753617 We love to help with any issue you're experiencing. What's going on? Reservations can be made here: https://t.co/ugGWwe3u7S
2679313,313635,Tue Oct 31 19:35:37 +0000 2017,"@AppleSupport It only plays the default tone. Like I said, it won’t play what it’s set to play. 😡","@313635 Got it. Which iOS version is your iPhone running? Let us know in DM, and we'll continue from there. https://t.co/GDrqU22YpT"
2679764,753990,Tue Oct 31 15:22:32 +0000 2017,"Irrelevant glitch or scary failure of Find My Mac? Why do I see a stranger’s computer in my account, @AppleSupport? https://t.co/dEfPsvISYv",@753990 We can assist you. Please DM us via the following link and we'll help you from there. https://t.co/GDrqU22YpT
2679894,754014,Sun Nov 19 16:35:14 +0000 2017,"@AppleSupport Ok I get that, but my question was why does FaceID not work instead like TouchID did? I don’t want to have to keep typing my password whenever my children request an app","@754014 We understand where you're coming from. The best way to have your voice heard about features and requests is to leave that on our feedback page: https://t.co/eTPVYVFyd8 We may not reach out to you in reference to your feedback, but requests are looked into."
2679907,754017,Sun Nov 19 10:10:18 +0000 2017,"Is there any issue with iTunes Server?! After factory reset i am getting this error on my iPad. ""activation information was invalid"". Trying to activate it since 1 day no luck!  :( @AppleSupport https://t.co/XJJa2zBS9C","@754017 We know how important it is to have your iPad activated. Let’s look into this further together. Send us a DM telling us which country you’re located in, and the version of Windows your PC is running. https://t.co/GDrqU22YpT"
2679927,754019,Sun Nov 19 09:57:02 +0000 2017,@AppleSupport new update on iPad but the screen goes from being super unresponsive to overly responsive when you touch it. Weird!,"@754019 Let's work together to figure out what's going on. To clarify, are you referring to 11.1.2 when you say ""new update""? Also, are you having issues with false touch now or it doing things you're not intending when touching the display?"
2680001,470479,Sun Nov 19 10:14:47 +0000 2017,@AppleSupport Hi! This might sound silly but I recently got a MacBook charger replacement and somehow the new one is a bit frayed and sparked. Is there anything apple can do? I know it’s not exactly their fault for the warranty.,@470479 We'd like to help! Send us a DM with the country that you are located in to continue. https://t.co/GDrqU22YpT
2680129,754064,Sun Nov 19 09:34:17 +0000 2017,"@AppleSupport can you please fix the hanging issue , i am having the horrible time with my iphone 7+","@754064 We'd love to help. Do you know what version of the iOS is on the device?  If not, you can check under Settings &gt; General &gt; About &gt; Version. 

Are you seeing this issue with any specific apps or usage?  Do you do anything to restore function?"
2680287,267017,Sun Nov 19 08:15:38 +0000 2017,"@AppleSupport It would be really handy to be able to add a calculator to the control centre on iPad, as it is with iPhone. Thanks",@267017 We'd like to help! Check out this article for guidance: https://t.co/vodH4madjc
2681388,448800,Tue Oct 31 15:50:40 +0000 2017,@AppleSupport so you guys are just going to ignore me once you've asked me to DM you?,@448800 We appreciate you reaching back out!  We've received your DM and will continue with you there. https://t.co/GDrqU22YpT
2682270,584425,Tue Oct 31 16:12:18 +0000 2017,@AppleSupport I’m fucking over this @AppleSupport,@584425 We're happy to help out. Let's go to Settings &gt; General &gt; Reset &gt; Reset Keyboard Dictionary. Give this a try to see if it helps.
2682284,754541,Tue Oct 31 16:13:58 +0000 2017,MY IPHONE IS FUCKED OI @AppleSupport SORT OUT YOUR UPDATE,"@754541 We'd like to help. DM us some details about the issues you are experiencing, and we can work together. https://t.co/GDrqU22YpT"
2683420,754778,Sun Nov 26 22:23:54 +0000 2017,Uh my laptop is updating and is doing this??? HElp? @AppleSupport @115858 https://t.co/dNZ7wF2vC9,"@754778 Thanks for reaching out. We're hapy to assist. 

How long has the Macbook been updating for? Also, did it go directly to that screen or did it give an Apple and/or a timer before?"
2683443,754785,Sun Nov 26 22:21:44 +0000 2017,"@AppleSupport It just started today around 4pm, I have the SE and it’s running iOS 11.1.2",@754785 Thanks for letting us know. Please send us a DM with the current country you're in. https://t.co/GDrqU22YpT
2683666,672296,Sun Nov 19 11:28:12 +0000 2017,"Hey @AppleSupport how do i disable drag and drop features. I will never use it, it always starts when i rest my finger on something on the screen. I HATE THAT.",@672296 We have the information you need on multitasking here. https://t.co/WTnoQ22YPG
2683681,115863,Sun Nov 19 11:14:08 +0000 2017,@AppleSupport if this watch face shows location why doesn’t it change when I’m in another country? https://t.co/RUPPD6IfbW,"@115863 We're here to help! Send us a DM, and we'll take a closer look at your Apple Watch together. https://t.co/GDrqU22YpT"
2683824,754856,Sun Nov 19 12:40:29 +0000 2017,@AppleSupport I need your help!!,@754856 We are here to help whenever possible. DM the specific issue you are having with your Apple device to get started. https://t.co/GDrqU22YpT
2683888,754874,Sun Nov 19 11:29:51 +0000 2017,"@AppleSupport 

My phone keeps logging out by itself from apps ( WhatsApp , Instagram ,,, )

What could i do ?","@754874 We'll be happy to work with you to figure out what's happening. Could you confirm what type of iPhone you're using, along with which version of iOS is currently installed? Send over the answers via DM. https://t.co/GDrqU22YpT"
2683916,754882,Sun Nov 19 11:25:25 +0000 2017,"@AppleSupport Hey there, I recently upgraded to a new iPhone and migrated my data through an itunes backup. Since that the icloud fotolibrary wants to upload my fotos and wont finish the job. (The fotos are already in icloud fotolibrary) Help?","@754882 Thanks for reaching out. For help with your iCloud Photo Library, contact our Photos app specialists via telephone here: https://t.co/IBIY3vMgPj"
2683955,506430,Sun Nov 19 10:27:30 +0000 2017,"@AppleSupport Like I need help with this NOW ... Like this is really ridiculous that I just got this phone TWO weeks, perhaps less, and am having THIS MANY PROBLEMS!",@506430 We're available on Twitter between 5AM and 8 PM Pacific time. Is the iPhone X still not coming on? Have you tried a forced restart as outlined here? https://t.co/o7nB3pXfMv
2685395,755225,Tue Oct 31 16:49:39 +0000 2017,Hello @AppleSupport how do I get rid of this grey bar across my screen? Randomly appeared from nowhere. https://t.co/m5C1pC9QiH,@755225 We're here to help in any way we can. Have you tried restarting the iPad yet?
2686072,123500,Tue Oct 31 17:02:46 +0000 2017,"@AppleSupport Hi! #TimeMachine doesn't work on #HighSierra . Any ideas, please? No one on the support communities knows what to do.",@123500 We want to check this out. Send us a DM and we will go from there. https://t.co/GDrqU22YpT
2686628,755504,Sun Nov 19 13:56:53 +0000 2017,@AppleSupport Iphone 7 it is.,@755504 Thank you for that information.  Do you have any available updates for apps in the App Store?  DM us back. https://t.co/GDrqU22YpT
2686635,755505,Sun Nov 19 05:33:42 +0000 2017,"Meu celular reinicia sozinho e a tela trava constantemente, não consigo atualizar o iOS e agora minha app store ta bloqueada??? @AppleSupport","@755505 Since our Twitter support is available in English, get help at https://t.co/IBIY3vMgPj or join https://t.co/pvaOFfPbjt"
2686692,518815,Sun Nov 19 04:59:12 +0000 2017,@AppleSupport How do I recover contacts? Restarted my phone and now they're just gone,@518815 Thanks for reaching out. DM us which iPhone and specific iOS version you are using to get started. https://t.co/GDrqU22YpT
2686797,755538,Tue Oct 31 17:32:26 +0000 2017,So my phone tweaking make my letters turn into question marks and hashtags tf going on @115858  @AppleSupport ?,@755538 Thanks for reaching out. DM which iPhone and specific iOS version you are using currently to get started. https://t.co/GDrqU22YpT
2686845,755547,Tue Oct 31 19:03:12 +0000 2017,@AppleSupport Yeah couple of times. Not working :(,@755547 We'd recommend trying to boot into Safe Mode.  You can do that by following the steps here: https://t.co/PQ4LSYhUTY
2687746,396317,Tue Oct 31 17:25:05 +0000 2017,Has anyone found a solution to prevent “tiny print” from apple pages after @AppleSupport ios11 update please?,@396317 We'd like to help get you in touch with the right group for Pages here: https://t.co/IBIY3vMgPj
2688150,755846,Sun Nov 19 06:24:07 +0000 2017,.@AppleSupport FYI it's 2017 and I think I should be able to FaceTime audio you guys from my iPad when my phone is stolen. Also your app merely sends you in circles instead of solving any problems,@755846 We'd like to help. Can you DM us the issue you are experiencing? What is the current iOS of the device? https://t.co/GDrqU22YpT
2688162,685761,Sun Nov 19 06:08:55 +0000 2017,"@AppleSupport Why does this notification pop up when I try to download an update? You can see that I'm clearly still connected to the internet. Additionally, why is the only update that pops up 10.3.3? https://t.co/avEezkPvca",@685761 We'd love to help lend a hand! Let's start with the steps here: https://t.co/Ui1yTnOCUz Still not able to complete the update? Try backing up and using iTunes on a computer instead. Let us know how it goes via DM: https://t.co/GDrqU22YpT
2688164,755851,Tue Nov 28 13:40:42 +0000 2017,"@AppleSupport Did that. Still issues. Eg. this morning 38 mins of normal Safari use (no video, etc) and battery is down 27%.","@755851 Next let's try following this article for maximizing battery performance: https://t.co/TpjqFp3jxD

Let us know if you see any improvements after these steps."
2688176,755854,Sun Nov 19 07:11:18 +0000 2017,@AppleSupport help me with my iPhone 8,@755854 We’d like to see how we can help. Can you DM us some more details about the issue you're having? https://t.co/GDrqU22YpT
2688187,755856,Sun Nov 19 06:42:59 +0000 2017,@AppleSupport Is it safe to always use my MacBook 61W adapter to charge iPhone X or might it reduce my battery lifetime over time?,@755856 Hello! It's perfectly fine to use that power adapter to fast charge your iPhone X. You can learn more about this here: https://t.co/M0KamLrtwG
2688602,755946,Sun Nov 19 14:20:00 +0000 2017,@AppleSupport I use the SE and iOS 11 is running,@755946 What version of iOS 11 are you running? That can be found in Settings &gt; General &gt; About.
2689407,291821,Sun Nov 19 17:44:12 +0000 2017,@AppleSupport Im not up to date with the ios’ but it’s aight now couple of reboots and my photos and videos gradually came back,@291821 Send us a DM if you are still having any issues and we can take a closer look into this with you. https://t.co/GDrqU22YpT
2689407,291821,Sun Nov 19 17:44:12 +0000 2017,@AppleSupport Im not up to date with the ios’ but it’s aight now couple of reboots and my photos and videos gradually came back,@291821 Send us a DM if you are still having any issues and we can take a closer look into this with you. https://t.co/GDrqU22YpT
2689411,748077,Sun Nov 19 14:14:13 +0000 2017,I️ would like @115858 @AppleSupport to reach out do I️ could get this crazy bug fixed in an update am I️ the only one?,"@748077 We recently released an iOS update, that contains a fix for autocorrect issues. Let’s be sure to back up your device prior to updating. Follow the steps here: https://t.co/80YRnjDFDk"
2689416,756120,Sun Nov 19 13:58:20 +0000 2017,@AppleSupport tried to connect my Bluetooth headphones and got this pop-up https://t.co/hgLA5s60hi,"@756120 This is actually expected behavior when you disconnect from Bluetooth accessories from the Control Center. If you want to completely disable Wi-Fi and Bluetooth for all networks and devices, learn how with this link here: https://t.co/G7BHuQnDS6"
2689424,756123,Sun Nov 19 14:00:13 +0000 2017,@AppleSupport are you aware of this issue with the @115858 watch series 2 @18941 https://t.co/lNwAoIfrjk,@756123 We know how fun it is to record workouts with the Apple Watch. We'll be happy to work with you to get things working properly again. Does the same thing happen when trying to use other workout options like an outdoor run? What version of watchOS are you running?
2689453,756132,Sun Nov 19 13:45:53 +0000 2017,Okay @115858 @AppleSupport y’all mofos had a long ass time to fix this I shit,"@756132 An update has been released to assist with this issue. If you haven’t yet, please back up your device and update it to iOS 11.1.2. For more info, check out: https://t.co/4f8hwT5to6"
2690751,728690,Sun Nov 19 15:41:40 +0000 2017,.@AppleSupport MacBook aufgeklappt und seitdem geht nichts mehr :( https://t.co/wCx1PmawFH,@728690 We offer support via Twitter in English. Contact us for help in your preferred language here: https://t.co/IBIY3vMgPj
2690753,756438,Sun Nov 19 19:38:26 +0000 2017,"@AppleSupport Tried all possible methods but none of them work, NOTHING. After latest update the screen went grey and then black. The only sign of life is the sound when plugging in to a pc.",@756438 Send us a DM with the country that you're located in to continue. https://t.co/GDrqU22YpT
2690753,756438,Sun Nov 19 19:38:26 +0000 2017,"@AppleSupport Tried all possible methods but none of them work, NOTHING. After latest update the screen went grey and then black. The only sign of life is the sound when plugging in to a pc.",@756438 Send us a DM with the country that you're located in to continue. https://t.co/GDrqU22YpT
2690770,756444,Sun Nov 19 16:28:41 +0000 2017,"@AppleSupport How can I know the iOS version while the iPhone is shut down !!. However, the iOS version is 11.1.1 and the phone is iPhone 6s.",@756444 Is your iPhone on now or still shut down? DM us and we'll get started. https://t.co/GDrqU22YpT
2690790,756451,Sun Nov 19 15:18:16 +0000 2017,@AppleSupport being run in circles because i can’t get the same person twice in the phone so i have to tell every person i talk to my problem over and over again doing the same things i have already been told to try,@756451 We'd be happy to look into your situation. We know how important it is to find resolution to any issue you may be experiencing. Can you DM us what's happneing exactly? https://t.co/GDrqU22YpT
2690809,756456,Sun Nov 19 15:21:40 +0000 2017,Jesus fucking christ @AppleSupport stop making phones and fix your fucking updates. Can hardly use my phone anymore. Moneygrabbing thieves. 600$ for this shit.,"@756456 Hey there. What's going on with your iPhone? Please send us a DM with details, we'd like to help get it working as it should. https://t.co/GDrqU22YpT"
2690821,756459,Sun Nov 19 15:26:56 +0000 2017,@115948 @AppleSupport hello please i'm begging you... i have a family to feed,@756459 We'd be happy to help. What happens when you try to get Apple Music on iCloud Music Library?
2691894,756703,Sun Nov 19 16:37:18 +0000 2017,@AppleSupport I️ am on 11.0.3. I️ was just pushed an update for 11.1.2. This happens primarily on social media apps. The error doesn’t appear until after publishing.,@756703 Got it. We definitely want to make sure we can address this behavior. Could you DM us and we can continue from there? https://t.co/GDrqU22YpT
2692805,756907,Sun Nov 19 16:41:49 +0000 2017,@115858 @AppleSupport You need to stop making our phones kill themselves whenever theres a new IPhone out. I just my IPhone 6s in march and it was working perfectly until the iphone X came out. It started doing some shi* that it has never done before.,"@756907 We'd be happy to take a look!  To start, can you tell us more about the behavior you're experiencing?  Also, what iOS version are you currently on?"
2692810,756909,Sun Nov 19 16:30:11 +0000 2017,@AppleSupport why would the home button and touch id suddenly stop working?,@756909 We'd like to help! Send us a DM with the country that you are located in to continue. https://t.co/GDrqU22YpT
2692812,756910,Sun Nov 19 16:38:57 +0000 2017,"@AppleSupport Updated iPhone 6 from iOS 8 to 11 at an Apple Store, after my phone was shutting down at 80%. New iOS, hasn’t helped much and finds that the battery may need to be serviced. How do I know my battery isn’t defective, especially since it will only charge through wall?",@756910 We're glad to look into this with you and help sort out any battery issues you're experiencing. Please DM us to proceed from here. https://t.co/GDrqU22YpT
2693953,757152,Sun Nov 19 17:03:34 +0000 2017,"@AppleSupport @116333 Tim, I wrote you an email Through Apple about MacBook Pro I’ve bought but not gotten. I don’t expect this to help but no one at Apple has helped either. The more I call Apple the more frustrating it becomes. #NoCustomerService","@757152 While we're not able to help with a sales inquiry directly, we might be able to point you in the right direction. Meet us in DM and we'll take a look: https://t.co/GDrqU22YpT"
2695053,740978,Sun Nov 19 18:15:47 +0000 2017,@AppleSupport I've gone over those sertings and many more!!!,@740978 Thanks for confirming. DM us using the following link and we'll gather some details on your device and work with you there. https://t.co/GDrqU22YpT
2695075,757383,Sun Nov 19 17:27:59 +0000 2017,"@AppleSupport My computer (OS Sierra) has been stuck for weeks updating 11 pictures. I’m on iCloud Photo Library and all the new stuff seems to share, but those 11 are only visible on my computer...? 🤷🏻‍♀️","@757383 For the best assistance with Photos, and your iCloud Photo Library, please reach out to our Advisors here:  https://t.co/IBIY3vMgPj"
2695086,757386,Sun Nov 19 17:16:11 +0000 2017,@115858 @AppleSupport Well I tried to use your calling service and after 30 minutes of waiting I was hung up on twice. What the hell?,@757386 We want to help. Join us in DM and we'll see what we might be able to do for you: https://t.co/GDrqU22YpT
2696014,757601,Sun Nov 19 19:14:41 +0000 2017,@AppleSupport 7Plus with 11.1.1 I hit update next to the apps that need updating and it stays like this. Tried with and without WiFi and nada. https://t.co/1XlYM3a7Zh,@757601 We'd like to help! Does this only occur when using cellular data? DM us here: https://t.co/GDrqU22YpT
2696076,757616,Sun Nov 19 18:06:28 +0000 2017,Is anyone else’s iPhone doing that dumb shit whenever I am playing music and get a notification the music turns all the way off!! @AppleSupport https://t.co/l5sMLBqvuG,@757616 We'd like to help. DM us the iOS version you're using. https://t.co/GDrqU22YpT
2696082,757618,Sun Nov 19 18:09:53 +0000 2017,"#maple store Khar Mumbai, India disappoints me. @AppleSupport why do i hve to pay for an insurance i don’t want that was sold as mandatory and as apple care but turns out it’s not Apple care at all. #Apple #AppleNews #AppleStore #appleindia",@757618 We'd like to look into this with you. Where was the iPhone purchase?
2697220,377534,Sun Nov 19 19:10:21 +0000 2017,@AppleSupport I just updated my iPhone 6 and it’s going slower now 😭 like when I type it freezes and has to catch up. Maybe I’m too fast? I didn’t have this problem before 😑,@377534 We'd be happy to help. Send us a DM and we can start there. https://t.co/GDrqU22YpT
2697248,757905,Sun Nov 19 19:05:12 +0000 2017,@AppleSupport Sorry I meant mounting* not mountain. I wish I could type this on my computer but then again I can't access it.,"@757905 We understand how important the files on your computer are. We want to make sure we do everything we can to help out. Meet us over in DM, and we’ll continue working with you there. https://t.co/GDrqU22YpT"
2697279,757911,Sun Nov 19 18:45:40 +0000 2017,Love it when your laptops broken but the Apple Store can't get you in for a week😩😠 @AppleSupport,@757911 We're here to help. DM letting us know what issue you're experiencing with your Mac. We'll continue there. https://t.co/GDrqU22YpT
2697736,758015,Tue Oct 31 17:57:26 +0000 2017,@AppleSupport  fix it pls. 🗣 https://t.co/cJWrDW3e1P,@758015 Thanks for reaching out. DM which iPhone and specific iOS version you are using to get started. https://t.co/GDrqU22YpT
2698043,758084,Sun Nov 19 19:32:17 +0000 2017,"@AppleSupport Could you please throw some light .. I have almost 4 GB space but still it is showing iPhone storage full. Why? I won’t be able to take any photo etc . It is so annoying, in a month there are 2 iOS software updates which makes  phone slow  . https://t.co/KO0hoLJ7TP",@758084 We can help! Is there anything in particular that's slower than usual since the update? Reply in DM to get started. https://t.co/GDrqU22YpT
2698054,758087,Sun Nov 19 19:19:34 +0000 2017,@AppleSupport what’s the correct way to file a report about this (persistent) bug in MacOS? https://t.co/aeBZdk2vMW,"@758087 We'd love to help with any issue you're experiencing. Please let us know exactly what's occurring in the Bluetooth drop-down menu. Are you referring to the blank space? To ensure we're on the same page, which version of macOS are you using?"
2699008,758293,Sun Nov 19 20:21:36 +0000 2017,"@AppleSupport  everytime i hook my ipod to my computer it installs an update. This happens at least once a week
 Why??",@758293 Let's look into this for you. What type of update is being installed? Let us know in DM. https://t.co/GDrqU22YpT
2699038,758300,Sun Nov 19 19:52:26 +0000 2017,"Hey @116333, I think there is a bug on the @118936. When I tap in “Copy link” and then paste the text, there is a space missing between the name of the App and the URL. This makes it impossible to click when sharing. @AppleSupport @138069 @639783 https://t.co/au1jb8N9Jh","@758300 Let's take a closer look together. Which device model do you have and what's the exact iOS version number installed on it?

Tried a restart? Here's a link with those steps: https://t.co/OWRDHWSt4h

Please keep us posted on both details in DM here: https://t.co/GDrqU22YpT"
2700758,758683,Sun Nov 19 20:11:00 +0000 2017,@AppleSupport Thanks for the quick response: among other issues the general performance of phone has slowed down a lot and it takes a long time for phone to react to commands. Slow keyboard with words appearing way long after you’ve typed them in. It’s taking much longer for... (1/2),"@758683 We can certainly understand where you'd be concerned, and we want to help you figure out what's going on. Please DM us so we can gather further details. https://t.co/GDrqU22YpT"
2700919,758713,Sun Nov 19 20:19:25 +0000 2017,@AppleSupport Hi. My PC won’t recognise my phone and I can’t get my holiday photos off it. I’m out of space so desperate to empty the phone,"@758713 We'd be happy to see how we can help get your iPhone connected. When you're connecting to your computer, is your iPhone prompting you to Trust or Don't Trust the computer?"
2700982,585414,Sun Nov 19 20:33:47 +0000 2017,@AppleSupport @38453 help pls c,@585414 Hello! Thank you for contacting us for support. We'd like to help out. Let's get you in the right direction for support. Please contact our iTunes Team here: https://t.co/SDIe7UiyJN
2700993,758727,Sun Nov 19 20:36:09 +0000 2017,@AppleSupport 11.1.2,@758727 What country are you located in?  DM us back. https://t.co/GDrqU2kzhr
2702091,122191,Sun Nov 19 21:19:44 +0000 2017,@AppleSupport Currently running 11.1.2 software. It’s all apps &amp; even trying to load up safari it just a blank screen. Have to keep doing a hard reset have done so about 8 times plus a factory reset since installing new download! Went to delete a photo and touch unresponsive,"@122191 We appreciate those details as they help us with our troubleshooting steps. When you did a factory reset, did you do that from the setting menu or by connecting to iTunes on a computer? https://t.co/GDrqU22YpT"
2702140,758999,Sun Nov 19 21:02:21 +0000 2017,@AppleSupport my phone is 9.2.1 should I update it?,"@758999 Help is here! If you're able to update your device, we recommend it. Be sure to create a data backup prior to the update. Here's an article to help you get started: https://t.co/4f8hwT5to6"
2702183,136075,Sun Nov 19 21:08:49 +0000 2017,@AppleSupport It says I need to bring employment details but I don’t no what to bring could you help me via dm please,"@136075 We'd like to get you pointed in the right direction. For assistance with this, please reach out to the iPhone Upgrade Program support here: https://t.co/zJx41aKv7X https://t.co/GDrqU22YpT"
2702219,394196,Sun Nov 19 20:51:06 +0000 2017,"@AppleSupport In the new Podcast interface, when you search a name, you get 8 show hits and 8 episode hits. So, if I want to hear every episode John Doe is on, I only get 8 hits of each. Can we expand the search results? Thanks.","@394196 This would be expected behavior. If you select the show, you can then see many more episodes that are available. We'd encourage you to provide feedback using the following link if you'd like to see possible changes to this in the future: https://t.co/ltJyuSPZVF"
2703194,759273,Sun Nov 19 21:45:04 +0000 2017,"Can you please help @AppleSupport I've tried resetting my account two times, got email I'd get a text/call in 24 hours. But nothing. https://t.co/2YeqRBTT5J",@759273 Our iTunes Store team would be the best team to help with the message you're seeing. You can reach them here:  https://t.co/IBIY3vMgPj
2703201,759274,Sun Nov 19 21:41:14 +0000 2017,@AppleSupport Thanks @AppleSupport but restart did not work https://t.co/mkWNkgwGgc,"@759274 Thanks for giving that a go. Next, we'd like to meet up in DM to go into more detail. https://t.co/GDrqU22YpT"
2703209,759276,Sun Nov 19 21:34:03 +0000 2017,"@AppleSupport Yeah, tried those...including the credit card one. iPhone is locked out. Don't have a Mac. Apple Store wasn't any help.",@759276 Let's have a look at this together. Can you please DM us? https://t.co/GDrqU22YpT
2703230,759280,Sun Nov 19 21:39:24 +0000 2017,Either my phone is hacked or ios11 is going crazy. I was in the other room and my phone started playing spotify music by itself. I pick up the phone and the calculator is on While the phone is locked. 🤔 @115858 @AppleSupport,@759280 Let's see what's going on. Which version of iOS 11 are you running on it? Find that in Settings &gt; General &gt; About.
2703250,759282,Mon Nov 20 03:19:26 +0000 2017,@AppleSupport 11.1.2 (15B202),@759282 Thanks for confirming that. Send us a DM so that we can take a closer look. https://t.co/GDrqU22YpT
2705043,248164,Sun Nov 19 22:24:27 +0000 2017,@AppleSupport wasn’t 11.1.1 suppose to fix the problem of the “I” showing up as a question mark?,@248164 We'd like to help. Are you still experiencing issues with the letter when composing messages? Let us know more via DM. We'll go from there. https://t.co/GDrqU22YpT
2705055,759728,Sun Nov 19 22:22:15 +0000 2017,@AppleSupport I would like IOS to integrate alarm with location so that it does not sound in the chosen places,@759728 We appreciate your feedback and we love hearing from our customers. Please feel free to leave it here as well: https://t.co/eTPVYVFyd8
2705793,151106,Sun Nov 19 23:02:35 +0000 2017,@AppleSupport Your updated has caused old ass contacts to pop up and I can't get rid of them,@151106 We'd be happy to look into what caused those contacts to come back. Which device and OS version are you seeing this on?
2705806,759915,Sun Nov 19 22:54:05 +0000 2017,@AppleSupport was there a bug in iOS 11? Because ever since the update my phone has been freezing and losing some touch screen capabilities.,@759915 We'd be happy to help. Send a DM and we can start from there. https://t.co/GDrqU22YpT
2706845,760182,Sun Nov 19 23:44:41 +0000 2017,"@AppleSupport my phone keeps freezing, delaying, and randomly shutting off because of the new update are you guys gonna fix this or","@760182 We'd be happy to look into this with you! To start, when did you first notice this behavior? Also, what iOS version are you on? Let us know via DM: https://t.co/GDrqU22YpT"
2706871,760191,Mon Nov 20 02:01:07 +0000 2017,"@AppleSupport 64gb 6S, 11.1.1 (will update now), sometime in the updates of 11.",@760191 Let us know what happens after updating. Send us a DM to tell us if you're facing the issues still. https://t.co/GDrqU22YpT
2706883,399425,Sun Nov 19 23:18:52 +0000 2017,@AppleSupport Hi I need help with this please. Since upgrading my phone the new phone will not let me add Apple Pay. https://t.co/A3XAgNH8pt,@399425 Our Apple Pay team would be the best team to work with for trouble adding your card. You can reach out to them here:  https://t.co/IBIY3vMgPj
2707642,760381,Mon Nov 20 00:30:35 +0000 2017,@AppleSupport It just stopped turning on.,"@760381 Thanks for the reply. Which model iPhone are you using? Also, when you plug it in, is it still unresponsive?"
2709126,760766,Mon Nov 20 01:15:37 +0000 2017,@AppleSupport macbook pro 13in 2016 ran OS update and the touch bar is gone. nothing shows up on keyboards-system preferences. help needed asap,@760766 Thanks for reaching out! We've received your DM message and will respond from there to help with your MacBook Pro's Touch Bar and ensure it's working properly.
2709155,760773,Mon Nov 20 01:12:27 +0000 2017,@AppleSupport if you charge people $5 for an app don’t make an update that takes it away from me?? So take the money then take the product,"@760773 If you want, you may use the following link to report this issue and request a refund for the app. Reportaproblem: https://t.co/TnACmwZbFZ"
2709187,760783,Sat Nov 18 15:51:17 +0000 2017,@AppleSupport Thia is on iPhone 6 iOS 11.. i have just observed this but let me try restarting and will check. However i need to install the latest iOS 11.1.2,@760783 Excelent.  Please let us know if this persists after you update and restart.
2709969,760959,Mon Nov 20 01:38:08 +0000 2017,"@AppleSupport iOS 11.2 on iPhone X. It was doing this on my iPhone 7, and with 11.1. But now it seems to be failing every single time instead of just randomly.","@760959 Thanks for reaching out to us for support.That is certainly not the experience that we wanted you to have with your watch, and we are going to do everything we can to help you. When you have a free moment, please check out this link for support: https://t.co/0pM9QoGYX9"
2710493,761073,Sun Nov 26 22:57:55 +0000 2017,@AppleSupport y’all should change recently deleted photos on iCloud to 60 days instead of 30,"@761073 Thanks for taking the time to reach out to us today. If you've got a feature request you'd like to see, please let our engineers and designers know here: https://t.co/eTPVYVFyd8"
2710937,761168,Mon Nov 20 02:10:34 +0000 2017,"anyone else having faceID prob where face is recognized &amp; phone unlocks, but can’t swipe up? it goes up an inch but closes to lock screen…but phone registers as unlocked. #pita @AppleSupport #iphonex","@761168 That is not expected, for the iPhone to fail to respond, so we want to take a look at that with you.  When did this start?  Which iOS version are you running?"
2710940,761169,Mon Nov 20 02:42:20 +0000 2017,@AppleSupport Nice fix. Thanks!,@761169 No problem! Just reach out again if you need more help. Have a good one.
2711873,761386,Mon Nov 20 02:45:50 +0000 2017,@AppleSupport Software Update 11.1.2 as soon I pressed update my phone hasn’t been the same I regret it,"@761386 Can you tell us if it is happening on a specific app, or several apps?"
2711975,625284,Wed Nov 08 17:52:06 +0000 2017,@AppleSupport check DM plz!!,"@625284 We’ve received your DM, and will continue working with you there. Be on the lookout for our response shortly."
2712573,761557,Mon Nov 20 03:06:18 +0000 2017,@13071 plz get your ish together I can’t even send iMessages now! Let alone edit videos of my roommates cat. @AppleSupport y’all irking my nerves. That @125607 commercial was hella accurate. What are we gonna do about this? (This is why I have 280 characters.),@761557 We can understand how you view the concerns you have. We'd like to help. Can you DM us your device model? https://t.co/GDrqU22YpT
2712585,761562,Mon Nov 20 03:05:31 +0000 2017,@AppleSupport I dropped my iPad the side of the screen light black 3 dots,@761562 We'd like to help out. Go ahead and DM us some more details about this and we can work together. https://t.co/GDrqU22YpT
2713240,761704,Mon Nov 20 03:28:37 +0000 2017,My Mac won’t charge or turn on....sweet @AppleSupport,@761704 We'd like to help. Check out this link and DM us if it does not help: https://t.co/RqWW0duJ0U https://t.co/GDrqU22YpT
2725961,764468,Mon Nov 20 04:45:52 +0000 2017,"Btw @AppleSupport I got all my photos, Thank You😊😘😘 https://t.co/Myx2luJ3qq",@764468 You're quite welcome!
2725978,764474,Mon Nov 20 04:20:21 +0000 2017,@AppleSupport the a[?] bug is in iMessage for MacOS High Sierra as well. On the receive side. https://t.co/xKU06JYrmF,@764474 Thanks for reaching out. Do you ever see this when you send out a message?
2726848,764675,Mon Nov 20 14:52:51 +0000 2017,"@AppleSupport I know that guys :) but on ios10 last few photos taken were kept locally on device as well for longer, not full purged into the cloud.","@764675 This is expected behavior on iOS 11. If you have any other questions, please let us know."
2726854,450014,Mon Nov 20 14:33:00 +0000 2017,"@AppleSupport Hi. I was using the Belkin QI charger, I bought it for the online Apple store at the same time as my iPhone 8 Plus. Apparently it’s a battery / temperature thing? Yet I can charge past 80% on the supplied in box iPhone charger fine all the way to 100%.","@450014 Thank you for those details! We'd like to gather some additional information from you to get this resolved. Join us in DM with your current location, we can continue there. https://t.co/GDrqU22YpT"
2726858,498301,Mon Nov 20 13:58:48 +0000 2017,@AppleSupport iPhone 7,@498301 Can you tell us the version of iOS that is running on your device? Settings &gt; General &gt; About &gt; Version.
2726878,229792,Mon Nov 20 06:43:52 +0000 2017,@AppleSupport ever since pairing my watch series 3 to my iPhone 7 (11.2) the battery life has suffered badly. What can I do to improve it?,@229792 Having sufficient battery life is important. Let's try a few steps here: https://t.co/bivpdfBNJ6 Let us know if the battery life improves after giving those steps a try.
2726892,586202,Mon Nov 20 21:43:55 +0000 2017,@AppleSupport iPhone 7plus. Right after I completed my payment for my Apple Music....my music app WONT open. The screen would turn blank and just go back to the homepage.,"@586202 Have you restarted the Music app, and your iPhone since this began? This link helps with how to quit the app: https://t.co/RqqIctrDWV If so, which version of iOS are you running in Settings &gt; General &gt; About &gt; Version?"
2726919,764691,Mon Nov 20 15:31:02 +0000 2017,"@AppleSupport No, can I do that without having to buy it again?","@764691 Great question! To verify that this album is still showing in your past purchases and can be downloaded again at no cost, you'll want to follow the steps in the following guide. Let us know if you have any questions: https://t.co/I39AyMJNgb"
2726936,764696,Mon Nov 20 05:43:29 +0000 2017,why does my payment method keep getting “declined” ? it was working just fine yesterday.... it also doesn’t let me use my paypal account. i can’t download or update any apps. @AppleSupport @118936 https://t.co/yWx4Hx5NR7,"@764696 Thanks for reaching out, and we'd be glad to point you in the right direction for assistance with this. Let's reach out to our iTunes Billing team for more assistance: https://t.co/SDIe7UiyJN"
2726939,764697,Mon Nov 20 06:08:29 +0000 2017,Why does your new software have to make my iphone6 obsolete 😫 shouldn’t have upgraded. @115858 @AppleSupport,"@764697 Thank you for reaching out to us. Let’s work together to find the best course of action for this issue. To start, what device model are you using and what issue(s) are you experiencing exactly?"
2726944,335559,Mon Nov 20 05:38:28 +0000 2017,@AppleSupport is it just me or is everyone not able to move their cursor in email after the new iPad upgrade?,@335559 Thank you for reaching out to us. We'd like to work with you to get this issue resolved. DM us the type of iPad you are using along with the current iOS. You can also record what you are experiencing by following this article: https://t.co/prFUUw9DNx
2727029,331949,Mon Nov 20 13:37:59 +0000 2017,"@AppleSupport Yes it is the cable that came with the device and I have been using it for over a year now, and I wasn't having such issues until yesterday",@331949 Have you tested another cable to see if the problem can be reproduced?
2727034,331949,Mon Nov 20 17:44:34 +0000 2017,"@AppleSupport Well I tried some tips I got and it started charging at 20% for more than 30 minutes now, it's gone down to 19%. I don't understand why.","@331949 Thanks for keeping us updated. Can you tell us how you’re charging your iPhone? For example, a wall outlet, computer, or a different way? Direct Message us your reply using the link below: https://t.co/GDrqU22YpT"
2727053,764724,Mon Nov 20 04:45:23 +0000 2017,@115858 Flagging down @AppleSupport for this #touchbar brightness bug. Any help would be appreciated!,@764724 Let’s dig a little deeper to see what we can find out! When did you first notice this issue with the Touch Bar? Does this issue persist after you restart the Mac?
2727114,764736,Tue Oct 31 18:17:49 +0000 2017,"@AppleSupport is there a way to undo the most recent update?! My 6s is glitchy, slow, and fast to use up the battery. Horrible update.","@764736 We cannot revert to a previous version of iOS, however, we've just released iOS 11.1. Test this update and let us know."
2727131,764738,Tue Oct 31 18:02:36 +0000 2017,@AppleSupport quero saber pq esse satanás não atualiza,"@764738 Since our Twitter support is available in English, get help at https://t.co/IBIY3vMgPj or join https://t.co/pvaOFfPbjt"
2727133,256274,Tue Oct 31 18:33:56 +0000 2017,@AppleSupport 11.1 and 6s,@256274 Are you using the Control Center to control Bluetooth &amp; Wi-Fi? See how they were updated for iOS 11 here: https://t.co/vzVz37YMv0
2728075,764954,Mon Nov 20 10:48:23 +0000 2017,"@AppleSupport yall your Android app is very bad, I can't even choose a plan as once I tap on that it takes me to a blank screen and after like 4 minutes of waiting nothing loads","@764954 We want you have easy access to Apple Music on your device. Make sure that your phone has Android 4.3 (Jelly Bean) or later. Then, let's try the steps listed here: https://t.co/cQDW3CBUel Let us know how it goes."
2728077,764955,Mon Nov 20 11:10:30 +0000 2017,@AppleSupport @115858 where did the time/ date/ battery icons go? https://t.co/y8U3J5qS6Q,@764955 Having the clock and date visible is convenient. Let's work together to get this resolved. Can you DM us the type of device you are using and the iOS version? https://t.co/GDrqU22YpT
2728177,764978,Mon Nov 20 14:31:18 +0000 2017,@AppleSupport 11.1 (15B93),@764978 You can update to the newest version iOS 11.1.2 and test for a bit to see if your battery life improves.  You want to make sure to back up your iPhone before updating. This article explains how: https://t.co/4f8hwT5to6
2728207,161399,Mon Nov 20 08:11:25 +0000 2017,@AppleSupport not able to surf on facbook from yesterday from iphone 6s,"@161399 We're glad to look into this with you. Is this occurring while visiting the FaceBook website from within Safari, or using the app? Does it occur on both Wi-Fi and cellular data? So that we're on the same page, let us know which version of iOS you're using."
2728207,161399,Mon Nov 20 08:11:25 +0000 2017,@AppleSupport not able to surf on facbook from yesterday from iphone 6s,"@161399 We're glad to look into this with you. Is this occurring while visiting the FaceBook website from within Safari, or using the app? Does it occur on both Wi-Fi and cellular data? So that we're on the same page, let us know which version of iOS you're using."
2728213,764984,Mon Nov 20 08:36:22 +0000 2017,Whenever I try to a screen shot on my IPhone 8 it’s just black screen anyone else had this problem? @AppleSupport #iphone8,"@764984 We want to be sure you can take screenshots as you'd expect to. We're happy to look into this with you. 
Is the photo saved as a black photo? Does this happen in all apps?"
2729055,765165,Mon Nov 20 13:12:31 +0000 2017,"@115858 really needs to fix this glitch with the WiFi and Bluetooth buttons in the control centre.

Cc: @AppleSupport","@765165 Thank you for reaching out to us. Let’s work together to find the best course of action for this issue. To start, what device model are you using and what issue(s) are you experiencing exactly?"
2729106,765176,Mon Nov 20 13:09:26 +0000 2017,Ios güncellemesinden sonra sürekli telefon titremeye başladı menüde bişeye bakarken bunu nası kapatabilirim @AppleSupport,@765176 We offer support via Twitter in English. Contact us for help in your preferred language here: https://t.co/IBIY3vMgPj
2729143,169784,Mon Nov 20 12:13:10 +0000 2017,Is there an issue with @118721 store? Can’t access it from my computer and mobile device. @115948 @AppleSupport @115858,@169784 Hi there. There are currently no known issues with the App Store. Are you still unable to access it? Let us know. We'd be happy to look into it with you.
2730337,652619,Mon Nov 20 13:53:31 +0000 2017,"@AppleSupport I wish I never upgraded to the 8plus and update the iOS! My phone worker better as a brick then a phone, here is an example, the item is 13:50 yet the clock just stops working https://t.co/uE3BIwo6jO",@652619 We want to help. Which iOS version are you on?
2731240,765661,Mon Nov 20 16:27:51 +0000 2017,@AppleSupport Tryed all that still don’t work for something to do with your updates cause my phone was working fine !! Not happy with apple at all,@765661 We want to know more about what you're setting on your iPhone. Does it show No Service or Searching in the top left corner of your Home screen? Do you see any error messages when sending a message?
2731252,765662,Mon Nov 20 15:45:14 +0000 2017,@AppleSupport I am using the slide on the side of my phone.,"@765662 When you're flipping the switch, is it showing a color?"
2731264,765665,Mon Nov 20 16:12:39 +0000 2017,@AppleSupport 76. Was on 100 30 mins ago,@765665 OK. Let's continue in DM. https://t.co/GDrqU22YpT
2731294,765675,Mon Nov 20 15:18:36 +0000 2017,Can you combine 2 Apple ID’s? @AppleSupport,"@765675 We'd be happy to answer that for you. If you have multiple Apple IDs, you can’t merge them. You can read more at our website here: https://t.co/ckptoWI7iV"
2731431,765713,Sun Nov 26 23:42:27 +0000 2017,@AppleSupport My boyfriend and I just aren’t apple to FaceTime one another. It doesn’t ring at all.,@765713 How long have you been having this issue? Did you make any changes to the devices prior to this starting?
2731450,442747,Sun Nov 26 23:25:24 +0000 2017,@applesupport,@442747 The amount of time it takes to sync will vary due to many factors including the type of content being synced and the size of that content. As long as it's syncing the content over successfully then it would be performing as expected.
2732884,766040,Mon Nov 20 16:12:31 +0000 2017,"@AppleSupport iPhone X; all bookmarks are gone from Safari. There last night; gone this morning. Have rebooted, still empty. Thoughts on how to retrieve??",@766040 Let's work together to see if we can get them back. DM us the exact iOS version on your device and we'll go from there. https://t.co/GDrqU22YpT
2732899,766044,Mon Nov 20 16:14:06 +0000 2017,@AppleSupport Hi. I just sent you a DM with a few queries regarding my Apple product. Would appreciate it if you could get back to me at the earliest through the private message feature. Thanks.,@766044 We've received your DM and we'll continue there.
2732915,263299,Mon Nov 20 16:03:38 +0000 2017,@AppleSupport : Can I install GMail app on my new McBook?,"@263299 Thanks for reaching out to us for support. Send us a DM, and we'll be happy to help. https://t.co/GDrqU22YpT"
2732917,410910,Mon Nov 20 16:16:10 +0000 2017,"@AppleSupport Happens mostly in FB and instagram. Installed and updated everything last night. Shut down phone last night, didn’t help, haven’t this a.m.",@410910 Understood! Let's see if we can delete and reinstall both FaceBook and Instagram to see if the issues persist: https://t.co/bNH7gNvF9e Let us know the results once completed.
2732957,766054,Mon Nov 20 15:21:36 +0000 2017,@AppleSupport any explanation as to why an iphone 7 plus was in perfect working condition and magically the new iphones release and my phone gets glitchier and glitchier each day until today when i can’t even send a text without my phone actually crashing?,"@766054 The 7 plus is a great iPhone.  It’s important to be able to reliably send messages, so we would like to offer some assistance.  Did this start after a specific update?  Which iOS version are you running now?"
2734092,766313,Mon Nov 20 21:44:50 +0000 2017,@AppleSupport Yes and I have checked connections.  I have read on the net that this has happened with some canon scanners but haven't read a solution.,@766313 Have you reached out to Canon to see if they have an update available for your scanner? Some macOS updates may require an update for different products and Canon may be the place to get that update. We ask as we do not see that device here: https://t.co/LOKgVKYMHs
2734114,134513,Mon Nov 20 16:32:42 +0000 2017,"Hello @AppleSupport, i saw on my contact list there are ""people"" that i doesnt added to my list, there isnt any number ect (check pic) hiw i can remove this? Its ca. 1200 contact https://t.co/XRERO6GKkq",@134513 Send us a DM and we'll have a look into this with you. We may need to take a look at what contact groups you have in contacts. https://t.co/GDrqU22YpT
2734143,766325,Mon Nov 20 22:10:43 +0000 2017,"@AppleSupport My phone doesn’t show the music. It’s saying I need to log in to stuff what is irrelevant and its slow. It’s a iPhone 7, running on iOS 11",@766325 We'd like to continue working with you via DM. Please reach out using the link below and let us know more about what you are being asked to log in to. https://t.co/GDrqU22YpT
2734387,766378,Mon Nov 20 19:31:57 +0000 2017,@AppleSupport @115858 The service at Stratford Westfield is piss poor! Get better service at a chicken and chip shop,@766378 This is not the experience we'd expect you to have.  Reach out to us via DM and let us know the details. https://t.co/GDrqU22YpT
2734394,766380,Mon Nov 20 19:41:52 +0000 2017,These boxes killing me @AppleSupport 😒,@766380 We'd like to help. What device is this happening with and what version of the software is installed?
2734399,766382,Mon Nov 20 19:42:32 +0000 2017,@AppleSupport It is enabled but it’s been 3 hours and I still don’t have any photos,@766382 Got it. Would you mind joining us in DM please? We'd like to continue our conversation there. https://t.co/GDrqU22YpT
2734444,766387,Mon Nov 20 22:08:57 +0000 2017,@AppleSupport 11.1.2,"@766387 We want to make sure we go through these steps to maximize the battery efficiency:  https://t.co/TpjqFpkUpb 

Let us know if that helps in Direct Message. https://t.co/GDrqU2kzhr"
2734470,766393,Mon Nov 20 19:17:26 +0000 2017,@AppleSupport Thank you!,@766393 You're welcome!
2736419,766823,Mon Nov 20 20:06:15 +0000 2017,why does my music stop every time i get a notification or even for no reason at all plz help i’m sick of it😩 legit happens like 5 times a minute @AppleSupport,@766823 Thanks for reaching out. Please DM us which device is having the issue. We'll start there. https://t.co/GDrqU22YpT
2739443,264984,Mon Nov 20 17:28:38 +0000 2017,@AppleSupport The latest update of high sierra,"@264984 Thanks for confirming. Next, we'd like you to boot to Recovery, choose the Disk Utility, and send us a picture so we can see what volumes are available: https://t.co/3mWPPC8cdZ"
2739444,264984,Mon Nov 20 17:15:53 +0000 2017,@AppleSupport just updated. What’s going on with this. I can’t log in. https://t.co/ogXNFcNMWL,"@264984 You've come to the right place! We'll see about getting your Mac up and running again. First, was this an update from a previous version, or were you doing the 10.13.1 update? While you're checking, read about startup screens here: https://t.co/3WncOWIQW8"
2739455,264984,Mon Nov 20 23:18:09 +0000 2017,@AppleSupport I was able to log in. Now my apps are crashing/ not importing photos.,@264984 Have you backed up or been backing up your Mac with Time Machine or another backup system? Let us know in DM. https://t.co/GDrqU22YpT
2739472,767531,Mon Nov 20 17:15:17 +0000 2017,@AppleSupport Yes! https://t.co/vYpX6WBvIV,@767531 We appreciate you checking that for us. Are you in the process of restoring an iCloud backup? https://t.co/GDrqU22YpT
2739502,767538,Mon Nov 20 17:05:58 +0000 2017,@AppleSupport I updated my phone and I’m still seeing symbols instead of emojis or words. What do I do ?,"@767538 We'd be happy to take a look!  Just to confirm, can you DM us exactly which iOS version you're currently on? https://t.co/GDrqU22YpT"
2741974,768082,Mon Nov 20 17:51:38 +0000 2017,Why the hell has my phone deleted all my contacts?! @AppleSupport,@768082 Let's take a look &amp; get this resolved. Do you use iCloud for your contacts? You can check by going to Settings &gt; [your name] &gt; iCloud and see if Contacts is selected.
2743038,768332,Tue Nov 21 04:55:02 +0000 2017,"@AppleSupport Hello, Cleaned up the memory, but it did not help",@768332 Hi there. Thanks for giving it a shot! Go ahead and send us a DM and we'll look into this further with you. https://t.co/GDrqU22YpT
2743049,768334,Mon Nov 20 18:58:03 +0000 2017,"@AppleSupport You can help me, my battery is draining so fast since last update! Today’s morning my iPhone 7’s battery went from 100% to 47% in less than 3 hours 😑",@768334 That is never what we want to hear. Let’s work together to get everything back to normal. Reach out to us in DM and we will help. https://t.co/GDrqU22YpT
2744251,768605,Mon Nov 20 19:10:16 +0000 2017,@AppleSupport Oh yeah and my notifications are not working.,@768605 We'd be happy to look into these issues with you. Could you please send us a DM with what country you're located in so we can get started? https://t.co/GDrqU22YpT
2744262,261176,Mon Nov 20 19:05:04 +0000 2017,@AppleSupport why do my calendar alerts only show upcoming event rather than specific events as on my other devices? Tried setting to change but not useful,@261176 Let's look into this for you. Can you provide an example of a specific event? Let us know in DM. https://t.co/GDrqU22YpT
2746147,769023,Mon Nov 20 21:28:35 +0000 2017,".@AppleSupport 

Why does my phone think I’m home when I’m actually 15+ miles away https://t.co/14JUmHWkew","@769023 We'll be happy to take a look into it. Does this happen in other locations, or just this one?"
2746172,769030,Mon Nov 20 21:59:43 +0000 2017,"@AppleSupport I took screenshots every time #ios1112 crashed my iPhone 7 today. So far 15, but usage was low because I was trying to recover from High Sierra crashes. https://t.co/bCEE8E7QLs",@769030 That's not the experience we'd hope you have. Let's work on this together. Send us a DM to get started: https://t.co/GDrqU22YpT
2746194,769034,Mon Nov 20 21:52:56 +0000 2017,@AppleSupport my iphone 8 plus’ screen won’t turn off (and it’s set to turn off after 1 minute). Got any ideas?,@769034 We'd like to look into this. DM us and we'll continue there. https://t.co/GDrqU22YpT
2747259,684180,Mon Nov 20 22:21:35 +0000 2017,@AppleSupport This has been on this screen for over 30 minutes and I am trying really hard not to flip out right now. Please helpppp! https://t.co/a5IjqgaD0d,"@684180 We're here for you, and will do what we can to help. Let's go ahead and power off the phone and turn in back on, and try again. Let us know the results."
2747262,222054,Mon Nov 20 22:58:39 +0000 2017,@AppleSupport iPhone 7 running iOS 11.1.1,@222054 Thanks. Are those photos saved locally on your phone? Let us know via DM. We'll go from there. https://t.co/GDrqU22YpT
2747289,769284,Tue Nov 21 02:15:23 +0000 2017,"@AppleSupport Ty, amazing device btw 😉 im unable to force quit any other application. Like everytime i click on the ⛔️ it jumps back into the call. Sometimes it works, but very rarely and yes I tried to restart already.",@769284 Are you able to close your apps when you're on a regular phone call? What if you're on a FaceTime video call? Let's dig a little deeper in DM. https://t.co/GDrqU22YpT
2747306,769287,Mon Nov 20 22:53:36 +0000 2017,"@AppleSupport it's ok, never mind for the Arabic word in the tweet!
The problem is that my iPhone 7 plus was working in a perfect way, then it turned off,and when clicking right button &amp; volume down,apple logo appears &amp; still like this,6 hours ago.
Format is the solution!?","@769287 We appreciate you reaching out to us. Let's follow the steps in this article: https://t.co/8MvHMFZ83h Specifically ""If your device turns on but gets stuck during start up"". DM us if you run into any issues. https://t.co/GDrqU22YpT"
2747349,769298,Mon Nov 20 22:35:18 +0000 2017,@AppleSupport you know when that little triangle w/ the exclamation mark shows up under an calendar in the calendar program? It would be nice if it told you what the problem is!!!! How can you fix something when the software can not tell you the problem?,@769298 We appreciate you reaching out to us. DM us which Apple device you're using and we'll go from there. https://t.co/GDrqU2kzhr
2747349,769298,Mon Nov 20 22:35:18 +0000 2017,@AppleSupport you know when that little triangle w/ the exclamation mark shows up under an calendar in the calendar program? It would be nice if it told you what the problem is!!!! How can you fix something when the software can not tell you the problem?,@769298 We appreciate you reaching out to us. DM us which Apple device you're using and we'll go from there. https://t.co/GDrqU2kzhr
2747358,469033,Tue Nov 21 02:05:55 +0000 2017,@AppleSupport Yes. And then some. Nothing is working,@469033 We want to help! DM us and let us know more about the issues you are having. We can look more into this issue from here. https://t.co/GDrqU22YpT
2747381,377886,Mon Nov 20 22:27:16 +0000 2017,"@AppleSupport when you have to reboot your iPhone numerous times a day just for it to function. Constantly crashing and freezing. Seems to get worse with every update. Can we go back to iOS 10, when life was happy😑 #ios11 #apple #iphone","@377886 Hey, you shouldn't have to restart your iPhone so many times a day. We'll help you figure out what's going on. First, can you tell us the exact iOS version currently installed?"
2747385,769304,Mon Nov 20 22:20:40 +0000 2017,@AppleSupport I have an iPhone SE and am still using iOS 10.3.3 because when I check for an update it says my software is up to date. Help,@769304 We've received your DM. Look for our response there.
2748354,769543,Tue Nov 21 00:27:29 +0000 2017,"@AppleSupport FYI this is the 3rd time in 2 and a half hours I’ve had to restart my $5,000 MacBook Pro...",@769543 Thanks for those details. We'd like to look further into this with you. Send us a DM and we can continue there. https://t.co/GDrqU22YpT
2748370,769544,Mon Nov 20 23:13:09 +0000 2017,Yo @AppleSupport @115858 help your girl out https://t.co/0hDtIV0oIn,@769544 We'd be happy to look into support options with you. Send us a DM and we can start there. https://t.co/GDrqU22YpT
2748424,139961,Mon Nov 20 22:40:02 +0000 2017,".@AppleSupport, why can’t I turn off location services on my @115858 #iPhone 6S, no matter what I try to do? And, no matter how many updates I’ve done, which are all currently up-to-date. https://t.co/UyQvZMS4Mn","@139961 Sure, we can help with that. You might want to check to see if any restrictions are turned on at Settings &gt; General &gt; Restrictions &gt; Location Services. Let us know what you find."
2750421,770035,Tue Nov 21 00:17:41 +0000 2017,"@AppleSupport it shuts off after abruptly exiting an app, but turns back on with the apple logo. i believe it thinks the storage is full but i’ve been deleting things everyday and it hasn’t gotten better. also the screen has been jumpier than a pack of crickets on fire. it has the latest iOS","@770035 Thanks for sharing those details. To help isolate the issue, can you tell us the iOS version your iPhone is running currently? This info can be found in Settings &gt; General &gt; About."
2750454,770041,Tue Nov 21 00:15:49 +0000 2017,"@AppleSupport the high Sierra upgrade has turned my i7 iMac into a steaming pile of shit. How long does this crap take to finish upgrading. Completely unresponsive doing ""stuff"" after upgrade.","@770041 Let us help with your iMac. Just so we're on the same page, are you in the process of installing macOS High Sierra or are you experiencing this behavior when using programs and/or features while already on macOS High Sierra?"
2750490,144305,Tue Nov 21 00:10:41 +0000 2017,@AppleSupport Why does my phone say there is only 23GB used when there are 83GB used by photos? iOS 11.1.2 iPhone 7 https://t.co/KfsolpimQD,@144305 We'd be happy to take a look into this with you. Could you please send us a DM so we can gather some info and take a look? https://t.co/GDrqU22YpT
2750492,770049,Tue Nov 21 00:26:36 +0000 2017,"@AppleSupport Wi-Fi connection, charged it since. iPhone 6s 64gb bought 2 years ago brand new.","@770049 Thanks for those details. Just to clarify the issue, did your iPhone become unresponsive at 10% or did the battery die? Also, are you using low power mode on your iPhone?"
2751117,770204,Tue Nov 21 05:16:43 +0000 2017,@AppleSupport It connects itself and disconnects in a few seconds. This keeps going on. Connects and disconnects,@770204 Is this happening on more than one Wi-Fi network?
2751137,770211,Tue Nov 21 00:35:48 +0000 2017,"@AppleSupport I am not able to access my iPhone 6plus thru Touch ID after the latest software update 11.1.2. Not even able to set up new finger print, attached message is shown as error https://t.co/jNZMZfIpAA",@770211 We'd be happy to help. Send us a DM and we can start there. https://t.co/GDrqU22YpT
2751464,770294,Sun Nov 26 23:48:59 +0000 2017,"@AppleSupport I don’t receive the gifs on my text message keyboard. And it disconnected and deleted all WiFi passwords, but it won’t connect or work on any WiFi I try.","@770294 Let's start with your Wi-Fi issue first as it can affect your other two issues. What happens when you tap on a Wi-Fi network that worked before and try to connect?

Have you tried any steps so far since this started to happen?"
2751473,157051,Sun Nov 26 23:41:20 +0000 2017,"@AppleSupport I need to factory reset an iPhone, I forgotten the restrictions password though, what should I do?",@157051 We can help you with returning your iPhone to factory settings without the restrictions passcode. Use iTunes to restore your device to factory settings instead of trying in the Settings: https://t.co/ZtliqJZSGr Let us know how it goes.
2751515,770303,Mon Nov 27 22:40:50 +0000 2017,"@AppleSupport A few weeks and I’ve turned the phone off and back on again, turned it on in the control centre and then gone back to settings to try and connect to device",@770303 Does the spinning circle ever go away? Do you know if you have any restrictions enabled on your device at all?
2752457,770544,Tue Oct 31 18:27:48 +0000 2017,@AppleSupport I’ve had updated me IPhone 7 to IOS 11.1 and the calendar still doesn’t work. https://t.co/qTzzBqfFjO,@770544 We're happy to help. What trouble are you experiencing with your Calendar?
2752461,770544,Tue Oct 31 19:29:43 +0000 2017,@AppleSupport The general release that came out today.,@770544 To make sure we understand. Are you changing the date of an event? Or just swiping through the dates?
2752679,770585,Tue Nov 21 01:53:51 +0000 2017,@AppleSupport It says 11.1.2,"@770585 Great, thanks! We understand the importance of the keyboard responding like you expect it to, and we're committed to helping. Does the behavior seem to occur in any particular apps or apps? Does it occur off and on, or does it always perform the same?"
2752708,509552,Tue Nov 21 01:03:31 +0000 2017,"@AppleSupport Hey, there are some issues with the iPhoneX’s screen. It is showing a blank lock screen. No time, flashlight, or camera icons. https://t.co/eS3jnKGKPV",@509552 We want to help you get things working smoothly. What version of iOS are you running?
2753642,464215,Tue Nov 21 01:43:39 +0000 2017,@AppleSupport 33% battery drained for just half an hour while playing music come on @AppleSupport #ios1112 #ios11 https://t.co/emc8hhuct5,@464215 We'd be happy to look into this with you. Send us a DM to get started. https://t.co/GDrqU22YpT
2753665,128685,Mon Nov 20 21:24:54 +0000 2017,"@AppleSupport i just about an iphone 8 and its been updating to the last update for more than 2 hours, is it normal?",@128685 We're glad to help with your new iPhone 8. What's displayed on your iPhone's screen at the moment? Is it currently connected to a power source and in range of a strong Wi-Fi signal?
2753668,770790,Tue Nov 21 01:43:49 +0000 2017,@AppleSupport see thread.,"@770790 We're happy to help out. Are the messages in question to and from just one contact, or does it involve multiple contacts? https://t.co/GDrqU22YpT"
2753679,770792,Tue Nov 21 01:51:19 +0000 2017,"@AppleSupport Restarted iPhone, cleared caches, reset network settings and then all settings. Up to date on lasted update",@770792 Sounds like you've taken some good steps so far. Let's continue to dig into this via DM. You can use this link to connect there: https://t.co/GDrqU22YpT
2753687,770793,Tue Nov 21 01:42:43 +0000 2017,"Hello @applesupport, I cannot be the first person to be absolutely ANNOYED with your auto correct using the I️? Am I️? Or am I️ not?#WhyDoIt",@770793 There's an update out now that fixes this issue. Make sure you have a recent backup and update to 11.1.2
2753899,770850,Tue Oct 31 18:38:50 +0000 2017,@AppleSupport iOS 11.0.3.. Apps freezing and crashing constantly. I make phonecalls and cant hear anything not even the ringing. have to constantly reset,@770850 Do you have a recent backup of this device?
2755764,771303,Mon Nov 20 21:42:52 +0000 2017,"Is @115858 intentionally killing my (2 days ago perfect) MBP late 2013 or is High Sierra killing all devices? This works like Win vista, if even that. MBP is stuck all the time. 
Same goes for iOS 11 on iPhone 7. @AppleSupport ?",@771303 That should not be happening. Let us help. Tell us more about this in DM. https://t.co/GDrqU22YpT
2755807,771314,Mon Nov 20 21:26:54 +0000 2017,@AppleSupport I updated my MacBook and it won’t work or open!!!!!!!!!! https://t.co/2AebciwYXv,"@771314 We got your DM, and we will respond to you there."
2756146,771394,Tue Nov 21 01:50:18 +0000 2017,wHY can't i install ios11😤😤 @AppleSupport https://t.co/fQFTn0IstT,@771394 We want you to be able to update. Do you have a computer with iTunes you can use to help you update?
2756150,245430,Tue Nov 21 02:10:02 +0000 2017,"@115858 @AppleSupport give me a new phone this shit been acting up since I bought it, a true scam",@245430 We’d like to see how we can help. Can you give us some more details about the issue you're having?
2756152,245430,Tue Nov 21 02:48:35 +0000 2017,@AppleSupport 11.1.2,@245430 We'd like to investigate further with you. Send us a DM and we can troubleshoot more from there. https://t.co/GDrqU22YpT
2756182,386235,Tue Nov 21 01:52:25 +0000 2017,I'm still disappointed in @AppleSupport. My battery life is still suffering from the latest update. I feel like it's a ploy to upgrade to an iPhoneX.,@386235 We'd like to help you enjoy your battery life. DM us what iOS version you're on now and what you were on previous to this one. https://t.co/GDrqU22YpT
2756787,644985,Tue Nov 21 02:40:02 +0000 2017,@AppleSupport I don’t care to have every picture I have ever taken on my iPhone. I want them to live on the cloud so that I can download when I need them. Not needlessly have them take up space on my phone... why does it do that. Why would it go ahead and download old pictures?!,"@644985 Thanks for reaching out. We want you to be able to take advantage of iCloud Photo Library, which keeps the same photos visible across your devices. Check out this article on how it works, including how to save space when using it: https://t.co/8YUslsnsM5"
2756853,771556,Tue Nov 21 11:11:42 +0000 2017,"@AppleSupport the latest one, iOS 11.1.2, comes up saying can’t connect to the store or sometimes just crashes all together",@771556 Let's check the Storage available for the device currently.  Go to Settings &gt; General &gt; About.  What does it show for available?
2756856,771556,Tue Nov 21 14:49:29 +0000 2017,"@AppleSupport 64gb capacity, 19gb available",@771556 Let's try deleting the App and re-installing it by following the steps in this article: https://t.co/SuW6zz8QwS.  Let us know your results and we can go from there.
2757511,157636,Tue Nov 21 03:10:35 +0000 2017,@AppleSupport Thank you,@157636 You're most welcome! Please feel free to reach out to us again if you need any more help. We’re available every day to answer your questions from 5am-8pm Pacific. Have a great night!
2758258,771868,Tue Nov 21 03:30:07 +0000 2017,"After the recent software update, my #iPhone 6s has started to freeze a lot, especially in SMS sending pics. Also, Select/Select All tap screen function no longer works in emails. Anyone else had this problem? @AppleSupport",@771868 We'd be happy to take a look into this with you. Could you please send us a DM so we can gather some information and get started? https://t.co/GDrqU2kzhr
2758267,771871,Tue Nov 21 03:23:10 +0000 2017,@AppleSupport new iphone 8 plus with issue in the 4g 😒,@771871 We'll get you back to enjoying your new iPhone. Tell us more about the issue you're having with your 4G.
2758317,771886,Thu Nov 09 20:23:23 +0000 2017,@AppleSupport Care to tell me why I updated my software on iPhone 5s and now my battery life is non-existent?,"@771886 There can be many factors which affect the battery performance of your iPhone. We'd like to look into this further with you. Send us a DM telling us which iOS version is running on your iPhone 5s, and when the issue began. https://t.co/GDrqU22YpT"
2759082,139735,Tue Nov 21 03:47:37 +0000 2017,"🔋 Hey @AppleSupport, I normally ask for my youth back, my good looks back or my first dog back, really... but after iOS 11, I just want my battery life back! https://t.co/209EAst5Wi","@139735 We'd love to help with your battery life! Please send us a DM with which version of iOS 11 you're updated to, and we'll get started. https://t.co/GDrqU22YpT"
2770782,774556,Tue Nov 21 22:09:04 +0000 2017,@AppleSupport Thank you! 🙌🏾,"@774556 You're more than welcome, anytime. Have a fantastic evening."
2771772,206342,Tue Nov 21 07:09:13 +0000 2017,"@AppleSupport Been told I’ve got to fly to Japan to get it fixed, seems a bit impractical","@206342 We'll be happy to explore all the options available to you. To clarify, did you purchase your iPhone in Japan? Also, what issues are you having with it? In what country are you in now?"
2771788,774786,Tue Nov 21 07:03:47 +0000 2017,What’s going on @AppleSupport I’ve been on my phone a whole 21 minutes and lost 12% battery and 3% in one go!! 😣😣 https://t.co/IbUZaT3B7L,@774786 Let's take a closer look with you. Follow up with us in DM. Tell us the version of iOS installed in Settings &gt; General &gt; About there. https://t.co/GDrqU22YpT
2771809,774791,Tue Nov 21 13:55:21 +0000 2017,"@AppleSupport It’s just my home screen that changes, when no apps are open or in background",@774791 Thanks for that information. Which specific iOS version are you using currently?
2771830,774795,Tue Nov 21 13:48:34 +0000 2017,@AppleSupport It does the same on my 7+ as well,"@774795 OK, thank you. Does this usually happen in a certain area? Let us know in DM and we'll go from there. https://t.co/GDrqU22YpT"
2771835,774796,Tue Nov 21 15:26:00 +0000 2017,@AppleSupport What an answer🙂,"@774796 Hello there! We always suggest keeping your Apple devices updated. This will help prevent any unexpected behaviors in the future. If you have any other additional questions, please let us know. We're always here to help."
2771846,309037,Tue Nov 21 06:57:03 +0000 2017,"@AppleSupport any fix for the issue where Location Services icon is always visible? Particularly noticeable on iPhone X. 

https://t.co/zmRgO9Nd0Z","@309037 Let's look into this issue together. What iOS version is currently running on your iPhone X? Does this appear after a restart? Meet us in DM with your response, please. https://t.co/GDrqU22YpT"
2771852,774802,Tue Nov 21 06:05:41 +0000 2017,"@115858 @AppleSupport had submitted my iphone 7plus on 6th nov. service centre promised me to give a new iphone after checking the fault. now they say that they dont have stock. it is more than 15 days. Job no SOBO61117402575
pls resolve the issue asap.",@774802 We know how important it is to have your iPhone back to you. Let's chat over in Direct Message so we can gather some additional details to look into this with you. https://t.co/GDrqU22YpT
2771902,774814,Tue Nov 21 13:41:32 +0000 2017,@AppleSupport i wasn’t using an app. my phone screen locked i unlocked it and then it happened,@774814 What happens if you try to restart the iPhone? Does it still come up with connect to iTunes?
2771920,731258,Tue Nov 21 17:30:10 +0000 2017,@AppleSupport Hi! I followed all the step and nothing changed until now.,@731258 Thanks. Let's look into that further. Send us a DM and we'll go from there. https://t.co/GDrqU22YpT
2771933,117663,Tue Nov 21 05:01:23 +0000 2017,"@AppleSupport Hi there. I just hit the ""free upgrade"" for this new OS and now my computer won't boot. Your update wrecked my laptop https://t.co/Bp4nqkq1nV","@117663 Let's get your Mac back working for you. So we can get started with that, are you able to restart in Safe Mode: https://t.co/PQ4LSYhUTY Let us know in DM and we'll get started. https://t.co/GDrqU22YpT"
2771937,770598,Tue Nov 21 04:51:13 +0000 2017,@AppleSupport my iCloud is literally my life I have the most important apps and music that means the world to me. I would really appreciate if you guys unlock my iCloud account immediately. This is affecting my Job school and personal life,"@770598 We understand wanting to be able to access your important data. This article explains the Account Recovery process: https://t.co/SnE0Z3ADUS
Check out the section titled ""Check the status, start over, or try to shorten the wait"" for additional help."
2772627,266323,Mon Nov 27 00:29:59 +0000 2017,"@AppleSupport @116333 my new Macbook Pro died and the promised 3-5 day repair time is now well into 10 days, with the store being clueless. Cooool.","@266323 We'd like to learn more about the trouble you're having with your MacBook Pro and explore our options to assist. Meet us in DM, we'll continue from there. https://t.co/GDrqU22YpT"
2772644,774966,Mon Nov 27 00:27:00 +0000 2017,@AppleSupport I bought an iPhone and an iPad for my mum on apple store. 12 hours after the order you decided to charge my credit card for the iPad again. I wonder how your billing system even works or when I can get my $529 back.,@774966 We want to help get you pointed in the right direction. You'll want to speak to our team over in Online Store support. You'll be able to reach them here:  https://t.co/8yjRd1Xo0i
2772652,774969,Mon Nov 27 00:27:25 +0000 2017,"brand new phone and the home button already broken, haven’t even dropped my phone yet. you owe me @AppleSupport","@774969 Thanks so much for reaching out to us this evening. We'd be happy to look into the best options with you. To start, DM us some more information on what happened with your Home button, and where you're located and we'll continue from there. https://t.co/GDrqU22YpT"
2773121,775074,Tue Nov 21 11:16:40 +0000 2017,@775077 Yes it’s horrible. I need to keep my iPhone 6plus on charge all day now @AppleSupport,@775074 We understand how important your iPhone battery life is. We can definitely look into this with you. Send us a DM and we'll go from there. https://t.co/GDrqU22YpT
2773161,775090,Tue Nov 21 14:33:29 +0000 2017,"@AppleSupport Downloaded, just not installed. Installed 11.1.1 last week. I’ll try that and see if it fixes it.",@775090 Sounds good. Be sure to have a current backup before making changes: https://t.co/ui8Itz8ESg We're here for you if you need further assistance.
2773191,775099,Tue Nov 21 14:32:48 +0000 2017,@AppleSupport Version 10.13.1,@775099 Thanks for letting us know. Have you tried to restart the Mac? Do you have the same issues if you start your Mac in safe mode? This article will explain how to start in safe mode: https://t.co/PQ4LSYhUTY
2773232,153211,Tue Nov 21 15:29:27 +0000 2017,"@AppleSupport The Macbook freezes since I moved from 10.12.6 to 10.13.1 when plugging in my LG 5k after the Macbook spent some time asleep. 

Need to press the power button a few to revive/restart it.",@153211 Let's dig into this further over DM. Please message us there: https://t.co/GDrqU22YpT
2773246,523794,Tue Nov 21 09:52:36 +0000 2017,"@115858 @AppleSupport @116333 I bought an #IPhoneX, but I was cheated by #Apple in Italy. The Vat Refunds department refunds to me only a part of the expense and do not want to talk to me. Please help me!",@523794 We'd like to hear more about what happened. Please DM us about this and we'll continue there. https://t.co/GDrqU22YpT
2773285,775121,Tue Nov 21 21:02:35 +0000 2017,"@AppleSupport No I updated all of them. I tried listening to it on my ipad and I can hear it well and also on my iphone but when I record it, it doesn’t have the audio. I didn’t update my ipad to ios 11 so I don’t really know if it would have the same problem if I did record it",@775121 Thanks for that information. Let's continue our conversation in DM. https://t.co/GDrqU22YpT
2773302,775128,Tue Nov 21 14:02:05 +0000 2017,"@AppleSupport Yes, turning it off and back on again puts things back to normal for a while.","@775128 OK, thanks for confirming that. Does the issue eventually return after a while? If so, send us your current iOS version in DM. We’ll take a closer look at this with you there. https://t.co/GDrqU22YpT"
2773333,775135,Tue Nov 21 07:37:20 +0000 2017,@AppleSupport *I️,@775135 Thanks for reaching out! You’ll want to be sure to back up your iPhone and then update to iOS 11.1.2 as that is the latest. Check out this article for more information: https://t.co/xXaXeeSRt9 Let us know if you’re still having trouble after updating.
2774292,775339,Tue Nov 21 15:53:21 +0000 2017,"@AppleSupport Understandable. I was using Microsoft Word. My laptop updated to the newest system and when it came back on, my work was gone! Interesting thing is that it recognises when I last modified it but the changes don’t show up. Could be a problem with Word?","@775339 It's possible. Also, you may want to reach out to Microsoft Support to see if they have any suggestions for recovering your essay. Similar applications, like Pages, can keep your documents auto saved in iCloud and they may have a similar feature."
2774456,775386,Tue Nov 21 11:16:49 +0000 2017,But what about the I issue @AppleSupport? https://t.co/X0askpg9Kt,@775386 That was resolved in 11.1.1.  Updating to 11.1.2 includes this fix.
2775915,775653,Tue Nov 21 14:51:31 +0000 2017,Dear @AppleSupport Please fix the the pop up glitch for the Exchange email saying it isn't my correct password. It's super annoying.,"@775653 When did this begin? Also, what device are you using with Exchange?"
2775926,775655,Tue Nov 21 13:03:50 +0000 2017,"@AppleSupport I bought iPhone X on 3rd November which has some issue like Ringer is not working, Heating issue is also there.","@775655 Thanks for reaching out and congratulations on your iPhone X. Let’s work together to get these behaviors addressed. To verify, does this happen every time your iPhone X rings, or does it only happen sometimes? Let us know via a DM. We’ll keep moving from there. https://t.co/GDrqU22YpT"
2775948,775661,Tue Nov 21 16:38:19 +0000 2017,@AppleSupport I guess so.,"@775661 Updating to the latest version will help with this. If it is being seen in posts from other users, they will need to update their device as well."
2775956,392498,Tue Nov 21 14:41:56 +0000 2017,Has anyone had their Notes app@icon (or anything) just disappear on #iOS / #iPhone. The app seems to be on my phone still (and can be found in search) just not the icon anywhere. #iOS11 @AppleSupport,"@392498 That's not what we'd expect. What iOS version shows in Settings &gt; General &gt; About? Meet with us in DM, and we can check into this further together. https://t.co/GDrqU22YpT"
2775977,490986,Tue Nov 21 14:21:32 +0000 2017,@775669 @AppleSupport Ur not alone it happened to me today,"@490986 We understand how important good battery life can be. We're here to assist. Please meet us in DM, and we'll take a closer look at this with you. https://t.co/GDrqU22YpT"
2775979,775669,Tue Nov 21 14:09:10 +0000 2017,"@AppleSupport iPhone6s iOS 11.1.2 battery goes from 80% to 0 instantly. Plug it in, soft reset and the battery jumps back to 80%. Until the next time. What is going on????","@775669 We understand how important battery life is on your iPhone, and we're here to help! Send us a DM and we'll take a closer look at your device together there. https://t.co/GDrqU22YpT"
2775991,775672,Wed Nov 29 00:41:20 +0000 2017,"@775671 @AppleSupport I have the same problem on my new iPad Pro 10.5 no spotlight some time after booting device and no settings search regardless any changes. Updated from 11.1.1 to 11.1.2, hard resets (helps only for some time with spotlight), turn off and on, training on and off under Siri",@775672 We're happy to look into this further with you. Please send us a DM and let us know how often this is occurring. https://t.co/GDrqU22YpT
2776004,254552,Tue Nov 21 14:04:42 +0000 2017,So my @AppleSupport earbuds literally just shocked me in my ears. This happened on an old pair too. What the hell @115858?!?,"@254552 We'd like to look into this to see how we can help. DM us with the country you're located in, and we'll go from there. https://t.co/GDrqU22YpT"
2776020,775677,Tue Nov 21 13:33:11 +0000 2017,".@115948 @AppleSupport if I  enable iCloud Music Lib then I can’t manually manage existing playlists from Mac, this is crazy, pls fix it",@775677 We'd be happy to look into this with you. Can you provide us which version of macOS and iTunes you're using? The following link can help locate the macOS version: https://t.co/aTSJR8BjEc
2776045,462256,Tue Nov 21 13:51:05 +0000 2017,"Eita, @AppleSupport , esse High Sierra atrapalhando meu trabalho, deixando TUDO mais lento e derrubando os aplicativos abertos. Só estou esperando acabar o projeto atual e volto para o El Capitan.","@462256 Since our Twitter support is available in English, get help at https://t.co/IBIY3vMgPj or join https://t.co/pvaOFfPbjt"
2777523,775992,Tue Nov 21 15:37:11 +0000 2017,My apps have been shutting down randomly and my text haven’t been sending. @AppleSupport What’s really good?,@775992 We can definitely look into this with you. Which device are you using? Which macOS or iOS are you running currently?
2777537,775996,Tue Nov 21 15:25:57 +0000 2017,"@AppleSupport hi, i'm experiencing sudden app close since i updated my iOS to the latest version. i'm using iPhone 6s, any idea?",@775996 We appreciate you reaching out to us and are happy to help out however we can. Does this occur with all apps or specific apps?
2777565,776002,Tue Nov 21 15:00:39 +0000 2017,@AppleSupport why do i keep on getting error 12894 in the apple music when i want to play certain songs by cellular data? how to get rid of this error? https://t.co/8z3pPuY60z,@776002 We know how important it is to have your music ready to enjoy. We're happy to look into this with you. How many songs is this occurring with? Do you receive the error when playing the same tracks while connected to Wi-Fi?
2777618,776017,Tue Nov 21 15:44:47 +0000 2017,@AppleSupport I have and they still won't refund so I'll be going to my bank👍🏻,"@776017 Understood. If we can help with any other concerns, just let us know."
2779293,776308,Tue Nov 21 16:27:32 +0000 2017,@AppleSupport Yeah the phone I received from @118101 was a brand new iPhone so the charger and wire are brand new.,@776308 We'd like to take a further look at this with you. Please meet us in DM to proceed. https://t.co/GDrqU22YpT
2779302,509930,Tue Nov 21 16:15:47 +0000 2017,"@AppleSupport When I got the iPhone X. I’m thinking it comes with the update. Before I had the 6 and but didn’t have iOS 11 update. Now when I click on my Twitter or Snapchat app, my audio automatically pauses.",@509930 What version of iOS are you currently running? You can see that by going to Settings &gt; General &gt; About on your iPhone?
2779334,776314,Tue Nov 21 16:41:23 +0000 2017,@AppleSupport Don’t worry about it I’ll just reset my settings it’s all back to normal now,@776314 Wonderful! Let us know if you need any other assistance. We love to help.
2779365,776322,Tue Nov 21 15:30:34 +0000 2017,@106844 Amen! Mine starts dying at like 30% @AppleSupport,"@776322 We'd like to help. What kind of device do you have, and when did you first notice this issue? DM us with details using the link below. We'll work together to find a solution. https://t.co/GDrqU22YpT"
2779369,776324,Tue Nov 21 15:28:32 +0000 2017,@AppleSupport loving my Apple Watch 3 LTE with Apple Music. Any way to stream podcasts on the watch?,"@776324 That feature isn't available at the moment, but you can always leave feedback on getting that added here:  https://t.co/eTPVYVFyd8 Note that while we read all feedback left, you may not get a personal response."
2779863,454909,Fri Nov 10 04:10:40 +0000 2017,"@AppleSupport, im facing problem. 
That is : Mobile data on and working, then I start using wifi.. after some time when I stop using wifi and switch to mobile data only. It stops working 4 no reason.
To get it rectify I have to restart my device. 
Please help.","@454909 Let's get this resolved so you can use mobile data without an issue! 

When this happens, do you get an error message at all? 

Also, can you let us know which device and software version you're using? That will help us narrow this down a bit more."
2780620,776604,Tue Nov 21 16:40:17 +0000 2017,@AppleSupport can i just get a free X cause my phone blacked out like 3 times,"@776604 Let's get your iPhone working as it should. When this happened, did the iPhone restart, or return to the home screen? Let us know in DM. https://t.co/GDrqU22YpT"
2780680,652312,Tue Nov 21 16:53:36 +0000 2017,@AppleSupport Thanks checked that out but only my synced songs are playing. Not the entire library. Any advice?,"@652312 When you try to play the songs not synced, is your iPhone within range and connected to your Apple Watch? What series of Apple Watch and version of watchOS are we working with? To confirm, you have an active Apple Music subscription, correct?"
2780704,776624,Tue Nov 21 16:20:43 +0000 2017,.@115948 were can I find liner notes? Trying to see who sang on &amp; produced some of these tracks on Jaden Smith's SYRE. @AppleSupport,@776624 Hey there. Are you using iTunes or the Music app on iOS?
2782022,776917,Tue Nov 21 17:07:35 +0000 2017,So @AppleSupport is not gunna do anything about this question mark I problem my phone is $850 and i can’t even type in first person 🤔 @125607 Wassup,"@776917 Thanks for reaching out to us. We have released a newer iOS version to help with what you're seeing. Make sure you have a recent backup, then update to iOS 11.1.2 as listed here: https://t.co/ahjigcvFRG"
2782597,777049,Sat Nov 18 11:55:04 +0000 2017,"@AppleSupport PFA, even when I updated I gt a error warning stating,unable to update the touch ID.U must fix this.This is really a smart trick so that I wl purchase urs new dum Iphone7,I m a happy customer of 5s&amp;iphoneX. https://t.co/IuofZa4HSo",@777049 Thanks for including that screenshot! We know the importance of getting that fixed quickly. Send us a DM to continue. https://t.co/GDrqU22YpT
2783314,422109,Tue Nov 21 17:24:03 +0000 2017,"@AppleSupport Hello, @UPSHelp is telling me there’s an iPhone holdup even though they have possession of the package. Can you verify this holdup and explain the delay for your shipping partner?",@422109 We can look into it this with you. Reach out to our Online Sales Support team for more information: https://t.co/l9vC3IRh4z
2783318,701367,Tue Nov 21 17:27:20 +0000 2017,@AppleSupport my iPhone X was supposed to have a delivery date of Nov 16th; that changed to the 20th. Said out for delivery yesterday but never came. Then it said delayed by one business day and when I called UPS they said it’s not on the truck yet. What’s going on?,"@701367 We'd be happy to take a look!  To begin, can you DM us where you purchased your iPhone X?  For example, through our Apple Online Store, your carrier, or a third party provider? https://t.co/GDrqU22YpT"
2783336,777208,Tue Nov 28 01:37:05 +0000 2017,@AppleSupport My phones having the same issues every iPhone user I have talked with is having.  I’m sure you are aware of them.  Constant glitches and freezes.  Super frustrating for me as I’ve argued the opposite being the reason to buy Apple products.,@777208 We want you to have a phone that you can rely on. Let's look into this and see what we can do to get this resolved for you. DM us to get started. https://t.co/GDrqU22YpT
2784590,777500,Tue Nov 21 18:07:06 +0000 2017,@AppleSupport iPhone 6s+ and I haven't updated to 11 but this has been happening for quite some time now. Last time I updated it wiped my phone so been delaying this one.,@777500 We want to help! DM us and let us know more about the issues you are having. We can look more into this issue from there. https://t.co/GDrqU22YpT
2784606,777502,Tue Nov 21 17:57:22 +0000 2017,@AppleSupport sir i have using apple iPhones past 3 years and recently bought iphone7 and was happy but den these ios updates worst ever updates ever phone is hanging cant use multiple apps at the same time never expected this from apple...worst updates ever,@777502 Hi there. We'd like to help with your iPhone 7. Please tell us what version of iOS you see under Settings &gt; General &gt; About &gt; Version.
2784627,777506,Tue Nov 21 18:11:21 +0000 2017,My battery life is not good where the service centre in bihar patna. @AppleSupport,@777506 We’re here to help. Please DM us the software version you’re using so we can better assist you. https://t.co/GDrqU22YpT
2784634,777508,Tue Nov 21 18:09:53 +0000 2017,@AppleSupport I need Help! https://t.co/H6ob8qTrPm,"@777508 Thanks for reaching out! We've received your DM, and will continue there."
2785640,152728,Tue Oct 31 18:44:21 +0000 2017,I have to be missing something @AppleSupport because I can't find iTunes in the Apple Watch app. Any clues? https://t.co/7xaB3NiPm4,@152728 We want to help. DM us the version of watchOS that's running on your Apple Watch and we'll get started. https://t.co/GDrqU22YpT
2786388,670640,Tue Nov 21 23:02:12 +0000 2017,@AppleSupport I have 11.1.2 &amp; yes it’s safari searching google images.,"@670640 Got it, thanks for clarifying. Let's verify that images on other websites and in apps aren't similarly blurry. Is this same blurriness visible anywhere else, such as in your Photos app, or on other websites?"
2786432,777936,Tue Nov 21 18:56:01 +0000 2017,@AppleSupport This doesn’t help. That’s what I do. And then when I’m driving I see my WiFi turned back on trying to find a signal and slowing down my phone.,"@777936 Going into Settings &gt; Wi-Fi to turn off the feature, that should completely turn it off. Since it's not, let's take a closer look into the issue in a DM. Select the following link to join us there and provide us the iOS version number currently on the iPhone. https://t.co/GDrqU22YpT"
2786486,137638,Tue Nov 21 18:20:43 +0000 2017,@AppleSupport it would be nice if you guys could stop turning on my Bluetooth and WiFi randomly thanks,"@137638 If you are on the latest iOS, Bluetooth and Wi-Fi can be turned off completely in your Settings. See this guide for more information: https://t.co/G7BHuQnDS6"
2787826,778261,Tue Nov 21 19:10:37 +0000 2017,@AppleSupport @115858 The battery is non existent and the iOS hasn’t stopped sucking since you released iOS 11,@778261 We'd like to assist you with this. Please join us in DM here and provide us with the software version that is currently running on your phone: https://t.co/GDrqU22YpT
2787908,778275,Tue Nov 21 18:49:26 +0000 2017,@AppleSupport the latest upgrade really drains the battery fast. Is there anything we can do about that please? https://t.co/IaOpNEBRoJ,"@778275 It’s important for you to be able to rely on your battery life. Let’s see what we can find out. To start, what device are you having the issue with? Which software version are you currently running on the device?"
2787908,778275,Tue Nov 21 18:49:26 +0000 2017,@AppleSupport the latest upgrade really drains the battery fast. Is there anything we can do about that please? https://t.co/IaOpNEBRoJ,"@778275 It’s important for you to be able to rely on your battery life. Let’s see what we can find out. To start, what device are you having the issue with? Which software version are you currently running on the device?"
2789170,778551,Tue Nov 21 19:58:59 +0000 2017,@AppleSupport iPhone 7 version 11.1.2,"@778551 Thanks for keeping us updated. Does this behavior happen consistently, or does it only happen sometimes? Is the entire screen affected, or just a portion? Let us know via a DM. We’ll keep moving forward from there. https://t.co/GDrqU22YpT"
2789208,778558,Tue Nov 21 19:31:10 +0000 2017,"This isn’t good - right? #applemac #imac #hellinahandbasket @AppleSupport @ Norwich, Norfolk https://t.co/nlY9NBrM3f",@778558 We know how important it is to have your iMac booting up and ready to go. Let's look into this further together. Follow these steps to start up in Safe Mode and send us a DM with the results: https://t.co/PQ4LSYhUTY https://t.co/GDrqU22YpT
2789226,778565,Tue Nov 21 19:25:25 +0000 2017,Just had the rudest customer service rep with @AppleSupport trying to help an elderly library patron with her iPad.  Just bought a new iphone X.  Maybe shouldn't have...,"@778565 We'd like to look into this. To do that, please share more info with us in DM: https://t.co/GDrqU22YpT"
2789237,602217,Tue Nov 21 19:32:08 +0000 2017,"whats going on @115858 my phone stuck again with apple logo do we need to think seriously about switching form IOS
@AppleSupport @118721",@602217 Let's look into that. Let's continue in DM. https://t.co/GDrqU22YpT
2789249,778570,Tue Nov 21 19:16:58 +0000 2017,"@AppleSupport My IPhone 6 freezes and I have Bluetooth issues too !!! Need help (or new iphone x ) lol 
New updates slows the phone and makes you wanna buy new phone 📲",@778570 Thanks for reaching out. We're here to help. DM us so we can look into this further with you. https://t.co/GDrqU22YpT
2790661,208017,Tue Nov 21 20:05:05 +0000 2017,"@AppleSupport You should check 3D Touch. Varying the pressure settings does not change anything on my phone?! iPhone X, iOS 11.1.2","@208017 We'll be glad to help you with this. Go to Settings &gt; General &gt; Accessibility &gt; 3D Touch, then choose Light, Medium, or Firm sensitivity to adjust the amount of pressure needed to activate 3D Touch. Does that help?"
2793179,779495,Tue Nov 21 20:55:01 +0000 2017,@AppleSupport is this real?? Please help! https://t.co/cMXNhOmsXA,@779495 This is not from us and we strongly advise not following what it advises you. Can you let us know when it is that this message appeared? What were you doing on the device directly prior to it appearing?
2793189,570521,Tue Nov 21 20:49:56 +0000 2017,@AppleSupport I'm trying to transfer my photos to my laptop but the photos app keeps on crashing and getting rid of the photos 😑,"@570521 Hey, let's get you some help so that you can safely transfer all those photos. Please reach out to our Photos experts using this link: https://t.co/IBIY3vMgPj They'll take a look and see what's going on."
2794335,779798,Tue Nov 21 21:22:02 +0000 2017,@AppleSupport Hi I keep getting these emails from “Apple Support”. But I’m 99% sure it isn’t real https://t.co/r6R5zd9MhH,"@779798 Thank you for reaching out for support! We'd be asking for help as well if we received an email like this. To help us dig deeper, could you DM us the sender's email address? In the meantime, here's a great article about phishing emails: https://t.co/LNMCdqbuR3 https://t.co/GDrqU2kzhr"
2794350,779803,Tue Nov 21 21:31:37 +0000 2017,Is this a known issue w/ notifications glitching? @AppleSupport what’s up @107303 https://t.co/QYqzbHR1MT,"@779803 We can help out. Is it all notifications that are having this issue, or just specific apps?"
2795446,780060,Tue Nov 21 22:02:19 +0000 2017,"@AppleSupport @115858  Bjr, depuis la nouvelle MAJ, mes messages ne restent plus afficher sur mon écran verouillé alors que je ne le déverrouille pas. Comment faire pour qu’ils restent afficher comme avant ? Jusqu’au déverrouillage ? Merci #apple #ios11",@780060 We offer support via Twitter in English. Contact us for help in your preferred language here: https://t.co/IBIY3w3RGR
2795452,780062,Tue Nov 21 21:50:03 +0000 2017,"Dear @AppleSupport , After the latest update, my battery runs out faster.  Fix this please.",@780062 We know how important battery life is. We'd like to help out the best we can. We recommend checking out this link: https://t.co/bivpdfkckw
2795484,780074,Tue Nov 21 21:24:15 +0000 2017,@AppleSupport Is there a way to check the overall battery health of my iPhone 6S Plus?,@780074 We want to help. DM us and we'll work from there. https://t.co/GDrqU2kzhr
2795486,780075,Tue Nov 21 21:51:52 +0000 2017,@118721 @AppleSupport fake invoices seem to be doing the rounds again ... https://t.co/ZfZMpXZr6I,"@780075 Hey there. Great catch! That does appear to be a phishing attempt. Learn more about phishing, including where to forward that email, here: https://t.co/LNMCdqbuR3"
2795506,462498,Tue Nov 21 21:35:39 +0000 2017,@AppleSupport Is there a way to fix these messed up notification previews? https://t.co/YLAKoLldTg,@462498 We'd be happy to look into this with you more in detail.  Please reach out to us via DM and let us know if a restart helps. https://t.co/GDrqU2kzhr
2795908,780174,Mon Nov 27 01:29:24 +0000 2017,@AppleSupport yes,"@780174 With Apple Music active, the practice of syncing content using iTunes is no longer. Instead, use iCloud Music Library to have access to all of your content across all of your devices. More here: https://t.co/9VQ9VywZJ2"
2798397,780775,Tue Nov 21 23:00:03 +0000 2017,Anyone else’s iPhone suddenly autocorrecting “it” to “I.T”?? #AskingForAFriend #AskingForMyself @AppleSupport,"@780775 Thank you for reaching out to us. Let’s work together to find the best course of action for this issue. To start, what device model and software version are you using?"
2798417,780783,Tue Nov 21 23:08:27 +0000 2017,@AppleSupport I have a couple pairs of bluetooth headphones that my #phonex won’t even detect.  It does work with my car’s bluetooth however.  I just upgraded to 11.1.2 and that didn’t fix the issue.,"@780783 Wireless headphones are a great accessory and we'd like to do all we can to get them both working for you. As it works with no issues on your car stereo with Bluetooth, that's a good sign from your iPhone. Any firmware updates available for your headphones?"
2798441,780789,Tue Nov 21 23:06:34 +0000 2017,Dear @AppleSupport why do you make it hard to get a Genius Bar appt? I have a crippled iPad &amp; I don't want to chat. I want to have it fixed.,@780789 Thank you for getting in touch with us. Can you tell us a bit more about what you're experiencing with your iPad? We'll be glad to help. Please DM us your answer. https://t.co/GDrqU22YpT
2799421,388004,Tue Nov 21 23:42:01 +0000 2017,@AppleSupport how do I find PDFs that keep mysteriously disappearing from my iBooks collection?!?,@388004 We'd love to help. Can you tell us which device you're using to view and store your PDFs?
2799437,781040,Wed Nov 22 00:01:58 +0000 2017,"@AppleSupport iPhone 7, currently running iOS 11.1","@781040 Good to know. We have had some updates since iOS 11.1. We suggest backing up your iPhone to start. Then update iOS to its latest version. If the other party you're trying to FaceTime isn't fully up to date, you may want to let them know to update as well."
2799465,781046,Tue Nov 21 23:20:08 +0000 2017,@AppleSupport Why do I keep getting a ‘unable to reply to family sharing invitation’ for my wife?,"@781046 Let's sort this out together. Send us a DM, and we'll get started. https://t.co/GDrqU22YpT"
2799467,781047,Tue Nov 21 23:34:03 +0000 2017,Anyone else having issues connecting device to net since latest @AppleSupport update? Or is it an issue with @107449 this morning?,@781047 We'd be happy to look into this with you. Send us a DM and we'll go from there. https://t.co/GDrqU22YpT
2800571,781294,Wed Nov 22 00:12:37 +0000 2017,@AppleSupport My home screen is showing a song I played hours ago while I’m listening to something else? I have to swipe up to change my current song or pause it in the control center. Help? https://t.co/ZAwlPyEyr5,@781294 What happens if you restart your iPhone? Let us know in DM if that doesn't resolve the issue. https://t.co/GDrqU22YpT
2801488,781520,Wed Nov 22 00:42:23 +0000 2017,@AppleSupport Any reason as to why find my iPhone alert went off randomly? My account isn’t even logged in on other devices,@781520 We'd like to look into this with you. Could you Direct Message us and let us know what device you saw this alert on? https://t.co/GDrqU2kzhr
2801513,565386,Wed Nov 22 00:27:56 +0000 2017,Does anyone know if there is a warrantee on the charging adapter for an @115858 (@AppleSupport) iPhone? #quit https://t.co/gW7H4OB1Rx,@565386 Great question. Which country are you contacting us from today? We want to provide you with the correct information. DM us here: https://t.co/GDrqU2kzhr
2802427,781746,Wed Nov 22 01:05:46 +0000 2017,@AppleSupport i have my trade in kit to send back my old iphone but do i keep the SIM card or ship that back as well? a little confused,"@781746 While this link is more for how to prepare your iPhone for service, we recommend the steps in it for this occasion as well, including keeping your SIM card: https://t.co/Ttfes3FATB"
2802474,781757,Wed Nov 22 01:05:43 +0000 2017,@AppleSupport Thanks. …but that doesn’t explain why I don’t see the Apple Pay in messages feature.,@781757 That feature hasn't been released in our public iOS versions yet.
2803455,781993,Wed Nov 22 01:31:36 +0000 2017,@AppleSupport Never mind i just restarted my phone and now its working perfectly fine,"@781993 Great, glad the issue has been resolved. Feel free to reach back out to us if you need any assistance."
2803459,419762,Wed Nov 22 01:35:44 +0000 2017,@AppleSupport my Apple Watch 2 (OS 4.1) no longer notifies me when I️ close any / all of my rings. All activity notifications are turned on. Any ideas?,@419762 Let's take a closer look at this. Join us in DM so we can better assist you: https://t.co/GDrqU22YpT
2804334,782202,Wed Nov 22 02:47:08 +0000 2017,@AppleSupport Yet to try..see you in the evening,@782202 When you're able to try those steps let us know the results in DM. https://t.co/GDrqU22YpT
2804348,782205,Wed Nov 22 02:11:16 +0000 2017,@AppleSupport It is not updated and it connects successfully all the time.  It just keeps disconnecting and reconnecting,"@782205 Thank you for clarifying. Next, try restarting it to see if that helps. Then, backup your data and update to test the issue: How to back up: https://t.co/4f8hwT5to6"
2804357,782207,Wed Nov 22 02:03:20 +0000 2017,@AppleSupport help!! I updated my MacBook Pro mid 2012 to High Sierra last night and it’s super super slow.  I need it for school (finals week coming) I’m so upset. :(,"@782207 Hello. We definitely know that the performance of your MacBook Pro is important. Which macOS did you update to? Here's how to check:

https://t.co/aTSJR8BjEc

Also, is there a specific application that is running slow?"
2805141,782403,Wed Nov 22 02:29:20 +0000 2017,"@AppleSupport after updating to High Sierra, my 13"" macbook pro (early 2015) battery life is seriously terrible. i don't do anything different compared to before i updated... so i don't know why my battery drains so quickly now. please fix this issue 😢",@782403 We'd love to work with you concerning your battery. Please tell us which version of macOS High Sierra you have installed on your MacBook Pro?
2805186,459903,Wed Nov 22 02:16:36 +0000 2017,@AppleSupport why is Safari not showing the Vote buttons on this and another poll (same website - mobilesyrup.ca) while Firefox is? (Safari has no Vote buttons as you can see.) https://t.co/3f9tLheeb8,"@459903 We're glad you reached out to us, and we'll do all we can to help. Which iOS version is running on your device? Tap on Settings &gt; General &gt; About to find out. Keep in mind, this question may be better suited for the curator of the website."
2806671,782791,Wed Nov 22 03:44:16 +0000 2017,@AppleSupport WHAT IS THIS? I just want to use my MacBook help me ! https://t.co/DVfq8nTwx3,"@782791 Thank you for reaching out. We're here to help. Have you tried restarting by holding the power button? Does this appear on each startup? Also, what is your current OS?"
2807586,783008,Wed Nov 22 04:09:00 +0000 2017,"#HighSierra 
2 hours and 42 minutes for 4 hours now ??
And then when i restart it 
I tried again and the problem """" the recovery server could not be contacted"""" came out ??
 @AppleSupport https://t.co/wPuntMr57g",@783008 We'd like to help. Send us a DM and we can start there. https://t.co/GDrqU2kzhr
2807608,783016,Wed Nov 22 04:01:05 +0000 2017,@AppleSupport can you please investigate the email I received below? Looks like scam. https://t.co/9HUajMeLJt,@783016 DM us and we'll be happy to help. https://t.co/GDrqU2kzhr
2811393,783985,Tue Oct 31 19:15:59 +0000 2017,@AppleSupport Resolved it was carriers fault #sorry,@783985 We're glad to hear it's working. Let us know if you ever need support.
2811397,783986,Tue Oct 31 19:01:17 +0000 2017,@AppleSupport my phone i jackshit slow after the upgrade,@783986 Thanks for contacting us. This is not an experience we want you to have. Could you please tell us which iOS version you're on?
2812623,784260,Mon Nov 27 01:17:45 +0000 2017,"@115858 @AppleSupport 
I’m scared to update my phone to the newest update because many people lost all their data on their mobile  and the biggest problem is that I don’t know how to use I Cloud. What should I do.💔",@784260 Thanks for reaching out to us. We'd recommend always having a recent backup of your device. Check out this link for more information on how to create one: https://t.co/4f8hwT5to6
2813640,784494,Mon Nov 27 01:39:29 +0000 2017,"@AppleSupport what to do with the green line in the iphone X, i got yesterday.",@784494 Let's look into this for you. This is not the experience we want you to have. Send us a DM and we can go over some options. https://t.co/GDrqU22YpT
2814280,708505,Sat Nov 11 04:51:12 +0000 2017,While i was previously working with the senior advisor named James on my recent case he just disconnected the chat session while i was typing. So unprofessional. Is this the way you treat your customers? @116333 @AppleSupport,@708505 We want to continue to help out. Your DM has been received. Look for a response from us shortly there. Thank you.
2814541,784685,Sat Nov 11 05:38:58 +0000 2017,This has been happening to my phone for some reason. It isn’t text replacement either. @AppleSupport https://t.co/BOrss42ZMT,"@784685 We released iOS 11.1.1 the other day to help assist with this auto-correct issue. Create a back up of your data first. Then to update your iOS, go to Settings &gt; General &gt; Software Update and tap Download and Install. Let us know if that fixes it."
2814565,784690,Wed Nov 29 00:23:38 +0000 2017,"@115858 @AppleSupport NOW MY PHONE CRASHES WTF 😡😡😡 
IM SO MAD UGH","@784690 We can help. Meet us in DM with details of when the device powers off and if you are able to power back on, please. https://t.co/GDrqU22YpT"
2814611,574483,Mon Nov 27 02:09:31 +0000 2017,@AppleSupport ummm I’m just trying to download a free app idk what y’all are on about.. https://t.co/zhMm7RldjV,@574483 We'd be happy to help. Send us a DM and we can start there. https://t.co/GDrqU22YpT
2814620,784705,Mon Nov 27 02:44:28 +0000 2017,"@AppleSupport Just had a great online chat with Salvador and he helped me through some troubleshooting, then booked me a Genius Bar appt. 👏🏼 thank you!!!",@784705 Fantastic! Feel free to reach back out if you have any other questions; we'd be happy to help. Have a great rest of your day!
2815602,784958,Mon Nov 27 03:15:13 +0000 2017,@AppleSupport I have not made any changes or updates to my phone 📱,@784958 Check for the photos on a computer at https://t.co/7dGucC7au3 and meet us in DM to let us know if they are still present. https://t.co/GDrqU22YpT
2815617,784963,Mon Nov 27 02:50:00 +0000 2017,@AppleSupport 11.1.2 and it’s only the rear camera. It’s doing it on all my apps + my camera.,"@784963 Do you have a case on your iPhone? If yes, does the same issue remain with it taken off?

Which country are you located within?

Please keep us posted on both details in DM here: https://t.co/GDrqU22YpT"
2815617,784963,Mon Nov 27 02:50:00 +0000 2017,@AppleSupport 11.1.2 and it’s only the rear camera. It’s doing it on all my apps + my camera.,"@784963 Do you have a case on your iPhone? If yes, does the same issue remain with it taken off?

Which country are you located within?

Please keep us posted on both details in DM here: https://t.co/GDrqU22YpT"
2816403,785131,Mon Nov 27 03:20:38 +0000 2017,Looks like @AppleSupport upgraded my investment out of commission. 😰 Is there any way to get Logic 9 to work on High Sierra or go back in time 30 minutes? Never would have updated if I knew I’d be out $200,@785131 We'd like to help. Here's more information on reverting back to an older macOS version: https://t.co/YAk2zGqWTG
2817766,785450,Sat Nov 11 13:58:04 +0000 2017,"@AppleSupport 
Since iOS 11, speak selection does not work properly in iBooks. It became even worse when I updated to iOS 11.1","@785450 Hi there! We want to ensure your iBooks works as you expect. Are you still on iOS 11.1? If so, please make a current backup of the device, and then update the iOS software. Let us know via DM if the issue persists after that update. https://t.co/GDrqU22YpT"
2817766,785450,Sat Nov 11 13:58:04 +0000 2017,"@AppleSupport 
Since iOS 11, speak selection does not work properly in iBooks. It became even worse when I updated to iOS 11.1","@785450 Hi there! We want to ensure your iBooks works as you expect. Are you still on iOS 11.1? If so, please make a current backup of the device, and then update the iOS software. Let us know via DM if the issue persists after that update. https://t.co/GDrqU22YpT"
2820444,188686,Sat Nov 11 17:12:25 +0000 2017,"Dear @AppleSupport, could you make this not happen. I’ve got two chats going with the same people ‘cause they’re names are reversed. https://t.co/E9qdYwZBju","@188686 We're happy to lend a hand with your Messages app. Does this persist after deleting and restarting the messaging thread? Also, what iOS version is installed on your device? DM us your reply, and we'll take it from there. https://t.co/GDrqU22YpT"
2821537,786350,Sat Nov 11 19:08:09 +0000 2017,"@AppleSupport is the app store down or having problems ? i can’t download any apps , i got enough storage too.","@786350 We'd like to gather some more info to see how we can help. Could you confirm what device you're using, along with your current OS version? Along with that, let us know what happens when you try to download apps. Send those details to us via DM. https://t.co/GDrqU22YpT"
2825310,503841,Sun Nov 12 00:37:56 +0000 2017,Hey @AppleSupport what’s up with this new update? My phone keeps freezing and cutting off on its own.,"@503841 You've come to the right place, we're happy to help. We know how important it is to have your iPhone performing at its best. Send us a DM telling us which iPhone you have, iOS version number it's running, and what apps you're using when the performance is affected. https://t.co/GDrqU22YpT"
2825891,668442,Sun Nov 12 01:14:54 +0000 2017,"@AppleSupport my battery is borked. It started acting horribly, but I turned off a bunch of stuff then was fine until I updated to 11.1.1 and now it just melts and charges slowly.","@668442 We appreciate you reaching out to us about this issue. We know how important battery life is, so we'd be happy to look into what's going on. Before we start, can you DM us which iOS device you're experiencing issues with, and we'll start from there. https://t.co/GDrqU22YpT"
2831834,257987,Mon Nov 27 04:16:21 +0000 2017,@115858 @AppleSupport After upgrading my iPhone to 11.1.2 my notes are https://t.co/es90GCKOzN can i recover them back ?,"@257987 Thanks for reaching out. Were your notes saved to iCloud? If you go to https://t.co/MdGttkkFL9 from a desktop browser, do you see your notes there?"
2833012,297947,Mon Nov 27 08:06:21 +0000 2017,@AppleSupport Hi! I installed iOS 11 yesterday on my 6+ but it runs so bad on my device. Is there a way to revert back to 10.3.3?,"@297947 Hi there. We don't support going back to iOS 10.3.3. However, we would like to look into any issues you have with your device. Send us a DM so we can look into this with you there. https://t.co/GDrqU22YpT"
2833041,788698,Mon Nov 27 21:22:12 +0000 2017,"@AppleSupport I’m pretty sure everyone is experiencing it, everyone that has an iPhone lol",@788698 Can you tell us which iOS version you're running?
2833096,788713,Mon Nov 27 13:57:36 +0000 2017,"@AppleSupport Maybe for about 3 months, it used to be pretty far apart like hours apart now it feels like every 20 minutes or so. And i have an iPhone 7",@788713 Which version of the iOS is currently installed on the device? https://t.co/GDrqU22YpT
2834254,788978,Sun Nov 12 11:33:44 +0000 2017,@AppleSupport This morning was the 4th time my alarm hasn’t gone off. I have two set for 5 minutes apart every day &amp; neither went off. I’ve used daily alarms for years &amp; never had one not work until the last update. Why is this happening? How do I fix it?,@788978 Being able to rely on your alarms is important. Let's see what we can do to get down to the bottom of this with you. Let's create a new alarm at least 5 minuets into the future and let us know in DM if it works. https://t.co/GDrqU22YpT
2834404,789018,Mon Nov 27 08:23:06 +0000 2017,@AppleSupport . @AppleSupport how do I fix this?,@789018 Let’s dig a little deeper to see what we can find out. Does this happen with every contact or only this one? Did this issue only start with the iOS 11.1.2 update or did you notice it with other versions of iOS 11 as well?
2834448,789028,Mon Nov 27 09:47:58 +0000 2017,@AppleSupport how can you charge over £20 for chargers that won’t last even a month. Put a warranty on them or change to universal chargers like androids. This is ridiculous,@789028 We'd be happy to look into this with you more in detail.  Please reach out to us via DM and we'll get started. https://t.co/GDrqU22YpT
2834467,789033,Mon Nov 27 08:59:58 +0000 2017,Hey @AppleSupport why does my Apple Pencil keep on getting disconnected every 15 mins even though I have paired it with my iPad? Is it a software issue?,@789033 Let's get this sorted out together. When did you last charge your Apple Pencil? Has anything changed since last being able to use your pencil without it disconnecting?
2834485,397017,Wed Nov 29 10:49:09 +0000 2017,@AppleSupport Yes the status light comes on but the right AirPod won’t charge. The left one charges without a issue,"@397017 Next, let’s tell any device that the AirPods are pared with to “forget” them (on an iOS device you can do this in Settings &gt; Bluetooth). Once that is done, follow the instructions under “If you can’t set up your AirPods” here: https://t.co/1gycpwHngk"
2835748,789317,Mon Nov 27 13:36:16 +0000 2017,Are you serious? Why that happens? @AppleSupport https://t.co/QHgJO0L9rL,@789317 It looks like you're having a problem with the zoom on your device. We'd be happy to find out what's going on. Could you DM us which iPhone you have and when you first noticed this? We'll get started from there. https://t.co/GDrqU22YpT
2835756,449595,Mon Nov 27 13:15:28 +0000 2017,@AppleSupport think this is ascamcanyou confirm? Got this text message https://t.co/JiUvAUbbPr,"@449595 We're glad you ask. This appears to be a phishing message. You can learn more about identifying, avoiding, and reporting such messages here: https://t.co/LNMCdqt6fD"
2835766,789321,Mon Nov 27 21:31:46 +0000 2017,"@AppleSupport I tried to login to facetime on my friend's iphone, it gave me the same error but his apple id is working perfectly fine on his iphone","@789321 That's very helpful information. In that case, please DM us which country you're tweeting from, and we'll proceed from this point in DM to help get this resolved. https://t.co/GDrqU22YpT"
2835828,328358,Mon Nov 27 12:28:44 +0000 2017,@AppleSupport Now at 54% just one of the software updates along with ios11.,@328358 Let's help take a closer look. Follow up with us in DM. Tell us the version of iOS installed there. https://t.co/GDrqU22YpT
2835835,789341,Mon Nov 27 12:30:28 +0000 2017,"@115858 @AppleSupport have software 11.1.2, my IPhone X screen stil becomes unresponsive at times, what gives?",@789341 Thanks for reaching out to us. We are always happy to help. Send us a DM so we can look into this with you there. https://t.co/GDrqU22YpT
2835878,789354,Mon Nov 27 10:51:03 +0000 2017,"@AppleSupport I need to recover my appleId, I am putting it in recovery from last 3 times, wait for 4 days but every time it looses status and ask me to put it in recovery again. Can I get my appleID deleted so that i can make a new one?",@789354 We know your Apple ID is an important part of your Apple products. Have you tried to regain access to your account following the steps here: https://t.co/fJnZYmbI9N
2835885,789356,Mon Nov 27 11:27:51 +0000 2017,"@AppleSupport hi, for some reason Siri isn’t available on my iphone7 anymore! Please support https://t.co/AJgMcL5MH0","@789356 Hey, we can help you figure out what's going on with Siri. First, let's check Restrictions. Go to Settings &gt; General &gt; Restrictions, and make sure that Siri &amp; Dictation isn't off."
2835902,789361,Mon Nov 27 10:55:50 +0000 2017,@AppleSupport Does the apple watch 3 gps work with iphone 5? I spoke to a genius and they said yes but your spec says iphone 5s? Hmmmmm 🤔,"@789361 Hi there, thanks for reaching out! Apple Watch Series 3 (GPS) requires an iPhone 5s or later with iOS 11 or later. Check out this link for more information: https://t.co/WwczUxzLM1"
2835905,789362,Mon Nov 27 11:22:03 +0000 2017,#Apple @AppleSupport  it would be great if sometime soon Apple software could allow a picture attachment to be added to the Calendar for diary events,"@789362 Your suggestions and feedback are an important part of what helps us improve our products. To make sure it gets to the right place, submit it here: https://t.co/eTPVYVFyd8"
2837114,789645,Mon Nov 27 15:49:12 +0000 2017,@AppleSupport Nope bestbuy.,"@789645 Got it. Next, follow each of these steps and let us know in DM if the cable still seems to be the problem: https://t.co/9sDVpLL6zX https://t.co/GDrqU22YpT"
2837118,789646,Mon Nov 27 15:01:45 +0000 2017,My @115948 isnt working @AppleSupport plssss help,@789646 We want to help. DM us details on what device and OS you're using Apple Music on and details of what exactly isn't working. We'll work together on getting you back to enjoying your Music service. https://t.co/GDrqU22YpT
2837120,789648,Tue Nov 28 08:48:06 +0000 2017,@AppleSupport @789647 My screen is still crazy and unresponsive.. any help?,@789648 We’d be happy to help get your iPhone running properly.  Which iPhone and iOS version are you using?  Please reply in DM. https://t.co/GDrqU22YpT
2837128,740944,Mon Nov 27 14:30:34 +0000 2017,"Hey @AppleSupport why is my 6s rebooting randomly, takes blank pictures when I’m trying to take a photo, and slowing down? I heard iPhones only have a life of two years and this happens to force me to upgrade. #iPhone8 #iPhone","@740944 If you're running into issues with the way your iPhone is running and responding, we'd like to help you out. Please tell us the exact issue(s) you're experiencing. Also, please let us know what version of the iOS software you currently have installed. https://t.co/GDrqU22YpT"
2837161,789658,Mon Nov 27 18:19:43 +0000 2017,@AppleSupport Ios ver 11.1.2. I tried with booth wifi and cellular data. All aps cannot be updated and downloaded.,@789658 What happens when you attempt to download new items and update current apps? Are you getting an error message? https://t.co/GDrqU22YpT
2837189,789666,Mon Nov 27 15:27:18 +0000 2017,@AppleSupport It’s 11.1.2 and has been doing it since the iOS 11 update. It’s not apps. Just the notifications screen so I can’t view texts or really any notification.,"@789666 To confirm, this happens on the lock screen? It appears to be missing notifications, time &amp; date, and unlock option. If not, does it happen in Notification Center?"
2837212,789668,Mon Nov 27 14:19:43 +0000 2017,@AppleSupport I am disabled out of my iPhone and is telling me to connect to iTunes. I am receiving an error code of 0xE000015. Please help,"@789668 We're happy to help. To start, are you connecting to iTunes on a PC or a Mac? Also, what version of iTunes are you running?"
2837220,789670,Mon Nov 27 15:57:37 +0000 2017,@AppleSupport Yes. Clean install to 11.1.2. I’ve turned off background refresh and all things that could be slowing it down and draining the battery. When typing the keyboard lags and freezes. Apps constantly crash. And my battery lasts maybe 5 hours max on full charge with moderate use.,"@789670 OK. Since you're noticing a number of behaviors, we’d like to focus on one at a time. Have you had a chance to restart your iPhone since noticing that the keyboard lags? This step may seem simple, but it can resolve issues minor issues. DM your response: https://t.co/GDrqU22YpT"
2838625,790000,Mon Nov 27 15:58:50 +0000 2017,@AppleSupport iPhone 6S and I’m on iOS 11.1.2,@790000 What occurs when trying to re-download your music? https://t.co/GDrqU22YpT
2838638,790003,Mon Nov 27 15:56:55 +0000 2017,"@115858 @AppleSupport can you guys please fix the update on the iPhone. My phone literally freezes 6 times a day, and my apps force quit. 

Thanks 😭",@790003 We'd like to look into this with you! Join us in DM with the iPhone model and the exact version of iOS installed. You can find it in Settings &gt; General &gt; About. https://t.co/GDrqU22YpT
2838673,607877,Mon Nov 27 16:15:27 +0000 2017,@AppleSupport Series 2. I already have a case registered long ago due to anomalies noticed various calculations. However no proper resolution till date other than restarting and factory settings restoration.,@607877 Thanks for letting us know. DM us with more details regarding this so that we can investigate further. https://t.co/GDrqU22YpT
2838694,790012,Mon Nov 27 14:48:24 +0000 2017,@AppleSupport why does my brightness keep going up by itself when i try to put it down? https://t.co/tjyWZZvGg2,@790012 Let's try changing Auto Brightness under Settings &gt; General &gt; Accessibility &gt; Display Accommodations.  Let us know if that helps.
2838702,743291,Mon Nov 27 15:12:02 +0000 2017,@118721 @AppleSupport I keep getting charged £10 a month for some stupid reason and I can't get in touch with anybody who can stop this. This is becoming shocking now and I keep getting charged and nobody is helping.,@743291 We'd be happy to help you with this.  Please reach out to us via DM and we'll get started. https://t.co/GDrqU22YpT
2840348,512965,Mon Nov 27 16:35:12 +0000 2017,".@AppleSupport my iPhone SE is suddenly draining the battery in less than 4 hours without heavy use (mostly standby). I noticed it a few days after upgrading to iOS
11.1.2 (I had version 10.x installed)",@512965 We're here to help. We know how important battery life is for an iPhone. Try some of the tips &amp; tricks found here &amp; let us know if it helps: https://t.co/bivpdfBNJ6
2840391,790411,Tue Nov 28 15:17:10 +0000 2017,"@AppleSupport I got past this, reached the terminal option but the the dialogue box where one has to type the new password was blocked - couldn’t type in it","@790411 Since it appears stuck, let's force it to shut down by holding the power button, as advised here: https://t.co/5WEIX2mqK8 Then, let's turn it back on and try the steps for resetting your password once more. Let us know the result in DM: https://t.co/GDrqU22YpT"
2841949,790738,Mon Nov 27 17:20:23 +0000 2017,@AppleSupport i have to keep it still otherwise it stops charging and it has to be a certain way to charge,"@790738 Is this the charging cord that came with the device? If you swap charging cords and adapters, does the behavior persist?"
2841958,790739,Mon Nov 27 16:52:56 +0000 2017,"@AppleSupport hello, yesterday i purchased an iPad 9.7 inches 2017. I was wondering why i can't find anywhere a smart case for it (not smart cover). Does it even exist? Or is there any iPad Air smart case compatible with iPad 9.7 inches 2017 ?","@790739 We'd be happy to help you with this. It looks like you've sent us a DM as well, we'll get started there."
2841968,575023,Mon Nov 27 16:54:32 +0000 2017,@AppleSupport how long are headphones you get with an iPhone covered by the Apple warranty?,@575023 Great question! The one-year limited hardware warranty applies to the earbuds that came with your iPhone as well. You can check the warranty status of your iPhone here: https://t.co/SyUHdUSsjJ
2841976,714727,Mon Nov 27 17:09:49 +0000 2017,"@AppleSupport Yeah but if it is written on the AppStore i quote offers the ipad app, you, as Apple, should be able to confirm this information, as I bought it on my iPhone bcs it was available for free on ipad. Otherwise i would have bought it on my ipad....",@714727 Understood.  Please reach out to our iTunes Store Team for assistance here: https://t.co/SDIe7UiyJN
2843903,324377,Mon Nov 27 17:12:00 +0000 2017,"@AppleSupport Hey, for some reason my phone goes down to 1% and will stay like that for a while and when I charge my phone it stays on 1% until I restart it then it charges like normal, what should I do ?",@324377 We do expect that percentage to change when charging your iPhone. Are we using an Apple branded charging cord and adapter? Please DM us. https://t.co/GDrqU22YpT
2843916,791152,Mon Nov 27 17:05:49 +0000 2017,@AppleSupport Any way to block an Email adress from an iphone? (Using https://t.co/NIMWcDJ6SB),@791152 We’d like to point you in the right direction for your email question.  Send us a DM &amp; we'll continue there. https://t.co/GDrqU22YpT
2844132,791216,Mon Nov 13 00:30:04 +0000 2017,"Please, i need help. My App Store does not show me the updates and i can not open them. {@115858 &amp; @AppleSupport}","@791216 We’d like to understand more about this situation. Please DM us some details. Tell us which device and software version you use, if you're getting any error messages when trying to open the App Store, which country you're in, and we’ll take it from there. https://t.co/GDrqU22YpT"
2845730,791537,Mon Nov 27 17:42:44 +0000 2017,Yo @AppleSupport ever since I updated my phone it has been connected to a different Apple ID. I can’t update any of my apps because of this.,@791537 Thanks for reaching out and providing detailed information.  We want to help.  Let's continue this conversation in DM.  Do you have more than one Apple ID? https://t.co/GDrqU22YpT
2847479,467839,Mon Nov 27 19:01:18 +0000 2017,"@AppleSupport I just got off the phone, so I am taking a few steps to make sure it does not happen, but I hope a fix comes soon!","@467839 If you need further support, feel free to DM us and we can go from there. https://t.co/GDrqU22YpT"
2847491,791929,Mon Nov 27 18:17:10 +0000 2017,@115858 my device is becoming slow day by day !! What’s the issue with iOS 11 ? Will it be better in the coming days ? So many bugs just makes me go crazy ! Hope I get to see the bug less iOS 11 !!🙂 @AppleSupport,"@791929 We can get to the bottom of this together. To begin, can you tell us what iPhone model and iOS version you're using? Also, is this happening with particular apps or is it more widespread?"
2847509,791932,Mon Nov 27 18:26:09 +0000 2017,@AppleSupport whenever i take a photo i cannot look at it unless i’m in wifi because it needs to download - sometimes when i take screenshots a circle with an exclamation mark shows up in the bottom right corner and it fails to download,@791932 What iPhone and iOS are you using? Is this something that began recently or have you had this issue for a while? Let us know in a DM and we'll go from there. https://t.co/GDrqU22YpT
2847511,791932,Mon Nov 27 18:15:13 +0000 2017,having some serious issues with my photos not downloading @AppleSupport 🙃,@791932 We can help. Where are you attempting to download these photos from?
2847530,791938,Mon Nov 27 18:17:06 +0000 2017,"@AppleSupport. Hello support team would someone ease try and help me out. I have up graded to the iPhone 7. Can someone please DM me to discuss an issue I am having. Thx,NKJ",@791938 We're here to help. Send us a DM by following the link below. https://t.co/GDrqU22YpT
2847532,791939,Mon Nov 27 18:14:24 +0000 2017,yo @AppleSupport your headphones just shocked the inside of my ears like ten times am i going to die,"@791939 We'd certainly like to look into this with you. Please send us a DM with which device you're using, and we'll investigate together. https://t.co/GDrqU22YpT"
2849142,792301,Mon Nov 27 19:10:40 +0000 2017,@AppleSupport Are you available after 8 pm? Or should I connect with you earlier,@792301 We're available every day from 5am to 8pm Pacific. Feel free to reach out to us when you have a moment.
2849148,792303,Mon Nov 27 19:02:09 +0000 2017,"@AppleSupport  Suggestion: Allow access of EQ while in the Music app. To access the EQ we have to exit the Music app, go to Settings, press Music, then EQ. Doesn’t it make sense for the Music app to have the EQ?",@792303 Thanks for reaching out with your suggestion!  Our customers help us improve by letting us know what features they like or want. Send us feedback here: https://t.co/eTPVYVFyd8
2849148,792303,Mon Nov 27 19:02:09 +0000 2017,"@AppleSupport  Suggestion: Allow access of EQ while in the Music app. To access the EQ we have to exit the Music app, go to Settings, press Music, then EQ. Doesn’t it make sense for the Music app to have the EQ?",@792303 Thanks for reaching out with your suggestion!  Our customers help us improve by letting us know what features they like or want. Send us feedback here: https://t.co/eTPVYVFyd8
2849158,792306,Mon Nov 27 18:55:14 +0000 2017,@AppleSupport Makes me feel like AppleCare is not worth it,@792306 You are able to request a refund on the Apple Care+. You can view those details here: https://t.co/ep4XDuKHmP
2849171,792309,Mon Nov 27 18:42:44 +0000 2017,"Dear @AppleSupport This is the umpteenth time my Macbook Air is letting me down. First the entire topcase and now the entire row of function keys. Got my topcase replaced last time. Now what?! And it takes ages to get the lap fixed. Need an alternative.Please help..!
@115858",@792309 The function keys are a very important feature of the Mac. We'd love to see if we can get them working for you again. Did anything happen to the keyboard such as a spill or liquid damage?
2849203,792316,Mon Nov 27 18:47:29 +0000 2017,@AppleSupport the new Pages update is the worst. Why can't I now choose how I want to send my document? Auto PAGES. No more PDF?? Stinks,@792316 We’d like to get you in touch with an expert from our apps &amp; software team to assist further. Use this link to get connected with them: https://t.co/IBIY3vMgPj
2849205,792317,Mon Nov 27 18:36:52 +0000 2017,help @applesupport @115725,@792317 Being able to connect to cellular is important so that you can receive messages and phone calls. Let's see what we can do to get this working for you again. Follow the steps in this article:https://t.co/5KootZbxj1 Let us know in DM if you need further assistance. https://t.co/GDrqU22YpT
2850829,792689,Mon Nov 27 19:42:37 +0000 2017,@AppleSupport Thank you it was really annoying when it kept autocorrecting,@792689 You're very welcome!
2850844,150177,Mon Nov 27 20:45:31 +0000 2017,@AppleSupport Using Safari on their main site on my iMac. Triple checked my address details.,"@150177 Got it, thanks for that and for checking your information. Since Apple Pay isn't available for all countries/regions, go ahead and let us know where you're located."
2850855,792694,Mon Nov 27 19:14:57 +0000 2017,@AppleSupport @115948 help me please,"@792694 We're happy to help in any way possible, can you tell us a bit more about what's happening?"
2850909,792312,Mon Nov 27 19:03:56 +0000 2017,@AppleSupport I have to leave to go to the doctor but I will DM Apple when I get home. Thanx for the reply :-),@792312 Sounds good! We look forward to hearing from you.
2852299,793020,Mon Nov 27 19:58:06 +0000 2017,@AppleSupport Why are two different advisors telling me two different things! 😫😫😫 What’s correct? I just want to buy a product why is it so difficult 😔💔,"@793020 Making a purchase can be thought consuming, let us get you to the right place to sort this out. What are you trying to purchase today? Tell us in a DM. https://t.co/GDrqU22YpT"
2852306,793021,Mon Nov 27 19:46:02 +0000 2017,@AppleSupport help! My iPhone won’t turn on 😭,@793021 We're here for you. We'd like to start off with which model iPhone you're using and anything else you can tell us about what happened before you discovered it would not power on. Thanks!
2852332,793027,Mon Nov 27 19:43:00 +0000 2017,@AppleSupport so my MacBook charger set on fire https://t.co/nBqtcSBuLV,"@793027 Hey there, Dave. Thank you so much for bringing this to our attention. Send us a DM, and let us know which Mac this is being used with. We'll have a look into this. https://t.co/GDrqU22YpT"
2853830,793338,Mon Nov 27 20:17:36 +0000 2017,@AppleSupport The screen froze every time I open Apple Music and no song has been able to play. My iPhone 7 has 11.1.2 IOS,@793338 Were there any changes prior to this? Does this happen on and off Wi-Fi?
2855285,793668,Mon Nov 27 20:59:21 +0000 2017,"@AppleSupport my iPhone 7 is barely a year old, no drops, no cracks, yet somehow it behaves like a $20 phone. Buggy, laggy, random 3+ min freeze",@793668 Hi there. We'd like to help out with your iPhone 7. Please send us a DM and tell us what version of iOS you see under Settings &gt; General &gt; About &gt; Version. We'll meet you there to help. https://t.co/GDrqU22YpT
2856761,794006,Mon Nov 27 21:27:25 +0000 2017,@AppleSupport my new iPhone X force close sometimes when I type in my passcode. The icon that spins when you’re waiting for a video to load is on the screen then it goes black then I have to retype it.,@794006 We'll help out in every way we can. Does this happen also when you unlock using Face ID?
2856761,794006,Mon Nov 27 21:27:25 +0000 2017,@AppleSupport my new iPhone X force close sometimes when I type in my passcode. The icon that spins when you’re waiting for a video to load is on the screen then it goes black then I have to retype it.,@794006 We'll help out in every way we can. Does this happen also when you unlock using Face ID?
2856784,794011,Mon Nov 27 21:17:17 +0000 2017,@AppleSupport New iOS 11.1.2 doesn’t display the correct app running through the headphones https://t.co/aMdibG2cqr,"@794011 Thanks for reaching out. To make sure we're on the same page, you're listening to something in Spotify, but it doesn't show the Spotify app on the lockscreen?"
2857290,779973,Tue Oct 31 19:17:25 +0000 2017,@AppleSupport you guys have to do something about these. So many people will fall for this https://t.co/Y6KzKM4GXs,@779973 We would definitely appreciate if you could forward those to us using: https://t.co/sayPykspsk
2857296,317032,Tue Oct 31 19:39:49 +0000 2017,@AppleSupport 11.0.3,@317032 We've recently released iOS 11.1. Let's try updating to see if this helps resolve the issue: https://t.co/ahjigcvFRG
2857316,794131,Tue Oct 31 19:03:10 +0000 2017,@AppleSupport so tell me why my Apple ID keeps going back to an old email after I change it? I’ve had to change it back and my pw 5x 2day!,@794131 This may be happening because you purchased apps under the old Apple ID. Did you make a new ID or change an old one?
2858271,794336,Mon Nov 27 22:18:47 +0000 2017,"@AppleSupport You guys lost my playlist i worked 2 years on. It was my life’s work, 700 of my favourite songs gone.  Can you get it back please. @AppleSupport","@794336 We understand the importance of getting your playlist back, and want to help in any way we can. Send us a DM with the device your playlist is missing from, and we'll go from there:"
2858282,794338,Mon Nov 27 21:56:17 +0000 2017,@AppleSupport I have ios11.1.2 and iTunes 12.7.1.14 but am unable to use my custom ringtone when receiving calls.  Instead iPhone defaults to marimba when receiving a call.  Have tried downloading tones to phone and syncing phone but no change,"@794338 We'd like to look into this with you. Please send us a DM with where the ringtone was purchased, and if other ringtones are affected. https://t.co/GDrqU22YpT"
2858285,423281,Mon Nov 27 21:53:27 +0000 2017,"@AppleSupport hi there!
 I’m getting tired of that double sided printing and I’ve tried Stop double sided in preview but not in all programs!! 
My computer is running on macOS High Sierra 10.13.1",@423281 Thanks for your message!  Adjusting your printer preferences to how you like them are definitely important.  Your printer manufacturer would be the best source for assistance on how to make those changes.
2858292,794339,Mon Nov 27 22:07:07 +0000 2017,@AppleSupport thank you so much :-),"@794339 You're most welcome! Please let us know if you need any more help, and we'll be here for you. https://t.co/GDrqU22YpT"
2859985,794742,Mon Nov 27 22:45:16 +0000 2017,@AppleSupport No. I just frequently see this error when I’m reading other people’s tweets.,"@794742 OK. Rest assured, your iPhone is functioning normally. If you see messages that look similar to the screenshot you sent over, the issue is not with your device."
2859994,794743,Mon Nov 27 22:31:38 +0000 2017,"@AppleSupport Hello, I just got a scam email from (__email__) with a name that appears as ""Apple ID"", talking about fake purchases and asking me to click on the attached ""receipt""","@794743 Thanks for reaching out. Did you click on anything in the email or enter any information? Just to be safe, you can change your password at https://t.co/bq19gX3X68. Also, here is a link with more information about phishing emails: https://t.co/LNMCdqt6fD"
2860001,794744,Mon Nov 27 22:26:16 +0000 2017,"@AppleSupport hello apple support. My fiance's iPhone 7 just started having the issue where the phone freezes when making phone calls. Is there a fix, I didn't see one in your forums",@794744 You've come to the right place for help. Let's start by getting her iOS version. You can find this at Settings &gt; General &gt; About &gt; Version. Does this happen on every call?
2860063,794758,Mon Nov 27 22:03:24 +0000 2017,@AppleSupport I updated my iPhone 5s to iOS 11.1.2 It's awful. Keeps freezing and needs resetting even with general use. When is there going to be an update to resolve these problems?,"@794758 We'd be happy to help address these issues with your iPhone 5s from here. Does it seem to stop responding to your touch while using certain apps? If so, which apps? Let us know in a DM to continue. https://t.co/GDrqU22YpT"
2862149,795094,Mon Nov 27 22:59:11 +0000 2017,"Es la segunda vez que el auricular del iPhone me da electricidad en la oreja... hay algo de eso que no está bien, no? @AppleSupport",@795094 We offer support via Twitter in English. Get help in Spanish here: https://t.co/IBIY3vMgPj or join https://t.co/OczyRx7IOs
2863538,795408,Mon Nov 27 23:49:57 +0000 2017,"@AppleSupport I’m not able to reset the network settings or turn on the LTE, I went to my local Sprint store and tried a different SIM card noting changed. They also noted that they’ve received tons of calls for the same problem",@795408 Did you make any changes to the device or software prior to this issue occurring? Let us know via DM. We'll go from there. https://t.co/GDrqU22YpT
2863542,795409,Mon Nov 27 23:24:45 +0000 2017,@AppleSupport Don’t ignore me !!!!!!! https://t.co/Xx50PWVZxf,@795409 We're here to help. DM us the country you're located in &amp; we'll go from there &amp; explore our options
2863581,795417,Mon Nov 27 23:18:06 +0000 2017,Hey @AppleSupport.  Why can’t I schedule an appointment at an Apple Store Genius Bar like I was told to by one of your employees?  Trying to schedule online and am just getting the run around.,"@795417 We'll gladly help with this. Send us over a DM with the country where you're located, and we'll take a look. https://t.co/GDrqU22YpT"
2864863,795725,Mon Nov 27 23:51:16 +0000 2017,@AppleSupport Also FYI an @115858 update got me into this mess soooooo if your solution is another Apple update....,@795725 Understood. Let's take a closer look into this in DM. Send us a message and we'll follow up there. https://t.co/GDrqU22YpT
2864875,795727,Tue Nov 28 00:14:32 +0000 2017,"@AppleSupport I believe so 
APL* https://t.co/aSluQEdGs1 APL* https://t.co/AQR8aeXv4l CAUS
That's what shows up on my bank statement","@795727 Thanks for that info. From here, we recommend you reach out to our iTunes Store Support team by using this link: https://t.co/SDIe7UiyJN"
2864897,795734,Tue Nov 28 00:32:13 +0000 2017,@AppleSupport This has been happening for 3+ weeks. All apps are up to date,@795734 How long does a full charge usually last? How often do you have to charge your device in a single day? Let us know in DM. https://t.co/GDrqU22YpT
2866152,796064,Tue Nov 28 00:51:27 +0000 2017,@AppleSupport 11.2,@796064 Are you using an iOS beta build? DM us and let us know. https://t.co/GDrqU22YpT
2866158,796064,Tue Nov 28 00:09:11 +0000 2017,"@AppleSupport new songs aren’t adding on my apple music, what’s the problem bro",@796064 We want to be sure you can add all the songs that you want from Apple Music. What happens when you try to add a song now? What device are you using?
2866170,796070,Tue Nov 28 00:39:33 +0000 2017,@AppleSupport i have to update for the 11.1.2. it started this weekend. and the strange thing is that i don’t have that alarm on my alarms! i’m going to update the ios tomorrow!,"@796070 Let's take a look at this further for you. Send us a screenshot of your set alarms in DM. How to take a screenshot on your iPhone, iPad, and iPod touch: https://t.co/iQkc2ZuaLN https://t.co/GDrqU22YpT"
2867258,796314,Tue Nov 28 00:56:55 +0000 2017,@AppleSupport It says “an error occurred during authentication”.,@796314 Do you have a different Wi-Fi connection to try? Have you tried to restart the computer?
2867270,796318,Tue Nov 28 01:05:43 +0000 2017,@AppleSupport It took me back to the home page. I just tried replicating the issue and this time had the ‘hide’ and red ‘hang up’ icon. So the issue appears to be intermittent,@796318 Did you press the side button during your call? Is this the first time you noticed this behavior? Let us know in a DM. https://t.co/GDrqU22YpT
2867290,796325,Tue Nov 28 00:38:27 +0000 2017,"@115858 @AppleSupport why my phone so damn laggy &amp; jumpy, what y’all put in that update 🤔","@796325 Let's look into this together, and we'll do all we can to help. To get started, let us know what iOS version is currently installed by going to Settings &gt; General &gt; About. DM us and we'll continue from there: https://t.co/GDrqU22YpT"
2869665,553170,Tue Nov 28 02:01:55 +0000 2017,Hey @AppleSupport Are iTunes Match and iTunes Music two different things? or am I safe to cancel one?,"@553170 If you have an Apple Music membership, you get all of the benefits of iTunes Match, plus access to the entire Apple Music catalog.  You can cancel iTunes Match and retain the same benefits with iCloud Music Library.  For more information visit: https://t.co/1B6aeGz5sd"
2869678,796894,Tue Nov 28 01:56:49 +0000 2017,"@AppleSupport I am running 11.1.2 and having lots of issues with Iphone7+ freezing , crashing , WiFi and cellular disconnects and battery going from 100 % to 42 % in less than a hour with all apps shut off .","@796894 Is this happening in any specific apps? When the device becomes unresponsive are there any steps you can take to make it work? Also, when it reboots do you see a circle or the Apple logo?"
2869697,796901,Tue Nov 28 03:00:36 +0000 2017,@AppleSupport my battery drains after 10mins of checking emails and instagram. Now it is turning off during calls even though I have 50% of battery. i have iOS 11.1.2. I gave to plugged in all the time,@796901 Understood. We'd like to take a look at this further with you. Let's continue in DM. https://t.co/GDrqU22YpT
2870745,797131,Tue Nov 28 02:31:02 +0000 2017,"Thanks @115858  @AppleSupport my 6+ worked great until the last couple updates, now barely loads ANYTHING.  #seeyounexttuesday",@797131 We want to help! What apps are you having trouble with loading? Do you have the most recent version of iOS 11.1.2 downloaded? https://t.co/GDrqU22YpT
2870754,797134,Tue Nov 28 02:31:56 +0000 2017,@AppleSupport I’ve been having trouble playing videos they play but then it goes back and plays the last couple seconds,@797134 We're happy to look into this with you. What is your current iOS version? What app is this happening in?
2870772,797140,Tue Nov 28 02:05:17 +0000 2017,Why does my asshole iPhone brightness change automatically? Explain .@115858 .@AppleSupport,@797140 Hey there. This article will help you adjust the brightness on your iPhone: https://t.co/bkqEVCrK2l Let us know if you have any questions.
2871004,603518,Mon Nov 13 16:24:21 +0000 2017,@AppleSupport Push notification alerts are messed up on iOS 11.1.1. The sizing only accommodates two lines of text.,"@603518 Thanks for taking the time to let us know. Shoot us a DM with the model of iPhone you're using, as well as a screenshot of the text overflow so we can see it exactly as you're experiencing it, and we'll go from there. https://t.co/GDrqU22YpT"
2871688,797355,Tue Nov 28 03:18:40 +0000 2017,@AppleSupport Done,@797355 We've received your DM and will continue there.
2871727,436394,Tue Nov 28 02:42:05 +0000 2017,@AppleSupport  I’m being charged for subscriptions on an apple ID that hasn’t been used in years please help me,@436394 We’re here to help! Please contact our iTunes Store Advisors to look into this with you here: https://t.co/SDIe7UiyJN
2872438,473657,Mon Nov 13 16:50:24 +0000 2017,@AppleSupport I got swiping up to go home now so can we have a setting that auto hides the bar at bottom as it uses valuable space? https://t.co/mE7inWlOUl,@473657 We'd like to know more. DM us and we'll go from there. https://t.co/GDrqU22YpT
2872559,797552,Tue Nov 28 03:36:14 +0000 2017,@AppleSupport My shit is updated to the fullest so next!! New phone me !!!!,"@797552 Thanks for confirming that. Next, send us a DM and we'll take a closer look into this. https://t.co/GDrqU22YpT"
2872571,797556,Tue Nov 28 03:31:28 +0000 2017,@AppleSupport both. but still cant,"@797556 Have you tested with a computer or different device to see if you can log in with the existing account? You can use this site to test: https://t.co/ggVDoc1mU7 
DM us to let us know. https://t.co/GDrqU22YpT"
2872576,481756,Tue Nov 28 03:09:27 +0000 2017,@AppleSupport is there another glitch when typing I.T &lt;&lt;&lt;this happens 🙄🙄🙄🙄🙄,"@481756 We'd be happy to look into this with you. Could you please send us a DM with what device you're having this issue on, and what OS version it's running? https://t.co/GDrqU22YpT"
2873366,119578,Tue Nov 28 03:57:23 +0000 2017,"@AppleSupport I recently purchased three of Belkin a screen protectors from your online. Do I need to make a reservation to come in to have these out on with your special machine or can I just walk in. If I need one, can you help me make one?",@119578 We're here to help. A reservation is required if you are going to the Apple Store. You can find local options and book an appointment by going to https://t.co/PruGCHO1ib DM us if you run into any issues. https://t.co/GDrqU22YpT
2873374,797741,Tue Nov 28 03:51:31 +0000 2017,@AppleSupport when you buy an iphone x and you can’t save photos from an email 🙄🙄🙄,@797741 Let's take a look at this together. We'd like to work with you in DM. https://t.co/GDrqU22YpT
2874129,797917,Tue Nov 28 04:08:16 +0000 2017,@115858 @AppleSupport hi. Why does my Watch do this? https://t.co/QvBdUIlMV5,@797917 We would be glad to take a look at this for you. Which Apple Watch do you have? Does the issue occur without the case on your Apple Watch? Let us know in DM. https://t.co/GDrqU22YpT
2876530,798528,Mon Nov 13 17:56:34 +0000 2017,"Hey @AppleSupport, should this macOS update be taking hours to complete? Sat on 43 min remaining and now won't give a time. https://t.co/O5VtTP8Ydw","@798528 Updating and upgrading can be a time-consuming process. We suggest allowing the process to continue, and ensuring your Mac is connected to power if it's a portable model. If you have any concerns, DM us, and we'll investigate further from there. https://t.co/GDrqU22YpT"
2877928,585568,Mon Nov 13 18:53:32 +0000 2017,@AppleSupport Can’t even type 👁,@585568 Thanks for reaching out. We recently released iOS 11.1.1 which may resolve the “I” issue. You’ll want to be sure to back up and update if you haven’t already. DM us if you’re still experiencing either issue after the update. https://t.co/GDrqU22YpT
2888009,800822,Tue Oct 31 19:26:19 +0000 2017,Hey @115858 @AppleSupport why am I️ getting this when I️ type the letter “I️” and the letter “I️” is now in my emojis🤔. https://t.co/soaSyaSvlc,@800822 We'd like to help. Send us a DM and we can start there. https://t.co/GDrqU22YpT
2888444,800902,Tue Nov 28 04:56:25 +0000 2017,@AppleSupport hey your iPhone X keeps randomly crashing when I’m doing things fix it much appreciated thanks.,@800902 We want to help. Can you tell us more about what is happening?
2888453,800906,Tue Nov 28 14:04:39 +0000 2017,@AppleSupport iPhone 7 and on the other line was an iPhone 7,@800906 Have you tried restarting your device and checking again?  Here’s how:  https://t.co/OWRDHWSt4h
2888453,800906,Tue Nov 28 14:04:39 +0000 2017,@AppleSupport iPhone 7 and on the other line was an iPhone 7,@800906 Have you tried restarting your device and checking again?  Here’s how:  https://t.co/OWRDHWSt4h
2889471,801130,Tue Nov 28 07:40:53 +0000 2017,@AppleSupport any reason why the iPhone 7 battery has suddenly started dropping very quickly?,@801130 Thanks for reaching out. Which specific iOS version are you using currently? Which apps are you using when you notice this extra battery usage?
2889549,801150,Tue Nov 28 05:52:35 +0000 2017,@AppleSupport need help since doing the latest update on my 6s.  Phone has become unresponsive and the battery drains while I look at it. This is definitely a very poor upgrade.,@801150 We've received your DM. Please look for our reply there.
2890636,455484,Tue Nov 28 12:16:38 +0000 2017,@AppleSupport ik heb net een half uur aan de telefoon gezeten maar jullie oplossingen werken nogsteeds niet. Deze batterij is toch niet gezond van een iphone 7 van nog geen half jaar oud https://t.co/7R8T2mYSoL,@455484  We offer support via Twitter in English. Contact us for help in your preferred language here: https://t.co/IBIY3vMgPj
2890714,134431,Tue Nov 28 15:59:09 +0000 2017,"@AppleSupport It’s just my home WiFi, that been said I’ve only tried one other network and it connects fine. I’m using the BT HomeHub6 router. all my other devices (including an iPhone and iPad) work fine. I looked online and noticed other people are having the same issue.","@134431 Since the issue is occurring with one network, let’s try forgetting that network, and reestablishing the connection. This can be done by going to Settings &gt; Wi-Fi. From there tap the blue “i” with the circle, and tap “Forget This Network”."
2890752,801414,Tue Nov 28 10:32:03 +0000 2017,@AppleSupport thanx a bunch apple I’ve been a loyal customer for years now with my last update my 5s keeps dropping signal ! I rely on my phone heavily to speak to my daughters who live 200 miles away and I only see on holidays and also for my partner who suffers from seizures.,"@801414 Hey, we know how important it is to have a reliable connection. We want you to be able to stay connected to your family. DM us the exact iOS version currently installed and we'll take a look into this. https://t.co/GDrqU22YpT"
2890781,320509,Tue Nov 28 14:19:47 +0000 2017,"@AppleSupport Hi, I installed High update a few days ago, started up this morning, opened mail, pages, iTunes was updating iPhone and it's just froze, beachball not present now, there was a  strange ""screenshot"" skeleton on desktop.
Turned off and rebooted several times, goes back to frozen","@320509 Thanks for letting us know. Let's have you go ahead and reach out to us in DM and let us know what country you're located in. Also, send us a screenshot of exactly what's showing on the screen currently, including the ""screenshot skeleton"" that you referred to. https://t.co/GDrqU22YpT"
2892013,308188,Tue Nov 28 18:49:56 +0000 2017,"@AppleSupport Actually it’s back.. the Reminder notification is on my lock screen, showing a reminder date of 3/19",@308188 Thanks for letting us know. Please send us a DM and we'll look further into this issue together. https://t.co/GDrqU22YpT
2892041,715005,Tue Nov 28 13:30:58 +0000 2017,"@AppleSupport Hi, I'm having issues with my iphone 7+, I'm on ios11 but as of a few days ago the keyboard is really slow to respond. Any ideas?",@715005 We can assist you. Does this slowness only take place with your keyboard or does it also happen with other features or apps?
2892086,801672,Tue Nov 28 14:55:40 +0000 2017,@AppleSupport 11.1.2,@801672 Thanks. Check out this link and be sure your settings align for maximizing battery life: https://t.co/GYl26Hpfak
2892095,692112,Tue Nov 28 12:08:34 +0000 2017,@AppleSupport @118936 @123857 How is the App Store search so utterly broken? I have to Google a game and use the direct link because even using the exact name doesn’t return the app as it should... https://t.co/tvwquC33Ry,"@692112 Let's look in to this together. Which iOS version is installed on your iPhone? Also, which country are you located in currently?"
2892102,801674,Tue Nov 28 12:48:31 +0000 2017,@AppleSupport How do I create a new template in the Pages app on an iPad?,"@801674 Hello Russell, we want make sure you get the best answer for your question. Please reach out to an expect on Pages here: https://t.co/IBIY3vMgPj"
2893262,801911,Tue Nov 28 16:17:10 +0000 2017,@AppleSupport Thank you Apple I have deleted the email after reading your article,@801911 You're most welcome. Enjoy your day!
2893302,395485,Tue Nov 28 14:52:31 +0000 2017,"Oi @AppleSupport you clowns, my 7 month old iPhone 7 keeps shutting itself down whenever it wants. Not really acceptable is it?","@395485 This is certainly not what we want to have occurring on your iPhone 7, but we can help. Which version of the iOS is currently installed? Let us know via DM. https://t.co/GDrqU22YpT"
2893315,801921,Tue Nov 28 15:40:20 +0000 2017,"@AppleSupport i need to know the serial No. Of my MacBook, But I do not have it physically! What can i do?",@801921 Thanks for the information. We'd recommend looking through the following resource for how you can locate your Mac's serial number: https://t.co/AMOOi1n3fR
2893320,744415,Tue Nov 28 15:08:55 +0000 2017,HELP! my iphone 5 updated last night and now it has a mind of it's own and randomly sends messages or tweets mid typing. What do I do. #help #apple #iphone @AppleSupport,"@744415 We'd like to look into what's happening with your iPhone 5. Which update was installed? This is available in Settings &gt; General &gt; About. It sounds like the issue may be with the keyboard, have you noticed any issues when typing in Notes or Safari?"
2893333,801924,Tue Nov 28 15:51:50 +0000 2017,@AppleSupport Wow - talk about quick response and great suggestions!  Turns out the one thing I didn’t do - restart iPhone - did the trick!  Never ran into something like this b4 &amp; I’ve never thot of Apple and ctrl-alt-del at the same time :D thx! #applerox,@801924 That's great to hear! Don't hesitate to reach out any time you need us in the future.
2893384,461121,Tue Nov 28 14:19:45 +0000 2017,"@AppleSupport Hi, have a question about family sharing, I have an adult member, but I want them to have to ‘ask’ before buying things using my registered card, can I do this, like my children?",@461121 Thanks for reaching out! Ask to Buy is on for any family member who isn't an adult. More info about this is here: https://t.co/JANN0uzI2v
2893393,801936,Tue Nov 28 14:34:53 +0000 2017,"You guys got me fucked up with this last couple of updates. It’s SLOWAF, I’ve about had enough of this crap and so have a lot of other ppl from what I see on the @AppleSupport page, with no solutions.  Pixel here I come. #iphonepaperweight",@801936 That's not the type of experience that we'd like for you to have with your phone. We'd love to assist you with any issues that you're having. Click here to connect with us in DM: https://t.co/GDrqU22YpT
2893393,801936,Tue Nov 28 14:34:53 +0000 2017,"You guys got me fucked up with this last couple of updates. It’s SLOWAF, I’ve about had enough of this crap and so have a lot of other ppl from what I see on the @AppleSupport page, with no solutions.  Pixel here I come. #iphonepaperweight",@801936 That's not the type of experience that we'd like for you to have with your phone. We'd love to assist you with any issues that you're having. Click here to connect with us in DM: https://t.co/GDrqU22YpT
2894709,802214,Tue Nov 28 15:59:53 +0000 2017,"@AppleSupport The problem started after the update to the OS, currently the same has started working. This was not the case for the past few weeks...","@802214 Okay. Let's take a look at this article to see if it helps:
https://t.co/d4WKhnGwPr"
2894729,802217,Tue Nov 28 15:56:03 +0000 2017,@AppleSupport I have a contact picture for all my friends but when they call me it doesn’t show up full screen 🤦🏾‍♀️,@802217 We can work together to see what's going on. Can you tell us the iPhone model and current iOS version? Does this occur after a restart. Meet us in DM with those details. https://t.co/GDrqU22YpT
2894762,802225,Tue Nov 28 15:47:00 +0000 2017,@AppleSupport can i downgrade my iphone 5s to iOS 10.3.3 via Restore iTunes ? 11 makes slowly,"@802225 Thanks for reaching out. Although we don't have the option to downgrade to a previous iOS version, we can definitely look into this with you. Send us a DM and let us know what's happening specifically. https://t.co/GDrqU22YpT"
2894764,802226,Tue Nov 28 15:18:29 +0000 2017,@AppleSupport hi I would like someone to contact me from management ASAP very angry customer was promised someone would get back to me over 2 months ago,"@802226 Knowing how issues can impact our customers, at Apple we want to do everything we can to resolve it. Please send us a DM providing us with your case information. We'll help connect you. https://t.co/GDrqU22YpT"
2894778,802231,Tue Nov 28 15:44:43 +0000 2017,"@AppleSupport After persistent notifications to update, I attempted to update my iPhone 7 to iOS 11.1.2, which bricked my phone. I tried to update via iTunes, which didn't work. I tried to restore the phone, which failed with multiple computers and cables.",@802231 We'd be happy to help with this. Send us a DM and we'll get started there. https://t.co/GDrqU22YpT
2894796,802237,Tue Nov 28 16:45:47 +0000 2017,@AppleSupport General release because that was my only option?,@802237 Great. How often do you charge the iPhone and are you using the Apple charger and cable that came with it? Let us know in DM. https://t.co/GDrqU22YpT
2896085,598412,Tue Nov 28 17:05:33 +0000 2017,@AppleSupport Yes,"@598412 You'll want to reach out to our Online Store team here: https://t.co/8yjRd1Xo0i

They would be able to advise you on how to proceed regarding this. https://t.co/GDrqU22YpT"
2896086,598412,Tue Nov 28 16:28:48 +0000 2017,@AppleSupport looks like someone thought the box had an iPhone In it. Can I just return old one to store? https://t.co/jS5wXzS7vt,@598412 Thanks for reaching out to us. We are always happy to help. Are you referring to returning your phone for the iPhone Upgrade Program?
2896122,802520,Tue Nov 28 16:28:36 +0000 2017,@AppleSupport It only pauses when I get a Snapchat notification. Restarting doesn’t help,"@802520 Try deleting Snapchat, restart, then reinstall. Let us know if that helps."
2896144,802524,Tue Nov 28 16:31:08 +0000 2017,"@AppleSupport my god is there any way to turn off “live photo”? I’m going to scream! I’ve tried everything. What gives? 😡

Btw stupidest thing EVER. @115858",@802524 We've got your back. It's totally possible to turn off Live Photos and preserve the setting so that it stays off. We've got a guide that explains exactly how that we'd like to share with you. Let us know if you have any questions: https://t.co/C3E4kiTqdx
2896171,802531,Tue Nov 28 16:16:17 +0000 2017,@AppleSupport how do I reset my iPad? I have tried to to connect to iTunes.. still saying iPad is disabled,"@802531 We would be happy to help. If the iPad is disabled and connected to iTunes, we'll need to put the iPad in recovery mode. This help to explain the steps: https://t.co/F1QfwW1u1N At the top select, 'If you can't sync or connect with iTunes, use recovery mode.'"
2897699,802851,Tue Nov 28 16:49:20 +0000 2017,"What a disappointment, 3 hours after unboxing Face ID stops working #iPhoneX @AppleSupport https://t.co/mwyzRlSQpo",@802851 We can assist you. We recommend the steps in this guide: https://t.co/V5aWSz5xXV Let us know if the issue persists for you.
2897703,802853,Tue Nov 28 17:00:55 +0000 2017,@AppleSupport Amazing i love the response many thanks for your reply really appreciate your support,@802853 Anytime! Let us know if you need help in the future.
2897734,802856,Tue Nov 28 16:42:00 +0000 2017,@AppleSupport Face ID doesn’t work while wearing Ray Ban wayfarers (most popular sunglasses). #majorfail,"@802856 Thanks for reaching out. We're happy to provide some insight. Face ID works with many sunglasses. If you're wearing sunglasses designed to block certain types of light, then your sunglasses might be blocking the infrared light used by the TrueDepth camera."
2898974,803135,Tue Nov 28 17:37:49 +0000 2017,"@AppleSupport even after restarting, its still doing it. i’ll try redownloading it in a moment!",@803135 Sounds good. Keep us posted.
2899026,803146,Tue Nov 28 17:17:08 +0000 2017,"Hey @AppleSupport my 5S is on drugs since I update to the 11, is there any suggestions to rehab it? This issue appears randomly when I use the camera... https://t.co/bupsGqZe4C","@803146 We'd love to look into this further with you. Is this only happening with the Camera app? Does it appear this way when in other modes, such as Video?"
2899043,336054,Tue Nov 28 18:00:42 +0000 2017,@AppleSupport Okay - I thought I had updated my phone so that was my assumption. Thank you for the quick response.,"@336054 It's our pleasure. If there's anything you need in the future, reach out. We'll be happy to help."
2900365,803447,Tue Nov 28 18:01:27 +0000 2017,@AppleSupport Yes all devices. IOS 11.1.2,"@803447 Have you tried unpairing the AirPods from your iPhone and restarting? If not, please give that a try. Do you have any other Bluetooth devices you could test to see if it happens with them?"
2900400,220733,Tue Nov 28 17:48:20 +0000 2017,@AppleSupport I can’t FaceTime my friend @220734 today? It just says Error (29). Can you fix this?,"@220733 Let’s look into this further. Tell us what device are you using, along with the operating system version number. Also, is your friend able to FaceTime you? Are you on a Wi-Fi or cellular data network?"
2900415,803459,Tue Nov 28 17:44:38 +0000 2017,"Hey @AppleSupport, is this mail yours? https://t.co/LhXwgdudSt",@803459 Thanks for reaching out to us. This appears to be a phishing email. Take a look at https://t.co/LNMCdqt6fD for instructions on how to forward that email to us.
2900422,803461,Tue Nov 28 17:45:55 +0000 2017,"@AppleSupport : please open sign for iphone 6s plus to downgrade 10.3.3, my phone on 11.1.1 and battery is count down very fast :((. Please help me !!!!",@803461 We'd be happy to help. Send us a DM and we can start there. https://t.co/GDrqU22YpT
2900442,302598,Tue Nov 28 17:37:52 +0000 2017,@AppleSupport I found it. Thanks.,@302598 Excellent! Please feel free to reach out to us again if you need any more help. We’re available every day to answer your questions from 5am-8pm Pacific. Have a great day!
2901903,287481,Tue Nov 28 18:36:00 +0000 2017,Dear @AppleSupport @115858 I restored my iPhone 7 Plus &amp; now the Bluetooth devices are not detecting ???,@287481 We're here to help! What steps exactly did you take to restore your iPhone? Did you set it up as new or did you restore a backup?
2901922,803779,Tue Nov 28 17:50:39 +0000 2017,@AppleSupport Before last ios update zero mobile pics were shareable. Downloaded update. Seemed to fix. Problem is back. No photos taken with mobile can be shared anywhere. Major problem.,@803779 We know how important it is to share your photos and we're happy to help. Can you tell us more about what happens when you try to share a photo? Do you get an error message of some type?
2901929,803780,Tue Nov 28 19:36:00 +0000 2017,"@AppleSupport Instead every service on the iPhone an iCloud service though? And if I disable all of the services won't that disable sync across my Apple devices?

Should be an easy fix to pass up to the Devs. Google &amp; Dropbox handle storage notifications better as an example","@803780  Our iCloud services allows you to use great services like continuity, backup and syncing of your Apple products. You can read more about our iCloud services here: https://t.co/FYFN66PuNk
You can feel free to provide your feedback here: https://t.co/eTPVYVFyd8"
2901939,156772,Tue Nov 28 18:21:56 +0000 2017,Help @AppleSupport I can’t delete that unknown app https://t.co/LOMxLeE2JE,"@156772 Let's take a look at this together. Did you notice this after deleting or installing a new app? Have you tried restarting, or checking if it was deleted in Settings &gt; General &gt; iPhone Storage? DM us your response. https://t.co/GDrqU22YpT"
2901998,803791,Tue Nov 28 18:12:05 +0000 2017,"@AppleSupport So, my iPhone 6S has randomly deleted all my texts (don't overly mind)...but they're still counting towards my storage; like they're still on phone somewhere...have tried resetting etc. Thoughts to clear that storage?! Thanks!",@803791 We'd love to help look into this and get you back in action. Can you send us a DM with some additional details? https://t.co/GDrqU22YpT
2903692,804172,Tue Nov 28 19:38:36 +0000 2017,@AppleSupport 4.1,"@804172 Thank you. Please check here for more information about working out with your Apple Watch: https://t.co/ik0A8dg7Jt

If you have feedback or feature requests, we encourage you to provide them here: https://t.co/eTPVYVFyd8"
2903727,186029,Tue Nov 28 18:49:46 +0000 2017,"@AppleSupport can you please fix these glitches, like what the hell is going on",@186029 We'd be happy to continue working with you. Send us a DM. https://t.co/GDrqU22YpT
2903767,804193,Tue Nov 28 18:39:42 +0000 2017,@AppleSupport been complaining about the bottom part of my phone wont work  having a hard time using space bAr,@804193 We apologize for the delayed response. We know how important it is to have your phone working properly. Click here to hop in DM and we'll continue there: https://t.co/GDrqU22YpT
2906771,804899,Tue Nov 28 20:50:14 +0000 2017,@AppleSupport The information required is not on there?,"@804899 You'll want to use that link to reach out to someone from our Education support team. If you have any issues doing that, send us a DM. https://t.co/GDrqU22YpT"
2906785,804902,Tue Nov 28 19:30:16 +0000 2017,"@AppleSupport my iMessage and FaceTime fail to activate. I have tried restarting the iPhone and repeating the process, but it continues to say “activation unsuccessful”","@804902 iMessage and FaceTime are great features and we definitely want to ensure you're able to enjoy them. You've tried great troubleshooting steps thus far, have you had the chance to try all the steps outlined in the following article? https://t.co/jhvYu3nzpA"
2907954,805160,Tue Nov 28 20:19:37 +0000 2017,@135589 @295241 @AppleSupport @115858 Can confirm on 10.13.2 Beta (17C79a) that's pretty bad,"@805160 We're here to help! Send us a DM, and we'll take a closer look at this issue together. https://t.co/GDrqU22YpT"
2908035,159412,Tue Nov 28 23:20:52 +0000 2017,"@AppleSupport I am doing that, to no avail.","@159412 Does restarting your iPhone have any effect on this behavior? Also, are you on the latest iOS release, iOS 11.1.2? You can find out by going to Settings &gt; General &gt; About."
2909276,647170,Tue Nov 28 21:11:25 +0000 2017,@AppleSupport I think that’s actually fixed it! Thanks,@647170 That's great news.  Let us know if you need any further assistance.
2909343,805477,Tue Nov 28 20:22:18 +0000 2017,After a full charge then 2:20 min of use my #iPhone has only 32% left.  This is absurd.  @AppleSupport,@805477 It looks like you're having some battery issues on your iPhone. We'd like to help. Please DM us which iOS version you have in Settings &gt; General &gt; About and how long you've been having these issues now. https://t.co/GDrqU22YpT
2909345,805478,Tue Nov 28 20:23:10 +0000 2017,hi @AppleSupport this is literally the third time all of my contacts have randomly been deleted can this madness please end https://t.co/DPwgL41EOu,@805478 Thanks for reaching out. We know how important your contacts are and want to make sure that you have yours as expected. Do you know if the contacts are typically saved to your iCloud or another account?
2910439,251639,Tue Nov 28 21:21:03 +0000 2017,@AppleSupport Any reason why iOS 11 would be defaulting all my calls to speaker phone?,@251639 That’s a great question. Let’s look into this together. When did this first start happening?
2910442,278210,Tue Nov 28 21:08:18 +0000 2017,@AppleSupport what gives?! Constantly I have songs downloaded to my phone and added to a play list then they simply disappear and have to download again?!! https://t.co/JNUIuNFMZJ,"@278210 Hi there. Are these songs you've purchased through iTunes Store, or downloaded from Apple Music. Please DM additional details. We'll meet you there to help. https://t.co/GDrqU22YpT"
2910480,805728,Tue Nov 28 21:05:31 +0000 2017,"@AppleSupport my iphone 7 got warped, it is not dropped down or anything else. Now i am not sure Apple Turkey change it in order to 2 year warranty conditions. This is my 6th iphone (i used all of the series) and i've not seen any quality after iphone 4. https://t.co/OeSfH5DTTN",@805728 We'd be happy to look into this with you more in detail. Please reach out to us via DM and we'll get started. https://t.co/GDrqU22YpT
2910508,200659,Tue Nov 28 20:47:52 +0000 2017,@AppleSupport My notes from the past 3 months just disappeared from iCloud,"@200659 We're here to help! Send us a DM, and we'll take a closer look into this issue together. https://t.co/GDrqU22YpT"
2911718,806033,Tue Nov 28 21:44:49 +0000 2017,Updated to High Sierra and now my laptop won’t turn back on… any answers? @AppleSupport,"@806033 We're here for you! Can you clarify what's happening when you try to start up? If the device is not powering up at all, this article may help: https://t.co/FYojVXHuwn"
2911738,420344,Tue Nov 28 21:46:27 +0000 2017,"If i purchase an iX online with a instore pick up, can i have someone else pick it up for me? @115858 @AppleSupport",@420344 Thanks for reaching out. We’d like to get you in touch with our Apple Online Store team for further assistance. You can reach out to them here: https://t.co/RmFSlCBcIE
2911765,314595,Tue Nov 28 22:03:22 +0000 2017,@AppleSupport I have an unlocked iPhone 7s plus and want to upgrade to unlocked iPhone X. I cannot not see unlocked iPhone X plans from Apple upgrade program.,"@314595 For more information on device availability, you can reach out to our sales team and they will be able to go over all your options, what is available, and how we can get the device you want into your hands."
2913269,186647,Tue Nov 28 22:45:28 +0000 2017,@AppleSupport I have 11.1.2. That’s what caused this nonsense. Fix I.T. UGHHH,"@186647 Understood. So we can look into this further with you, please send us over a DM. We'll continue together there. https://t.co/GDrqU22YpT"
2913317,806479,Tue Nov 28 21:59:43 +0000 2017,@AppleSupport hi so i updated my phone yesterday and now can no longer connect it to my car via usb???,"@806479 We certainly want you to enjoy your iPhone on the go. Let's take a look into this issue and work towards a resolution. To get us started, may we have a description of the issue? https://t.co/GDrqU22YpT"
2914625,806806,Tue Nov 28 23:00:38 +0000 2017,Does anyone else’s iPhone camera randomly turn on the flash and live function???? Ugh!! Just fucked up a picture 😑 #Apple @AppleSupport,"@806806 Hey, we know it's not ideal for the flash to go off unexpectedly. Let's look into this together. First, can you tell us the exact iOS version installed? Also, does this happen even when flash is turned off prior to taking the photo?"
2914641,806809,Tue Nov 28 22:59:55 +0000 2017,@AppleSupport this seems to indicate that my 4th Gen AppleTV is playing music from Apple Music but it’s not. Everything else plays sound but Apple Music. https://t.co/rNvZjzQF8V,"@806809 For the best help with your Apple TV, please reach out to the experts here:  https://t.co/IBIY3vMgPj"
2914665,806810,Tue Nov 28 22:29:01 +0000 2017,@AppleSupport why does the audio cut out about 10secs in when I screenrecord something ??,@806810 Thanks for reaching out.  We want to help.  This article explains how to record including what to press for audio: https://t.co/4LuYBB7Kns
2914667,806811,Tue Nov 28 22:53:10 +0000 2017,@AppleSupport what the fuck https://t.co/i4qKASlcVg,"@806811 An update has been released to assist with this issue. If you haven’t yet, please back up your device and update it to iOS 11.1.2. For more info, check out: https://t.co/4f8hwT5to6"
2915919,807113,Tue Nov 28 23:31:34 +0000 2017,DUDE ME TOO !!!!! Pissing me off @115858 @AppleSupport https://t.co/g9R4UVBEIM,@807113 We'd like to know more to figure out the best way to help. Send over the details of the issues you're experiencing via DM. Be sure to include what type of iPhone you're using and your current iOS version. https://t.co/GDrqU22YpT
2918878,400572,Wed Nov 29 00:32:14 +0000 2017,@120640 The arrogance of the staff at the Union Square flagship store is unbelievable. Every single time. #condescending #blase #disinterested #snotty @applesupport @115858,@400572 We'd like to hear about your experience. Send us a DM and we can start there. https://t.co/GDrqU22YpT
2918914,807890,Wed Nov 29 01:10:48 +0000 2017,@AppleSupport I’m sure what do say on a DM. It’s an issue out of the box with factory settings.,@807890 Once you reach out to us in DM we can look further into this with you. https://t.co/GDrqU22YpT
2919970,808183,Wed Nov 29 02:39:52 +0000 2017,@AppleSupport @808170 if both ways of connecting do not work (either by Wi-Fi or mobile networks),"@808183 Thank you for verifying that for us. Please try restarting your iPhone following these steps, and let us know the results: https://t.co/OWRDHWSt4h"
2919994,808172,Wed Nov 29 00:53:16 +0000 2017,"@AppleSupport The most recent one, I’ve just installed it  tonight as requested by the MacBook?!",@808172 Thank you for that information.  You will want to contact Microsoft directly to see what updates are available for you.
2920020,808179,Wed Nov 29 00:58:25 +0000 2017,@AppleSupport I put in a request for support an hour ago still no one has called me,@808179 We'd love to assist you with this. Let's hop in DM and continue there: https://t.co/GDrqU22YpT
2920022,808180,Wed Nov 29 00:55:18 +0000 2017,Just finished working out and realized my wrist is tender.....my Apple Watch burned me! Ugh I don't think this is normal?!?! #Apple #AppleWatch #burn  #notnormal @115858 @AppleSupport https://t.co/FU8EQ87VfO,@808180 Let's take a look at this further you. Which Apple Watch model do you have? https://t.co/Kb6MEieIJZ Let us know in DM. https://t.co/GDrqU22YpT
2920059,116796,Wed Nov 29 03:30:53 +0000 2017,@AppleSupport Done. It would be appreciated if you passed this request on to the powers that be as well.,@116796 Thanks for providing your feedback. We value your feedback and recommendations. Please know that your feedback is reviewed. DM us with any additional questions. We're happy to do everything we can to help. https://t.co/GDrqU22YpT
2921508,730889,Wed Nov 29 01:26:56 +0000 2017,Hey @AppleSupport @115858 when are you going to fix this “I.T” glitch... you had the “I” glitch now this one get it together.!!,@730889 We'd be happy to look into this with you more in detail. Please reach out to us via DM and we'll get started. https://t.co/GDrqU22YpT
2921512,784371,Wed Nov 29 01:19:02 +0000 2017,@AppleSupport Can I restore an iOS 11.2 beta 4 backup on a restored device with iOS 11.1.2?,"@784371 That's a great question! To restore an iOS backup, the iPhone would need to be running the same iOS version that was running at the time of the backup or a newer version. You wouldn't be able to restore a backup from iOS 11.2 to iOS 11.1.2."
2921532,808562,Wed Nov 29 01:47:43 +0000 2017,@AppleSupport Yeah they are. Any way for me to get a hold of them?,"@808562 Thank you. If you have the optimize storage on in the iCloud photo library, the files may need to download first. You can check that here: Settings &gt; Photos &gt; Optimize Phone Storage."
2921534,808562,Wed Nov 29 02:03:08 +0000 2017,@AppleSupport How can I get them to download?,"@808562 The quickest and easiest way would probably be to download it straight to your Mac. This article can help: https://t.co/c8MyW0Qo56 

Follow the Photos and Videos section.

DM us if you still have questions. https://t.co/GDrqU22YpT"
2921566,808571,Wed Nov 29 01:50:41 +0000 2017,@AppleSupport I finally got a reply to my DM. Thanks!,"@808571 We're still not showing as having received a DM from you. Privacy and security is very important to us, select the link included in this message to join us there. https://t.co/GDrqU22YpT"
2922687,808824,Wed Nov 29 03:34:10 +0000 2017,"@AppleSupport @808823 I can't send any message, please help",@808824 We're here for you. Which device and software version are you using? What happens when you try to send messages? Do the steps in this article help? https://t.co/2hgNQH8Vvq Let us know in DM here: https://t.co/GDrqU22YpT
2922749,808843,Wed Nov 29 01:39:23 +0000 2017,"iMessage on the iPhone 8 sucks big time. Too laggy, my iPhone 7 was way more faster and seamless. What’s going on? @AppleSupport @115858",@808843 Let us help you enjoy your iPhone 8 as expected. Can you tell us which iOS version you are currently using please?
2922755,808846,Wed Nov 29 01:42:06 +0000 2017,"@AppleSupport @115858 tengo problemas de mi iPhone X, se atora y reinicia cada que lo desbloqueo y no me llegan las notificaciones de WhatsApp",@808846 We offer support via Twitter in English. Get help in Spanish here: https://t.co/IBIY3vMgPj or join https://t.co/OczyRx7IOs
2923599,137402,Wed Nov 29 02:43:24 +0000 2017,"@AppleSupport Yes, I’ve made sure the BMW is updated. It has worked fine for 6mo. This problem directly coincides to iOS11. Problem began happening w/my iPhone 7 after updating it. I’ve since changed to iPhone 8 and problem continues to happen. No other Bluetooth devices.",@137402 Thank you. Do you have any other Bluetooth devices that we can connect to the iPhone to test?
2924645,809263,Wed Nov 29 03:15:11 +0000 2017,@AppleSupport ios 11.1.2,@809263 Okay. Now please join us in DM so we can further assist you with this: https://t.co/GDrqU22YpT
2924680,809270,Wed Nov 29 18:14:10 +0000 2017,@AppleSupport I've tried this all and still no result ):,@809270 Let's take this conversation to DM.  Has it been 24 hours since you tried signing onto Messages on your Mac?
2925664,691557,Wed Nov 29 03:04:57 +0000 2017,This will be the 3 time in one day my screen keep booting or freezing @115858 @115858 @AppleSupport https://t.co/UC7QFHftTe,"@691557 We can certainly take a look at this with you. Is this happening while you are using the iPhone, or when you try to turn it on? Are you using certain apps or features when it happens? Let us know in DM. https://t.co/GDrqU22YpT"
2926500,809698,Wed Nov 29 03:46:37 +0000 2017,Thanks @AppleSupport dead air now after waiting 15 mins https://t.co/3QS8QUcvjU,"@809698 We're here for you! Please DM us, and we'd be glad to help. https://t.co/GDrqU22YpT"
2927150,809846,Wed Nov 29 04:09:10 +0000 2017,@AppleSupport Hi. Is there a way I can get my phone to stop changing it to I.T. I will never use I.T. My iOS is updated.,@809846 Happy to help look into this with you. DM us and let us know what model iPhone you have. https://t.co/GDrqU22YpT
2928463,810154,Tue Nov 14 18:44:58 +0000 2017,@115858 @AppleSupport so when y’all gonna fix the “I” thing. Cause I’m tired of seeing this damn “A” and question box. Get it together.,"@810154 Thank you for reaching out to us. We know how important it is to have this resolved as quickly as possible. To start, have you updated your device to 11.1.1? You can back up and update your device by following  these steps: https://t.co/80YRnjDFDk"
2939044,812337,Tue Oct 31 19:39:27 +0000 2017,@AppleSupport why do I keep seeing question marks if I updated my phone?,"@812337 We'd like to look into this with you. Please send us a DM, and we'll investigate this together. https://t.co/GDrqU22YpT"
2940397,226647,Wed Nov 29 04:36:16 +0000 2017,"@AppleSupport g'day apple, all my messages apps on my computers are not working today. anything going on? using high Sierra on new MacBook pros. cheers","@226647 Hello there. We're glad you took the time to reach out. We can definitely look into this with you. 
Can you tell us what's happening specifically when you attempt to use Messages?"
2940400,812660,Wed Nov 29 19:19:36 +0000 2017,@AppleSupport iPhone 6S  IOS 11.1.2,"@812660 Thanks for confirming. This is expected behavior. However, you can submit product feedback about this at  https://t.co/eTPVYVFyd8 If there's anything you need in the future, reach out. We'll be happy to help."
2942125,471648,Wed Nov 29 07:02:52 +0000 2017,.@applesupport um hi my camera on my iPhone X has this purple line and it won’t go away https://t.co/ym4aukW0Cf,@471648 Thanks for reaching out to us. We are always happy to help. Send us a DM so we can look into this issue with you there. https://t.co/GDrqU22YpT
2942191,812878,Wed Nov 29 05:57:13 +0000 2017,"@AppleSupport could u just focus on a clean update for your IOS system before i break my iPhone 6 ? Bluetooth wifi navigation all not working properly becuz of your stupid system, RIP steve jobs 😓","@812878 We're happy to see how we can help. You mentioned your Bluetooth, Wi-Fi, and navigation are not working, could you let us know a little more about that?"
2943348,813139,Wed Nov 29 07:29:49 +0000 2017,"@AppleSupport hi, my new iPhone won’t back up as I don’t have enough storage, but I’m only using 3.5gb of my available 5? https://t.co/JPJ0S2frB1",@813139 This page can help: https://t.co/Lr8zUtw9ls You may need to delete an older backup.
2943365,230987,Wed Nov 29 08:04:54 +0000 2017,@AppleSupport who would I contact for ItunesConnect for artists ?,@230987 We can help with that. Check out the following link for further information and assistance with iTunes Connect: https://t.co/myULYUfP1j
2943370,813146,Wed Nov 29 07:07:01 +0000 2017,Dear @AppleSupport I just updated my MacBook to #HighSie629838,"@813146 Thanks for reaching out. We appreciate your concern. We have a workaround that will ensure you're secure. Please follow the steps in this article under ""Change the root password"" and set a strong password for your root user: https://t.co/rzXIIXwfqG https://t.co/GDrqU22YpT"
2943379,809705,Wed Nov 29 07:12:27 +0000 2017,@809706 @AppleSupport Unbelievable I just got home and it’s not fixed. iMessage still not able to send on iMessage app via mac,@809705 We want to take a closer look. What happens when you send iMessages using your Mac? Do you receive an error? Please DM us and we'll continue there. https://t.co/GDrqU22YpT
2944436,813384,Wed Nov 29 17:13:50 +0000 2017,@AppleSupport I have updated yesterday to the iOS 11.1.2,@813384 Thanks for letting us know. Would you please meet us in DM to continue to work on this. https://t.co/GDrqU22YpT
2944523,399313,Wed Nov 29 22:17:19 +0000 2017,@AppleSupport iCloud and I backed my phone up before I reset it and I only reset it because my phone was moving very slow since the new update.,@__ssunnii__ Thanks. How did you reset your iPhone? DM us with details here:
2944528,813408,Wed Nov 29 09:37:57 +0000 2017,"@115858 et @AppleSupport, vous êtes insupportable avec vos mise à jours et la médiocrité de vos batteries sur #iPhone .. 🤬",@813408 We offer support via Twitter in English. Contact us for help in your preferred language here: https://t.co/IBIY3vMgPj
2945676,813656,Wed Nov 29 13:19:36 +0000 2017,how can i remove the payment info in my phone??? huhuhu @AppleSupport,"@813656 Are you referring to the payment information attached to your Apple ID, saved in your iCloud Keychain in Safari, or through Apple Pay?"
2945685,710057,Wed Nov 29 15:55:14 +0000 2017,@AppleSupport Updated. Still happens,"@710057 Do you know if this type of behavior occurs with other video content, or does it only occur in the specific app? Have you tried uninstalling and reinstalling the app to see if that helps?"
2945691,813658,Wed Nov 29 13:15:50 +0000 2017,@115858 @AppleSupport all of the photos on my camera roll got deleted! Are you serious I’m so annoyed!!! About 1 hour ago they were all there now gone! 🤬😡 #Apple,"@813658 Hey there. We've received your DM, and will be following up with you there. Be on the lookout for our reply."
2945717,813669,Wed Nov 29 13:08:44 +0000 2017,@AppleSupport i cant save gif on twitter anymore.... why.....,@813669 We'd like to look into why you're having issues saving GIFs on Twitter. Could you let us know what device and OS you're having this issue on and if any changes have been made just prior to this happening?
2945818,464355,Wed Nov 29 11:30:59 +0000 2017,@AppleSupport cheers for putting the phone down on me. No wonder I never bother getting in touch #movetoandroid,"@464355 We're here for you and want to help in any way we can. Send us a DM, and we'll go from there: https://t.co/GDrqU22YpT"
2946998,813955,Wed Nov 29 16:14:05 +0000 2017,"@AppleSupport every single thing that was downloaded to my phone and every song added to my library in over a year is no longer in my phone library. this has happened before, probably just a glitch in my phone. just really frustrating",@813955 Are you an Apple Music subscriber? Please meet us in DM with that answer. You can reach us at the link below. https://t.co/GDrqU22YpT
2947002,813956,Wed Nov 29 15:12:41 +0000 2017,@AppleSupport i dropped my phone and now the back camera doesn’t work help :(,@813956 That's not good to hear. We want to see how we can help you with support options. Send us a message with your country in DM at the link below to get started. https://t.co/GDrqU22YpT
2947004,813957,Wed Nov 29 16:17:41 +0000 2017,"@AppleSupport yes, iTunes responds to the keyboard buttons in SAFE MODE. Thanks.","@813957 Excellent! After restarting normally, does the keyboard work as expected with iTunes? Let us know in DM. We'll meet you there. https://t.co/GDrqU22YpT"
2947034,257995,Wed Nov 29 16:37:14 +0000 2017,"@AppleSupport Tried on both of these, but nothing seems to be working unfortunately.",@257995 Thanks for letting us know. Please send us a DM so we may better assist you. https://t.co/GDrqU22YpT
2947048,813969,Wed Nov 29 14:20:08 +0000 2017,@AppleSupport how am I to reset my Apple ID password using my alphanumeric iPhone 7 Plus passcode when your screen only shows numbers as an option? https://t.co/Ywyxy1MlAn,@813969 We'd like to see what we can do to further assist. DM us and we'll continue from there. https://t.co/GDrqU22YpT
2947097,150992,Wed Nov 29 14:00:17 +0000 2017,@AppleSupport why does my Photos app keep crashing? #macOSHigh Sierra #sigh https://t.co/S8dlSq7SOq,"@150992 Let's work together to see what's going on. 

Do you use iCloud Photo Library? When the app becomes unresponsive, is there anything in particular it's working on? Editiing, adding photos, uploading, etc."
2948201,814240,Wed Nov 29 16:19:46 +0000 2017,"@AppleSupport my 15"" macbook pro has a weird popping sound",@814240 Thanks for reaching out. We'd like to look into this further with you. Would you send us a DM and let us know when you hear this sound? Thank you! https://t.co/GDrqU22YpT
2948201,814240,Wed Nov 29 16:19:46 +0000 2017,"@AppleSupport my 15"" macbook pro has a weird popping sound",@814240 Thanks for reaching out. We'd like to look into this further with you. Would you send us a DM and let us know when you hear this sound? Thank you! https://t.co/GDrqU22YpT
2948210,351653,Wed Nov 29 16:25:33 +0000 2017,What the heck again @AppleSupport ? I still have 28GB of iCloud https://t.co/qqJlj8yqnO,@351653 Thanks for reaching out. DM the country or region where you are currently located so we can help. https://t.co/GDrqU22YpT
2948220,814246,Wed Nov 29 16:21:45 +0000 2017,@AppleSupport I’m trying to update my iTunes but keep getting this error. Could you help? https://t.co/IMmkc9fSX0,@814246 Absolutely. Help is here. Check out this link to get this resolved:  https://t.co/KsXnANVRUK Let us know if that does the trick to get iTunes updated and installed.
2948255,368505,Wed Nov 29 15:56:51 +0000 2017,Is anyone else having issues with their iPhone 6 where all older photos were automatically downloaded to iCloud and you can no longer send them in I message? @AppleSupport how do I fix?,@368505 Let's work on your photos together so you can view and send them again. Are you currently on Wi-Fi or cellular? Does this issue happen on both network types? Have you tried connecting to another Wi-Fi network?
2948295,814266,Wed Nov 29 16:02:33 +0000 2017,Yo @AppleSupport I have been trying to recover my account since nov 20th and cannot access my account whatsoever and cant use my phone help,@814266 We'd like to help! Are you referring to recovering your Apple ID?
2948298,814267,Wed Nov 29 15:28:57 +0000 2017,When tf r they gone fix this shit that makes the “I️ “ look weird I’m so tired of I️t @AppleSupport,"@814267 We've released an update that includes a fix for autocorrect issues. Be sure to back up your device prior to updating, and let us know if the issue persists afterwards."
2948322,814274,Wed Nov 29 14:56:54 +0000 2017,Siri not working in macbook air aftr downloading mac ios serra @115858 @AppleSupport how to resolve this problem?,"@814274 Siri is an important piece of the Mac experience, and we'll do all we can to help. Let us know what macOS version number is installed, you can find that by going to Apple () menu &gt; About This Mac."
2948332,814275,Wed Nov 29 15:38:49 +0000 2017,This autocorrect from it to I.t is driving me crazy! Please fix this @AppleSupport @115858,"@814275 We're here for you. Let's go to Settings &gt; General &gt; About, and provide us with the current software version. We'll take it from there."
2948340,814276,Wed Nov 29 17:13:06 +0000 2017,@AppleSupport I already have that on,"@814276 Great. In iTunes on your computer go ahead and make sure iCloud Music Library is also turned on, then refresh by going to File &gt; Library &gt; Update iCloud Music Library."
2948360,676236,Wed Nov 29 16:31:46 +0000 2017,@AppleSupport 11.1.1,"@676236 Thank you for the quick response. We recently released an iOS update, 11.1.2. Let’s be sure to back up your device prior to updating. Once updated, let us know what happens when you go to type “it.” Here’s how to back up: https://t.co/4f8hwT5to6"
2948380,727162,Wed Nov 29 15:15:55 +0000 2017,"@AppleSupport since I updated, I can’t use my fingerprint to install apps or make purchases. It’s really annoying having to enter my password all the time. And yes, I checked my settings","@727162 Let us help with that. To start, send us a DM and tell us what device you're using? We'll pick it up from there. https://t.co/GDrqU22YpT"
2948389,814287,Wed Nov 29 14:44:46 +0000 2017,What should i do when this happens? My earpod is not even plugged in and i cant use my speaker now @AppleSupport https://t.co/6g1rIB0PLE,"@814287 We know how important it is to have your device working as expected, and we’ll do everything we can to help you out with this. Can you tell us how long you have been having this issue? Also, which device and software are you using?"
2949538,814559,Wed Nov 29 16:59:55 +0000 2017,@AppleSupport 11.1.2 https://t.co/afon9Nlxll,@814559 Thank you! Let's get to DM for our next steps. https://t.co/GDrqU22YpT
2949540,814559,Wed Nov 29 16:48:04 +0000 2017,@115858 @AppleSupport why can’t call nothing with my iPhone X when my phone is hot ? fuck this bug !! I need reboot all time,@814559 We want to help. Can you tell us which iOS version you have? Settings &gt; General &gt; About will tell you. Let us know in DM: https://t.co/GDrqU22YpT
2949549,814560,Wed Nov 29 23:32:02 +0000 2017,@AppleSupport still not working,@814560 Got it. Let’s go ahead and continue to look into this in DM: https://t.co/GDrqU22YpT
2949555,501932,Wed Nov 29 16:55:57 +0000 2017,@AppleSupport It’s my downloaded music which makes no sense even more ... I’m updated to 11.1.2... says I’m fully up-to-date...,"@501932 Thank you for that information. Are you using headphones when this happens, or does it happen when you receive notifications? Send us a DM, and we'll continue working with you there. https://t.co/GDrqU22YpT"
2949558,501932,Wed Nov 29 16:16:16 +0000 2017,If @115858 could fix their #AppleMusic app so that it doesn’t randomly pause our music that would be great.. especially since it’s like the most expensive option for us @AppleSupport users... #SoAnnoying #IPayTooMuchForThisToBeAnIssue! 😡😡🤬🤬😡😡,"@501932 We certainly want you to be able to enjoy your music! Which version of iOS 11 have you updated to? Is this music downloaded for offline listening, or streaming?"
2949577,474197,Wed Nov 29 16:50:44 +0000 2017,Anyone experiencing iOS 11.1.2 battery issues upgrade to iOS 11.2 yet? Any noticeable improvements? @AppleSupport,@474197 Having a reliable battery is important and we can help. Send us a DM of what you're experiencing and we'll look into this with you. https://t.co/GDrqU22YpT
2950898,814877,Wed Nov 29 17:26:12 +0000 2017,@AppleSupport my laptop won't turn on its been sitting like this for an hour and a half now I even tried shutting it  down turning it back on and didnt work 😭 https://t.co/q0XbJ6YyRD,@814877 We want to help out. Have you tried booting into safe mode? https://t.co/PQ4LSYhUTY
2950905,655071,Wed Nov 29 17:34:40 +0000 2017,"@AppleSupport I saw an activation message come up yesterday when I unboxed my phone, and I clicked set-up later, now I can't see what I need to do to activate it!",@655071 Let's see if the information here helps you get activated: https://t.co/ywHIZGN4Ac
2950927,740159,Wed Nov 29 17:13:04 +0000 2017,@AppleSupport update not live on macOS 10.13.2 beta 5. Is it rolling out that slowly?,@740159 We're glad you asked. Your privacy and security is one of our biggest priorities. Are you a public beta user or developer? Let us know in DM.
2950991,237227,Wed Nov 29 17:54:07 +0000 2017,"@AppleSupport cable and power adapter and yes, it still vibrates while it’s on the charger",@237227 Thank you for that information. Let us know what happens when you try the following: Test the power adapter in another power outlet. Try using another lightning cable with the same power adapter. Connect the iPhone to the USB port of a computer with the first cable.
2952382,815213,Wed Nov 29 18:07:03 +0000 2017,@AppleSupport An iPhone X model A1901,@815213 Thank you for confirming that for us. Could you please also confirm what iOS version you're running?
2952388,673606,Wed Nov 29 18:46:03 +0000 2017,@AppleSupport Try again later. This is the whole day through,@673606 We'd like to make sure you get to the correct group for this type of issue with Photos. Click this link and follow the prompts for App &amp; Software help: https://t.co/IBIY3vMgPj
2952389,673606,Wed Nov 29 17:45:26 +0000 2017,@AppleSupport Another problem. I made the photo approval on my phone and MacBook but I can’t sent those photos from my phone and I don’t see them on my MacBook. I did all from here: https://t.co/YgCVCzrJuO https://t.co/rWyxGrwlow,"@673606 We'll be glad to help you. Since we offer Twitter support in English, can you translate what the message says when you try to share the photo?"
2953761,170957,Wed Nov 29 19:15:09 +0000 2017,@AppleSupport Still not working :(,"@170957 Do you have iCloud set up on your iPhone? If yes, please sign out and reset the Keyboard Dictionary a second time. Then, restart your iPhone again and test for the same issue.

Please keep us posted on what you find out in DM here: https://t.co/GDrqU22YpT"
2953761,170957,Wed Nov 29 19:15:09 +0000 2017,@AppleSupport Still not working :(,"@170957 Do you have iCloud set up on your iPhone? If yes, please sign out and reset the Keyboard Dictionary a second time. Then, restart your iPhone again and test for the same issue.

Please keep us posted on what you find out in DM here: https://t.co/GDrqU22YpT"
2953833,815545,Wed Nov 29 18:42:40 +0000 2017,"@AppleSupport iPhone 6, downloaded the recent update, phone started doing things by itself such as typing random letters all the time, also phone is sometimes non responsive half way through using it","@815545 What apps are you using when this issue occurs? Also, what steps do you take in order to bring back your device to function normally again?"
2953847,815549,Wed Nov 29 18:01:48 +0000 2017,"@AppleSupport iPhone 8 screen keeps switching on and stays on while charging, until power button is pressed?","@815549 We'd like to look into this with you. Send us a DM with more information, and the iOS version your iPhone is currently running. We'll meet you there. https://t.co/GDrqU22YpT"
2953862,462205,Wed Nov 29 18:02:44 +0000 2017,@AppleSupport Still have problem with mail signatures. Sent you a dm https://t.co/MgDYFldjT9,@462205 We have received your DM and look forward to helping you from there.
2955445,815841,Wed Nov 29 18:52:44 +0000 2017,@AppleSupport That does not work. I can connect to Apple Music and play music but I cannot enable iCloud music library.,@815841 Thank for trying those steps. We want to make sure we are helping the best we can. Let's meet in DM and work on this together. https://t.co/GDrqU22YpT
2955447,815841,Wed Nov 29 18:35:07 +0000 2017,"@AppleSupport Trying to set up a new iPhone but keep getting ""Your iCloud Music library is temporarily unavailable. Please try again later"" error. Any ideas?",@815841 Thanks for contacting us. We know it's important to enjoy your music. We'd like to help out. Let's try the steps here: https://t.co/yoNhV7Et2A Please let us know if these steps help.
2955457,815845,Wed Nov 29 18:38:23 +0000 2017,@AppleSupport I ordered a new pair of earphones a good week ago and still haven’t received them? Please help,"@815845 We're here to help! Did you order these as a replacement, or did you order a new pair from the Apple Online Store?"
2957109,629072,Wed Nov 29 19:24:15 +0000 2017,@AppleSupport iPhoneX,@629072 Got it. Would you mind please joining us in DM and letting us know your iOS version as well? You can check in Settings &gt; General &gt; About &gt; Version. https://t.co/GDrqU22YpT
2958708,816599,Wed Nov 29 19:59:38 +0000 2017,@AppleSupport My iPhone is not notifying anything!!!!!!! what do I do?,"@816599 We want you to be able to receive your notifications, and we'll do all we can to help. To get started, may we know what type of iPhone you have and what iOS version is being used?"
2958720,816602,Wed Nov 29 19:52:46 +0000 2017,@AppleSupport oi libera a atualizado do sistema pra parar esse bug de não aparecer notificações pfvr,"@816602 Since our Twitter support is available in English, get help at https://t.co/IBIY3vMgPj or join https://t.co/pvaOFfPbjt"
2958745,816606,Wed Nov 29 19:53:11 +0000 2017,"I'm sure this is not legit, but I just want to make sure. Please help! @AppleSupport https://t.co/vH2jbSkiW0",@816606 We can help. This is a phishing attempt. We'd recommend looking through the following resource for tips on identifying and reporting this type of message: https://t.co/LNMCdqt6fD
2958759,364007,Wed Nov 29 19:55:04 +0000 2017,@AppleSupport Only found 4 contacts on iCloud 😐,@364007 Let's go to Contacts and click on Groups in the upper left corner. Tell us if you see any of your contacts in any of those groups.
2958762,364007,Wed Nov 29 20:22:06 +0000 2017,@AppleSupport They seem to have to reappeared 8 hours later. Thanks though!,@364007 We're happy to hear that you have your contacts now. Please let us know if we can be of any further assistance. Enjoy your day.
2960135,240578,Wed Nov 29 20:15:50 +0000 2017,@AppleSupport Can I trade in two older iPhones at the Apple Store in order to afford a new iPhone? Thanks!,"@240578 For questions regarding the purchase of a new iPhone, contact our Sales team here: https://t.co/RmFSlCBcIE"
2962819,442502,Wed Nov 29 22:15:08 +0000 2017,@AppleSupport And it’s across all applications.,"@442502 Thanks for confirming. Go ahead and send us a DM, and we'll continue working together there. https://t.co/GDrqU22YpT"
2962822,817550,Wed Nov 29 21:49:57 +0000 2017,"@AppleSupport Regarding these instructions from the link you sent, at the moment when dragging the app to the top left/right it is not turning into split view. Only had this problem since recent update. https://t.co/jdT4pIrDeP","@817550 Okay got it.  Look and see what iOS version you are running under Settings &gt; General &gt; About.  Have you restarted since the last update? 
https://t.co/OWRDHWSt4h"
2962831,305612,Wed Nov 29 21:01:16 +0000 2017,@AppleSupport these are my downloaded DRM free mp3 tracks I want it transferred from my Mac to my iPhone.,@305612 We'd be happy to help. Are you syncing these songs via iTunes?
2962847,817555,Wed Nov 29 21:40:23 +0000 2017,"@AppleSupport It's low priority, spotted yesterday but happens today. Downloading an app requests password, close pw request and retry, app begins to download.",@817555 We'd start off by suggesting you look into updating to iOS 11. That would be our first step. You can find more info on how to update here: https://t.co/80YRnjDFDk
2962933,817576,Wed Nov 29 21:30:56 +0000 2017,@AppleSupport Hey thanks ! Any possibility they eliminate the extra swipe &amp; allow that to be on the “main” display ? Thanks for the quick response!,@817576 You're most welcome. We appreciate your interest and encourage you to stay up to date on Apple news here: https://t.co/gbIPLOsnZd
2962933,817576,Wed Nov 29 21:30:56 +0000 2017,@AppleSupport Hey thanks ! Any possibility they eliminate the extra swipe &amp; allow that to be on the “main” display ? Thanks for the quick response!,@817576 You're most welcome. We appreciate your interest and encourage you to stay up to date on Apple news here: https://t.co/gbIPLOsnZd
2965366,818119,Wed Nov 29 22:41:06 +0000 2017,"@AppleSupport Yes. No progress whatsoever. Received iMessages come in on my iPhone but not iPad, outgoing iMessages on the iPhone are fine, but get a 3/4 bar for minutes then a “Not Delivered” on the iPad. Again, no changes were made to the iPad. Internet connectivity on iPad is otherwise fine",@818119 Got it. Let's meet in DM. https://t.co/GDrqU22YpT
2965367,818119,Wed Nov 29 22:28:48 +0000 2017,"@AppleSupport Getting really frustrated. iMessage works fine on iPhone, worked fine on iPad, stopped working randomly yesterday on iPad. No changes to anything. Tried relogging to my account, restarting iPad, updating to latest iOS, deleting threads with “Not Delivered” - nothing",@818119 We want to help. Have you tried these steps? https://t.co/2hgNQH8Vvq
2965377,818123,Wed Nov 29 22:27:11 +0000 2017,"@AppleSupport Just updated and installed over the weekend, finished a couple of iMovie projects and then shutdown. Booted it up tonight and found the video. Haven’t tried another monitor yet.","@818123 No worries, thanks for explaining. Does restarting change anything? If not, let's perform an NVRAM reset that can help with video issues. This link goes over this reset, and how to perform it: https://t.co/sf0JEbUJVS"
2965427,818135,Wed Nov 29 22:06:50 +0000 2017,@AppleSupport my iPhone 7 Plus appears to have bent...,@818135 We'd like to take a look. What country are you currently located in? This will help us provide the best support options.  Let us know in Direct Message. https://t.co/GDrqU22YpT
2965435,818138,Wed Nov 29 23:59:02 +0000 2017,"@AppleSupport Which I understand, if i purchased a phone with 11GB of storage. I purchased extra icloud storage, can this not be kept there?","@818138 No, but we can try a few things that could help. Would you happen to have access to a computer with iTunes installed? Meet us in a DM, we'll pick it up from there. https://t.co/GDrqU22YpT"
2966594,818418,Wed Nov 29 22:45:31 +0000 2017,@AppleSupport I recently updated my Mac and now I can’t seem to figure out how to import photos off of my iPhone.  Help is appreciated!,@818418 We're here to help. Transferring your photos to your Mac can be a good idea in order to free up space on your iPhone. Take a look at steps to take in order to import the photos from the iPhone. https://t.co/cunnMvKIWD
2966608,818422,Thu Nov 30 04:07:48 +0000 2017,@AppleSupport On holiday in New York so walk not done before and total was from whe. We left the hotel until when we got back so distances should have been almost identical,@818422 We appreciate your time working with us. Let's partner up in DM to begin resolving this issue. We hope to hear from you soon. https://t.co/GDrqU22YpT
2966612,818423,Wed Nov 29 22:46:25 +0000 2017,@AppleSupport why can’t I share my Apple Music playlists like I used to https://t.co/HyZVerD4xy,@818423 Hi there; we appreciate you reaching out to us to resolve this matter. Let's partner up in DM and go from there. https://t.co/GDrqU22YpT
2967844,818713,Wed Nov 29 23:26:24 +0000 2017,@AppleSupport I paid good money for this phone,@818713 We are always happy to assist you here. Let us know what issues you are seeing on your device there.
2968972,818975,Thu Nov 30 00:13:19 +0000 2017,@AppleSupport That didn’t work. It’s still doing it. https://t.co/rx6rUBTXdM,"@818975 No worries. Next, we'd like to be sure that you have a current backup of your iPhone data. Please follow these steps to locate or create a backup: https://t.co/vU7gSUiOfd
DM us when you are ready to proceed, and let us know the country you’re located in. https://t.co/GDrqU22YpT"
2969001,818981,Wed Nov 29 23:57:03 +0000 2017,Hey @AppleSupport why did my 7's battery go to complete shit after the latest iOS update?,@818981 We'd like to work with you on this. How long ago did you update your iPhone? Which iOS are you running on your iPhone?
2970206,529964,Thu Nov 30 00:23:10 +0000 2017,@AppleSupport can you help me please? I’m trying to log into my Apple I.d but it’s not working,"@529964 Hi, we appreciate you reaching out to us to resolve this matter. Let's partner up in DM and go from there. https://t.co/GDrqU22YpT"
2970208,819279,Thu Nov 30 00:28:45 +0000 2017,"@AppleSupport ever since the iOS 11 update my phone has been heating up and crashing constantly, the battery drain is amazing too, i only get 1.5-2 hrs of screen time, i’m pretty sure this is planned obsolescence, my iPhone SE is only 1.5 years old.",@819279 We'd love to help. Let's take a look at this further for you. Reach out to us in DM. https://t.co/GDrqU22YpT
2971253,819555,Thu Nov 30 01:05:15 +0000 2017,In today’s edition of “WTF Apple Bug” - this just randomly started happening @AppleSupport https://t.co/umYxXoYdke,@819555 We'd like to know more about this issue you're having. Does the spinning on Open happen on all apps from the Updates screen? Have you restarted your iPhone since this started?
2971284,819565,Thu Nov 30 00:53:24 +0000 2017,Huh. I think @applesupport got the time wrong...didn’t realize the Genius Bar did mid-night repairs. #instagram #facepalm https://t.co/4ja1oGssEN,@819565 We'd like to have a closer look at what is going on with your reservation. DM us and we'll go from there. https://t.co/GDrqU22YpT
2972431,499894,Thu Nov 30 01:44:45 +0000 2017,"@AppleSupport Yes. Mostly certain apps, but weird things happen too.  For example the other day apps were missing from my screen. I could swipe either direction and they’d be gone. I locked it and they came back. Resetting always works","@499894 For the apps you're noticing this with, have you restarted them as well? This link shows how to close them: https://t.co/RqqIctrDWV"
2972450,819831,Thu Nov 30 01:29:49 +0000 2017,@AppleSupport Yes. I have rebooted and also logged out of my account. The unauthorized and authorized the computer again.,"@819831 Those are all great steps. Just to confirm, when you say that you rebooted, do you mean restarting the computer itself?"
2972468,819835,Thu Nov 30 01:22:50 +0000 2017,@AppleSupport I have 11.1.2,"@819835 Are you seeing the error when typing your own messages or viewing other people's messages? Please know for messages from others to not show the issue they would need to fix things on their end. If this is occurring in your own messages, join us in DM. https://t.co/GDrqU22YpT"
2973419,820051,Thu Nov 30 02:10:22 +0000 2017,"@AppleSupport 11.1.2. It’s been doing it since iOS 10. 
She says “You’ll have to unlock your iPhone first”.",@820051 Let’s try toggling “Allow Siri when Locked” off and back on. This step can refresh the setting for us. Let us know the results in DM. https://t.co/GDrqU22YpT
2973434,820054,Thu Nov 30 01:52:12 +0000 2017,"@AppleSupport Yes, I do have one more, meaning I have to reset Watch and do it all over again? Thanks 🙏",@820054 Correct.
2974435,820329,Thu Nov 30 02:41:10 +0000 2017,@AppleSupport my iPhone,"@820329 No worries. We've got you covered. Have you tried the steps here? https://t.co/2hgNQH8Vvq

If those don't resolve your issue, join us in DM with the link below by sending your iOS version from Settings &gt; General &gt; About. https://t.co/GDrqU22YpT"
2974458,820334,Thu Nov 30 02:09:56 +0000 2017,@AppleSupport how come everytime I go to type I.T &lt;—— this happens ? #GiveMeMyITBack,@820334 Hi there. Let's work together and get this resolved. Please DM and tell us what version of iOS you se under Settings &gt; General &gt; About &gt; Version. We'll meet you there. https://t.co/GDrqU22YpT
2975480,820613,Thu Nov 16 02:16:44 +0000 2017,@115858 @AppleSupport know anything about this?,@820613 Hello. We are here to help. Can we have your specific iOS version? Go to Settings &gt; General &gt; About. Thanks
2975501,820621,Thu Nov 16 02:50:13 +0000 2017,@AppleSupport Loving my new iPhone 8 but would you know why my ringtones and text tones won’t work even tho it’s not on mute and my vol is all the way up?,"@820621 We want to make sure that you get those calls and messages as soon as they come in. Just to be on the same page here, are you using the ringtones that came on your iPhone, or ones that you added? Tell us more in DM. https://t.co/GDrqU22YpT"
2975686,820669,Thu Nov 30 02:37:54 +0000 2017,TrueDepth camera stopped working on my iPhone X out of nowhere.......2 Weeks with the phone and already malfunctioning for real Apple? A $1000 dlls phone and no fix?....... so much for the future now  @115858 @AppleSupport @128511,@820669 That's not what we'd like to hear about your experience with your new iPhone X. Let's figure out the best solution here to getting this fixed. What are you seeing when trying to use the front camera? Does Face ID work for unlocking your iPhone? Let us know in DM. https://t.co/GDrqU22YpT
2975704,545253,Thu Nov 30 02:28:50 +0000 2017,"@AppleSupport I can’t find a way to merge two different moments in Photos for Mac. Possible?

It’d be great for events that split before/after midnight but go together.",@545253 We'd like to help with this. Our Photos experts are here for you:  https://t.co/IBIY3vMgPj
2975709,820676,Thu Nov 30 02:33:10 +0000 2017,"@AppleSupport im from ph, do I need to travel all the way to Singapore to repair my iphone 7’s screen? The representative told me so. Just want to double check. Thank you!",@820676 We'd be happy to discuss your service options in your region. Please DM us with details about your iPhone 7's screen to get started. https://t.co/GDrqU22YpT
2975801,421035,Tue Oct 31 19:56:10 +0000 2017,"@AppleSupport To clarify: they're missing from iPhone and Apple Watch, but still appear on iPad and laptop. Please help.",@421035 We'd like to look into this with you. Let's start with your iPhone. Is iCloud Music Library on? Check here: Settings &gt; Music.
2975824,820706,Tue Oct 31 20:03:57 +0000 2017,"@AppleSupport hola, favor su ayuda para localizar un iPhone robado. Muchas gracias",@820706 We offer support via Twitter in English. Get help in Spanish here: https://t.co/IBIY3vMgPj or join https://t.co/OczyRx7IOs
2976620,820919,Thu Nov 16 14:21:10 +0000 2017,"@AppleSupport iPhone SE an absolute nightmare after iOS 11.1.1. Turns off randomly, apps crashing, &amp; just unreliable!","@820919 Thanks for reaching out to us for support. That is certainly not the experience that we wanted you to have with your device, and we are going to do everything we can to help you. When you have a free moment, please DM us so that we can look into this together. https://t.co/GDrqU22YpT"
2977084,536289,Thu Nov 16 19:48:57 +0000 2017,"Holy shit Apple, stop deleting everyone’s documents and downloads when iCloud Drive fails for any reason!  @AppleSupport @115858 @115858",@536289  We'd like to look into this with you. Can you let us know the devices you are using with iCloud Drive? Send us a DM to get started. https://t.co/GDrqU22YpT
2977194,821076,Thu Nov 16 21:10:28 +0000 2017,@AppleSupport Looking for some help. Upgraded phone and now cannot turn Bluetooth on/off. Therefore can’t pair watch/upgrade watch. Watch is now rendered useless.,@821076 Thanks for reaching out.  We know how important it is for Bluetooth to work as expected and we'll do everything we can to assist.  Are you trying to turn Bluetooth on and off from Settings or within Control Center?  Let us know in DM. https://t.co/GDrqU22YpT
2977281,418236,Thu Nov 16 22:44:45 +0000 2017,@AppleSupport It’s been like this for OVER two hours! https://t.co/AjDmbrERMP,"@418236 Updating your Mac is a time-intensive process, but it looks like you're most of the way there! We suggest allowing the installation to run until it completes. If you have any questions, message us in DM, we'll be happy to continue with you from there. https://t.co/GDrqU22YpT"
2977514,821175,Tue Oct 31 20:07:19 +0000 2017,"@AppleSupport I've called about the letter ""I"" issue. Done all the recommended resets. Many people having the same issue. Nothing is working","@821175 Let's work on this together. To start, DM us with the country where you're located. https://t.co/GDrqU22YpT"
2977683,821234,Thu Nov 30 03:29:48 +0000 2017,"@AppleSupport  Ever since U did UR update my Twitter experience has been a nightmare. Nothing is working right. I spend all my time trying 2 correct things &amp; nothing gets corrected. We have 2 phones on 1 account &amp; our photos, memes &amp; gifs became intermingled &amp; I can’t use them.","@821234 Let us help. Are you using their application, or are you visiting their website through a web browser? Send us your answer in a DM, we'll continue there. https://t.co/GDrqU22YpT"
2977702,562596,Thu Nov 30 03:04:12 +0000 2017,"Hey @AppleSupport I can’t raise and lower my volume!! I’ve tried restarting my phone, cleaning the screen cleaning my hands, nothing works!! My beightness and everything else you need to swipe up to bring up works just fine!!! HELP","@562596 We'd like to take a look at this with you. May we ask when you started to notice this? Also, which iPhone and iOS version are you using?"
2977721,389853,Thu Nov 30 03:06:43 +0000 2017,Now my phone has the I.T glitch 🙄🙄🙄 @AppleSupport what’s the fix?,"@389853 We're happy to help ensure your keyboard input shows correctly. The first step would be to make sure your iPhone is up-to-date. If you check Settings &gt; General &gt; Software Update, is there an update? 

If so, back up and install the update: https://t.co/80YRnjDFDk"
2978467,821446,Fri Nov 17 15:53:12 +0000 2017,@AppleSupport I️ thought once I️ updated my phone this auto correction problem was going to stop? https://t.co/y9iMQiFGsg,"@821446 We'll be happy to look into this. We know how essential it is to be able to type without unexpected characters appearing. To confirm, are you running iOS 11.1.2? To check, go to Settings &gt; General &gt; About. Let's dig into this further over DM: https://t.co/GDrqU22YpT"
2978722,821515,Fri Nov 17 17:03:40 +0000 2017,I can’t select a song on Apple Music anymore help me @AppleSupport,"@821515 We'd like to make sure we get your Apple Music playing as expected. In order to do so, we need some information:

Are you running into issues with one song, or multiple songs? 
Do you get an error? If so, what does it say?
Which device and OS version are you using? https://t.co/GDrqU22YpT"
2978728,821518,Fri Nov 17 16:52:53 +0000 2017,"@AppleSupport ?? I’ve tried to pair it with my phone 5 times, and when it finally worked it takes 3 days to update? I cancelled the download now https://t.co/zhkzIMQkZ7",@821518 We're here for you. How long did you allow the download to process before canceling it? Send your reply in DM using the link below. https://t.co/GDrqU22YpT
2979359,821685,Fri Nov 17 21:36:17 +0000 2017,@AppleSupport why is my phone being so slow with the new update???!! it was fine before,"@821685 Thanks for reaching out. Let’s work together to get this addressed. To clarify, how long ago did you update your iPhone? Does this behavior happen with any apps or features in particular? Let us know via a DM. We’ll go from there. https://t.co/GDrqU22YpT"
2980651,822092,Sun Nov 19 12:46:15 +0000 2017,"So i came off YouTube and my battery was on 70% , i scroll through twitter for like a min and it drops to 42? WTF @AppleSupport","@822092 Thank you for reaching out to us. That is not the experience we want you to have with your device. Let's work together to figure out a solution. DM us the type of device you are using, and the iOS your device is running on. https://t.co/GDrqU22YpT"
2980810,621389,Sun Nov 19 16:31:51 +0000 2017,Slightly concerned I just switched my MacBook on to be presented with this message... @AppleSupport #Apple https://t.co/Ox4jaotJHR,@621389 You've come to the right place we know how important it is to have your MacBook starting up. Thank you for the great screenshot. Have you tried any troubleshooting steps so far? Click on restart and send us a DM with the results. https://t.co/GDrqU22YpT
2981040,822203,Sun Nov 19 18:04:32 +0000 2017,"My phone froze for an hour and I accidentally called like 911 like 8 times cause I couldn’t figure out how to force restart my phone. thanks, Apple @AppleSupport 🙄🙄","@822203 Thanks for reaching out. We're sorry to hear about the issues you're experiencing with your iPhone. Just to confirm, were you able to get the issue resolved? If not, DM us which iPhone and iOS version you're using and we'll continue there. https://t.co/GDrqU22YpT"
2981203,822245,Sun Nov 19 19:16:39 +0000 2017,@AppleSupport I just did the update to 11.2 and I hate it and have no cell service now. How do undo the update?? It’s so slow and sludgy.,"@822245 We’ve got your back, go ahead and let us know if you are able to make any progress with these steps. Go ahead and confirm your iOS version number with us in DM. Find it at Settings &gt; General &gt; About. https://t.co/GDrqU22YpT"
2981534,547240,Sun Nov 19 22:38:09 +0000 2017,@AppleSupport when are u going to fix the locking issue with iPhone 8? Ran a fix but the problem is back.,"@547240 We're not quite sure what issue you're having, but we're always ready to help. Please provide us more details about what occurs when locking your iPhone.

Also, which iOS version is installed on it and what 'fix' did you perform on it? https://t.co/GDrqU22YpT"
2982003,822465,Mon Nov 20 03:54:22 +0000 2017,"Hello, how to fix the ""no service"" problem? I already plug and un plug the sim card, airplane mode, and change the card, but still doesnt work sometimes @AppleSupport thanks in advance","@822465 Thanks for contacting us about your device. We know how important it is to have service and we're happy to do everything we can to help. To start, please DM us with the country where you're located and the device model you're using. https://t.co/GDrqU22YpT"
2983152,822632,Tue Oct 31 21:27:15 +0000 2017,@AppleSupport iPhone 6s. I believe it is running a version of iOS 9 because my phone would not let me update further??,"@822632 Thanks for that information. So that we can move forward, can you please DM us? https://t.co/GDrqU22YpT"
2983554,822741,Tue Oct 31 21:01:33 +0000 2017,@AppleSupport What is going on... Xcode 9.1 is not beta anymore... https://t.co/uo9eLjXk4O,@822741 We'd like to be sure you find the best help with this. DM us here: https://t.co/GDrqU22YpT
2983592,820707,Tue Oct 31 21:07:45 +0000 2017,"@AppleSupport we already have the prices for iPhone X here in Brazil, can you guys give us a release date or at least a window?","@820707 We don't have a release date for Brazil at this time, but encourage you to stay updated on iPhone X: https://t.co/im0TWo3JBN"
2985076,823118,Tue Oct 31 21:21:07 +0000 2017,@AppleSupport i FaceTimed my mate everyday and now when I go to ft him it won’t connect but it connects with everyone else????,@823118 DM us using the link below and let us know which device you're using with FaceTime. https://t.co/GDrqU22YpT
2986331,673675,Tue Oct 31 21:43:48 +0000 2017,.@AppleSupport you really need to help me get my 1000 pictures back that just disappeared from my phone,@673675 Thank you for reaching out. We'd like to get you over to our Photos specialists here: https://t.co/IBIY3vMgPj
2986334,823444,Tue Oct 31 21:42:58 +0000 2017,@115233 @115858 @AppleSupport I’ve been seeing these boxes with question marks in them all day. Mad annoying.,"@823444 Meet us in DM and let us know which device you are seeing this on, then we can help out from there. https://t.co/GDrqU22YpT"
2986397,823454,Tue Nov 21 12:10:14 +0000 2017,@AppleSupport is this supposed to happen everytime I try to unlock my phone? iPhone 6 w/ newest IOS https://t.co/dZxhazufio,"@823454 Let's work together to figure out what's going on. To clarify, when you say latest iOS, are you referring to version 11.1.2? Along with that, let us know if you've tried restarting since experiencing this issue. Send over those details via DM. https://t.co/GDrqU22YpT"
2987300,823685,Tue Nov 21 22:10:42 +0000 2017,Travelled over an hour to @115858 Store to get repairs on a £1000 #iPhoneX only to be told too busy and to come back another day @AppleSupport disgraceful way to treat customers.,@823685 We want you to be able to enjoy both your visits to the Apple Store and your new iPhone. Are you seeing issues that we may be able to help with here? We can also help schedule a Genius Bar appointment or look at other service options. Send us a DM to get started. https://t.co/GDrqU2kzhr
2987480,823732,Wed Nov 22 00:27:21 +0000 2017,What does this mean please @AppleSupport ‘cannot use Thunderbolt accessory’ it has popped up on my MacBookPro whilst at was out,@823732 We're happy to look into this with you. Do you have anything plugged in to your Thunderbolt ports when this message pops up? Which version of macOS is currently installed on your MacBook Pro? Let us know in DM. https://t.co/GDrqU22YpT
2987663,823779,Wed Nov 22 03:24:02 +0000 2017,What the fuck @AppleSupport  my phone keeps hanging up calls and showing “call failure” 🤬😡,@823779 We'd like to help. Send us a DM and we can start there. https://t.co/GDrqU22YpT
